,time,INw,OTw,GMv,GMh,AWR,CWR,CEv,PEv,PEw,PEh,RCv,RCh,dxy,SP,Mv0,MvT,aveMv,Mh0,MhT,aveMh,Mw0,MwT,SE,ME,MC,INv_W,OTv_W,INv_E,OTv_E,INv_N,OTv_N,INv_S,OTv_S,INv,OTv,INh_W,OTh_W,INh_E,OTh_E,INh_N,OTh_N,INh_S,OTh_S,INh,OTh,datasource,peroid_unit
0,2000-01-01T00:00:00,155470966039966.22,154374986233740.78,166043370205466.94,33010036611106.188,191244831778315.9,25201461572848.977,12.379,4.703,3.923,23.655,12.519,25.088,1905263155030.123,7808575038257.209,2468681903530.6396,3263731132441.61,3153344611211.4395,84007767665.31454,444573937273.41846,263307196399.3479,2552689671195.954,3708305069715.0283,7868210630550.832,12607654184667.342,20553886290192.766,64575745538516.6,718408439651.6031,3692132526537.291,104199802790619.27,17513484822953.031,15488441210704.19,57317460598711.195,21819100341857.492,143098823486718.12,142225752782832.56,6654202274949.688,25066824770.19485,82430877327.12328,9652142876573.684,1909575314073.7822,1755424900918.719,3725934086897.5127,716598848645.6149,12372142553248.105,12149233450908.213,CRA40,M
1,2000-02-01T00:00:00,157164410581971.3,154247684895529.75,168007471782942.7,36542765410410.586,193592897562451.16,25585425779508.46,14.469999999999999,6.522,5.357,29.985,9.032,21.851,1905263155030.123,10957339630902.123,3263731132441.61,3873845519996.9453,3412723030433.8936,444573937273.41846,420494741891.6996,344011450767.96484,3708305069715.0283,4294340261888.645,8626649136634.168,10739618618878.7,24311253786154.08,51677438103612.46,744796697033.9717,3718101218991.9434,107552498678836.48,8648197522232.718,17837379728543.918,81333736050151.1,13687697372377.299,145377472894988.22,139822372476791.67,5600985016179.279,44512351588.8274,132193524811.36305,11016701326780.705,596934928000.9375,2966967950230.6562,5456824217991.51,397130790137.8726,11786937686983.09,14425312418738.062,CRA40,M
2,2000-03-01T00:00:00,209793943234749.34,195778027812954.06,213021080970105.12,44102377368787.0,243213811567757.66,30192730597652.523,13.461,6.529999999999999,5.41,31.539,10.101,20.921,1905263155030.123,13909646771134.477,3873845519996.9453,6549280864608.421,4532455054217.991,420494741891.6996,341230499567.9153,391128609859.2538,4294340261888.645,6890511364176.336,2489902451626.916,11871480372979.623,28673792017647.625,62639079642016.89,1691351194122.1157,7061602445175.631,133386112419189.98,15818173930643.78,22074298467760.46,109266996607665.34,20646246006776.547,194785852625501.66,177798008087849.1,6761469173930.705,70279603200.59036,235264426644.0066,13853114052526.2,878957531710.7822,3442236541874.0713,7132399476962.184,614389527504.1217,15008090609247.676,17980019725104.98,CRA40,M
3,2000-04-01T00:00:00,301481839328771.25,250632745142827.5,291869258264388.06,75334515779272.78,325911114969122.8,34041856704734.734,19.151,14.148,11.245,54.812000000000005,5.01,9.004,1905263155030.123,41292659074538.05,6549280864608.421,7661100226865.795,6895799702776.075,341230499567.9153,614327051918.5193,516405632768.0796,6890511364176.336,8275427278784.314,-8171519196797.734,11107489204880.691,55895453342630.305,85340021765461.27,2976893937473.8896,10234677943461.234,173804006224252.0,37211655108639.62,20179728310727.184,149597652574134.6,31352076222438.914,282384007391696.7,228312704694891.97,8224630332278.145,148371760581.0931,317762638083.4027,18157470812363.72,2177281852550.6025,2771580436377.37,8378157114162.416,1242617438613.3374,19097831937074.566,22320040447935.52,CRA40,M
4,2000-05-01T00:00:00,378207488890073.0,315952910246868.25,401400519481540.8,117438907361251.66,437123478959135.75,35722959477594.875,23.827,20.358,15.75,69.582,4.087,5.44,1905263155030.123,81715947883656.78,7661100226865.795,14932776143507.004,10773851956246.43,614327051918.5193,932720717610.6547,597464156021.5784,8275427278784.314,15865496861117.658,27051438822785.383,9662113808805.01,95642958042344.75,95535747080321.3,8796034309802.794,24624146774053.426,191861471223040.0,67905339522127.77,32683414795897.816,168960633246582.16,57483864966948.484,357025866623084.6,290824785295689.06,7877515759803.64,395202619393.77454,597671866998.1615,18761620820806.145,3737831733848.914,3736946428719.545,8968602906337.676,2234355082259.7334,21181622266988.39,25128124951179.195,CRA40,M
5,2000-06-01T00:00:00,544384582781617.9,438014750857485.06,576586960065292.0,174524217953519.2,616389351369892.1,39802391304600.06,25.683,23.365,17.936,77.194,3.976,4.54,1905263155030.123,134721826648919.12,14932776143507.004,20192291286136.477,17855501349807.11,932720717610.6547,1194415566007.6636,849410906181.7566,15865496861117.658,21386706852144.14,33873204715812.797,8902373608902.604,148085520051360.3,134719701077181.38,11219954861976.57,30979285790646.008,253668547943916.3,83579822199772.4,86297453710318.97,269599796529469.88,57123192211583.44,518878605597069.6,408309148727795.25,9389344192811.701,442936027594.2258,854274730222.6239,18726492282345.047,2963700730405.4688,6909135367135.9375,12298657531108.428,3627038452614.5767,25505977184548.22,29705602129689.79,CRA40,M
6,2000-07-01T00:00:00,573438713716092.5,430469072236154.5,608942984025943.6,209393823506583.16,643214071655287.0,34271087629343.406,30.28,28.758,21.4,83.633,4.036,4.2,1905263155030.123,175122735877239.75,20192291286136.477,19881364638317.695,22802040586578.92,1194415566007.6636,1245747124054.7954,988498336087.9258,21386706852144.14,21127111762372.492,31893499307530.156,7230221480233.75,184387666176526.25,112043163366711.33,52198790014736.625,104536398000559.17,141119987679491.56,88945255627864.72,148160347026882.2,244102154956908.03,63194828489989.33,549626971952043.25,404673953211099.7,7403503644896.473,2925011394734.5176,4091466664139.3765,10035476113130.31,2640607735466.5044,8256296929560.66,9676163719546.893,4578334587629.341,23811741764049.246,25795119025054.83,CRA40,M
7,2000-08-01T00:00:00,522463896620545.75,381382070714323.8,544879617339279.25,193697119310583.1,579583378428271.8,34703761088992.438,30.995,29.18,21.526999999999997,82.083,3.882,4.569,1905263155030.123,158993358221590.66,19881364638317.695,20955446003641.4,19912077619355.953,1245747124054.7954,1243397118490.2788,976439625190.7468,21127111762372.492,22198843122131.676,18983263675127.97,7119709246932.171,168882755344884.0,135522079070293.45,17236211167442.379,41375645358828.695,206833704253602.0,74149701397115.19,80239636514247.84,247847853952664.12,50731864055461.65,498895279778901.44,355041415990753.9,9208798785172.541,765568501305.971,1214158835759.6611,16025389828509.092,2410885395532.954,6092683465260.457,10734773825179.14,3457012928494.443,23568616841644.297,26340654723569.96,CRA40,M
8,2000-09-01T00:00:00,415772733215578.8,355504446200185.7,463762128817129.56,149055852118598.66,498283009032008.1,34520880214878.53,27.411,24.697,18.69,76.84,3.966,5.076,1905263155030.123,114534971903720.12,20955446003641.4,7713217841764.621,15140505571120.57,1243397118490.2788,329718268899.4936,807440107260.4365,22198843122131.676,8042936110664.114,40110777876859.484,7612450848405.832,127123175872752.47,111829778652830.8,10134015951048.223,26398447164448.43,207200543535616.8,50732255269883.625,73865756179988.58,206122973001060.06,37725419435958.87,395083454088222.9,328925735102612.5,8294856604586.64,462339139812.1726,880124201100.9893,17417538111700.195,2079233682706.3792,6611491235870.062,9435064638961.906,2087342610190.7605,20689279127355.914,26578711097573.19,CRA40,M
9,2000-10-01T00:00:00,251110448988794.03,276246359153960.94,297536194495100.56,45510346204268.94,325301215388522.2,27765020893421.637,11.299,5.9639999999999995,5.173,38.992,12.969,13.153,1905263155030.123,17745325310847.3,7713217841764.621,4637398264364.111,7423576574377.007,329718268899.4936,154524708607.54648,313720652112.3511,8042936110664.114,4791922972971.658,39630222338321.77,10642874801335.652,33620058460253.938,87638803026934.44,3383841823342.9785,12758374665538.727,180203718482846.4,27743811970112.348,40299512199239.66,111408889851093.02,35391665265053.484,239549879513678.53,259278737770482.53,5275351827477.981,74234219796.65091,227265803157.39774,13052093968592.41,1453114623207.173,3207061332032.843,4604837221272.948,634231863056.5203,11560569475115.502,16967621383478.422,CRA40,M
10,2000-11-01T00:00:00,207587206989632.94,212847685271918.75,227079273917488.2,40720738122710.52,258494852061384.6,31415578143896.395,11.584,4.098,3.4750000000000005,22.851,16.035,24.007,1905263155030.123,9305159978814.129,4637398264364.111,3911653654399.283,4973616093293.487,154524708607.54648,423199975262.57605,310256122284.7938,4791922972971.658,4334853629661.8594,14108568917790.152,15007108401500.363,26305204758303.562,88616705096932.14,1285762223367.6882,6599745770711.016,145264405110619.3,21437719769065.88,22462170159155.156,76672027697124.5,27850078011643.156,193326198333833.53,196862415504785.3,8690171197983.086,43679858790.84712,137027886741.84299,12640372955768.078,1736991077320.9543,2529772054649.968,3696818493753.5264,771444897924.5532,14261008655799.412,15985269767133.445,CRA40,M
11,2000-12-01T00:00:00,156847407051067.9,170566114444932.0,181199181764473.75,29217916441411.27,206644506444377.2,25445324679903.426,9.303,2.0820000000000003,1.7930000000000001,12.912,26.262,35.184,1905263155030.123,3772591761507.8438,3911653654399.283,5688504228155.9,3195987841601.242,423199975262.57605,534835900185.20825,178407217093.52258,4334853629661.8594,6223340128341.108,19379785654051.203,12998631876915.34,16856419994188.738,73147004293475.14,800328871893.8491,5190289300623.364,112894791813299.05,23251770384925.49,15279344525760.604,43320046600083.93,29679792331175.65,144909110579107.94,158654257542129.12,7292881315030.288,16155102740.623741,56658475926.7662,9693171030621.178,2696352681880.131,1355064430617.1743,1892403999122.7695,847466338823.9043,11938296471959.955,11911856902802.879,CRA40,M
12,2001-01-01T00:00:00,163737600408594.4,176385505489946.47,187516707386157.66,29593562241472.18,211731937380091.44,24215229993933.77,9.945,2.868,2.477,18.174,17.83,28.442,1905263155030.123,5378332247538.41,5688504228155.9,4912636801263.776,3093404965255.383,534835900185.20825,151083141534.11975,205608049167.32315,6223340128341.108,5063719942797.896,16866617143347.246,11634327211082.004,18648384736265.062,70546462066160.16,650970633752.3916,3928324243405.176,122870090441815.28,15649593613223.521,15951258668396.809,63202878880783.66,24483366104664.32,153327258803572.5,163955685848628.8,5867293752925.436,28710959663.58822,104446303494.17262,10345521025864.63,1489474909315.516,1611306492464.1082,2949126639286.7866,444281163325.316,10410341605021.91,12429819641317.643,CRA40,M
13,2001-02-01T00:00:00,170871283979635.62,172619736867575.97,183967331370962.6,33505154711697.945,210178770229698.53,26211438858735.945,11.664,3.965,3.354,21.769,14.604,26.217,1905263155030.123,7293715852962.001,4912636801263.776,4029761892734.4854,3804211759228.9136,151083141534.11975,395763993660.9872,284550326125.8424,5063719942797.896,4425525886395.473,8403974684499.934,11675686738538.33,21457820737188.742,64820485454391.11,998267498196.7246,5158157234232.086,118828550455901.88,12499063385705.408,19430875699073.035,76497327072331.94,19222055087867.71,158975033146660.53,158479748741039.34,6291934114987.787,48877548867.475296,167203574672.90506,10736623152008.244,1032047878740.5547,2778984510204.187,4405065264573.836,575502915456.7229,11896250832975.082,14139988126536.629,CRA40,M
14,2001-03-01T00:00:00,198821748738377.7,181161080386833.47,202904509712249.0,46347460860399.09,233288136557131.7,30383626844882.68,15.606,7.868,6.404999999999999,34.444,8.571,17.301,1905263155030.123,15963834015516.414,4029761892734.4854,6580881963564.21,4413891013126.534,395763993660.9872,607609307865.3223,371234193548.9971,4425525886395.473,7188491271429.532,1066131049006.2793,13273025843053.969,31665539055814.68,56543575018815.61,1627724608699.227,5335327644061.702,125900901339980.17,18510169315266.6,15602678539558.324,104146518949310.34,21526784204632.367,184535590927454.25,164658088692870.1,6374816643611.872,104345981448.40819,108642121202.0792,12830126313301.652,1201493214429.0146,2614629343154.376,6601205831680.46,953890056058.9478,14286157810923.426,16502991693963.383,CRA40,M
15,2001-04-01T00:00:00,276100225805217.75,245726812879333.78,279238237468315.75,66438564237948.98,311854000307494.4,32615762839178.586,17.281,12.113,9.785,50.908,6.15,10.932,1905263155030.123,33822801398770.39,6580881963564.21,5236097976394.315,6934185048449.804,607609307865.3223,233667631059.4493,513541685020.8725,7188491271429.532,5469765607453.765,1730662808910.6445,12401190091821.977,48256231728884.8,80900977166703.17,3327520419889.185,11833754837083.174,163312427060865.06,33027355511176.844,30032473910132.55,132763415089055.72,29073486372149.82,258525502604018.9,225745907763036.62,7625662122569.869,183342650467.27325,302581709660.95557,14705942604927.646,2123487344181.5046,3776947021945.7505,7522992024786.526,1314672838956.478,17574723201198.855,19980905116297.15,CRA40,M
16,2001-05-01T00:00:00,364906292398858.1,303223060854672.7,381630110333657.56,114632196655517.11,418160603583909.9,36530493250252.33,24.349,20.465,15.738,68.132,3.943,5.859,1905263155030.123,78101703405264.78,5236097976394.315,11125739275732.842,9933091410795.441,233667631059.4493,794231255539.9625,615033268979.7202,5469765607453.765,11919970531272.805,22868676784898.4,10094445508494.871,92923126689469.53,90752335191351.94,5938505318252.275,21113378091620.227,192746414158440.75,59878479671896.52,27323052562720.895,171686697109001.34,51573272329041.27,343430890063870.0,277581244368455.22,8056965203093.443,282333841096.2913,631964122028.8862,20033371919462.945,3409556005290.144,3045582194025.999,9376917004575.656,2280528531632.2397,21475402334988.13,25641816486217.477,CRA40,M
17,2001-06-01T00:00:00,458172232513424.2,364518080019040.3,486760763634440.6,160796169387247.53,521088609632889.9,34327845998449.28,28.38,25.982,19.53,78.65100000000001,3.77,4.709,1905263155030.123,126468323388798.25,11125739275732.842,11182623186196.555,15893987949712.59,794231255539.9625,237270182058.71838,827185195078.6904,11919970531272.805,11419893368255.273,32314093731396.844,7008426019037.446,138142210226556.95,102608200757667.69,17494297175561.463,33726228485964.688,207681244698169.1,75188240285589.69,52833965491194.52,224789835079051.53,59426422856762.125,436312504608273.56,337435930221687.2,7699284285688.1045,762721607820.8828,825278633476.593,18443893322667.055,2649137246263.353,4708009632618.509,10686027739722.578,3167525234246.681,21859727905150.625,27082149797353.125,CRA40,M
18,2001-07-01T00:00:00,533457620175467.0,433548036456782.2,584771105992650.2,171848980305143.28,618393936596251.0,33622830603600.734,25.790999999999997,23.638,18.269,80.435,4.663,4.402,1905263155030.123,138226149701542.55,11182623186196.555,24552697837450.7,20793878176532.797,237270182058.71838,978202919649.6302,817877739760.3959,11419893368255.273,25530900757100.33,52427573371702.8,8498354224825.304,150816645157543.22,140506530952709.55,36941344113153.164,67867478425763.03,172129390473371.72,77153702390699.72,125572459650543.0,227134843440753.38,74758568760588.48,512662555209925.6,409401762997656.4,8516536178019.131,1730587280615.0503,1948799227448.066,10839297056197.145,2068148341822.478,6835271861880.232,8261581218251.68,4741117260433.361,20795064965541.35,24146273459125.79,CRA40,M
19,2001-08-01T00:00:00,510172067723483.2,398528454508705.5,563290142012502.8,196019069107951.38,598269531984571.2,34979389972068.562,30.706,28.589,21.209,82.155,4.007,4.38,1905263155030.123,161039679135882.8,24552697837450.7,18968864950941.984,20816557889231.055,978202919649.6302,1098499733597.8912,948127849066.5339,25530900757100.33,20067364684539.875,43932529848544.78,6710251205970.064,172963461585355.75,121645845496715.83,29503797197470.023,54162464875694.11,179766469754080.72,89409696958490.31,96185307425855.84,222876655789636.9,65902241098798.43,488094663120537.2,371357815476205.0,8377696104035.722,1518110324426.8672,1634314179993.4727,14341159974126.746,3324598947026.23,6522421238853.034,8740795371890.568,4788947495093.88,22077404602945.996,27170639032500.527,CRA40,M
20,2001-09-01T00:00:00,441512520510202.5,396794002949514.0,487934466876620.06,126360673463878.6,524950178633183.6,37015711756563.59,21.404,18.311,14.544,70.706,5.355,5.896,1905263155030.123,89344961707315.0,18968864950941.984,12344073881520.193,15947352963300.498,1098499733597.8912,724531631159.2666,731657429753.4905,20067364684539.875,13068605512679.46,37627684974766.164,10648763033279.137,104438807137710.97,115922663872662.58,8297526790751.623,23429189506583.555,229998871202020.38,38544512730852.41,109051997171054.83,242792787807534.28,23803190693562.055,420689153917632.75,371151585857388.9,7585120420497.394,260542841907.23425,672257164636.7065,16594298321111.385,1319079387894.6348,7794314503650.551,11246909619540.996,993261425455.9865,20823366592569.727,25642417092125.156,CRA40,M
21,2001-10-01T00:00:00,272052935448160.5,274783239904490.7,310464244906804.6,59305905241613.53,338925887375457.75,28461642468653.133,14.918999999999999,9.934999999999999,8.341,52.00900000000001,8.22,9.539,1905263155030.123,30844262772960.4,12344073881520.193,6746619055688.988,8178228482594.607,724531631159.2666,465597477234.7021,395457086725.9509,13068605512679.46,7212216532923.69,27718178249534.82,10613746391294.213,46316684546749.17,81593103330581.78,2742492163928.699,12096721121348.191,188061961111739.6,19282378322756.457,38863426522451.26,146816043609768.97,27733061506246.95,259788246384455.4,257400941304366.47,5014317570071.844,56830554974.71158,239755685280.9371,13537054897958.688,669675079630.7745,3079737006371.757,6340940728721.537,708676140819.0516,12264689063705.094,17382298600124.207,CRA40,M
22,2001-11-01T00:00:00,154694520354101.53,179754819435986.8,187617645661960.0,24868613754246.676,207983512431521.7,20365866769561.66,8.588,2.4,2.119,18.106,27.47,28.676,1905263155030.123,4502746984685.016,6746619055688.988,2422441910786.583,4122955448908.178,465597477234.7021,67207734121.960205,179335539854.9324,7212216532923.69,2489649644908.543,24840479178555.14,9627168840099.555,16111874510526.758,59915630883272.74,1741875259123.9595,5869504950274.641,116195986447668.98,25828672369193.266,15982998984165.645,54789570384875.67,35162468549688.047,146403378587616.3,169083329240646.66,4222437391876.74,46692716420.69329,88869235235.84744,8379149915159.276,1983627698470.376,1525521503170.5154,1996207440902.2507,720126060589.6582,8291141766485.215,10671490195340.145,CRA40,M
23,2001-12-01T00:00:00,160184590091737.62,174053285254655.88,181365116290574.03,32496974102422.387,210270750708775.5,28905634418201.477,10.682,1.9800000000000002,1.6789999999999998,11.051,26.84,42.504,1905263155030.123,3591339684220.9097,2422441910786.583,1964209334357.7249,3109360321562.186,67207734121.960205,92339204707.29538,205170510282.38104,2489649644908.543,2056548539065.0203,17026933741295.658,14787139140693.29,19373777774361.305,77385279615191.44,767683280984.6543,4235669196292.293,118975267825280.23,17467077091535.164,19121786396510.016,48040575594779.62,21162391679080.105,147128601497798.5,160027129181855.0,8991728487056.193,18338947348.758068,65103929045.879166,11293274958154.604,1797157618356.634,2302247518580.8633,2201998559480.4146,412294648716.6647,13055988593939.121,14026156072800.889,CRA40,M
24,2002-01-01T00:00:00,148566567257019.16,146054359577303.6,157772040133041.25,34144158321547.047,180507021791572.03,22734981658530.777,14.295,7.231,5.945,33.415,8.36,16.781,1905263155030.123,11409176663016.27,1964209334357.7249,1685817572024.9626,3076866284725.851,92339204707.29538,13627936589.093945,257328033383.5128,2056548539065.0203,1699445508614.0566,8539865952849.75,10199753297611.707,22553463408042.656,51057747295999.836,1146159646019.7952,4011393446815.507,95368596397738.73,12568008987556.197,16231240995296.611,69431061817850.516,20786762113918.48,137068211548222.06,133532759152973.62,5740355068900.304,54198322727.271225,136775269226.70801,9657190607338.033,1099294250146.6324,2129971266555.0903,4521931120523.454,680240227709.58,11498355708797.098,12521600424329.975,CRA40,M
25,2002-02-01T00:00:00,177257264691837.12,183820972242927.88,196380196829459.97,37005489231193.8,225005407016233.28,28625210186773.33,11.593,4.267,3.5909999999999997,22.646,13.287,22.386,1905263155030.123,8380279044420.469,1685817572024.9626,3405049617568.919,3976783433544.966,13627936589.093945,361059070387.6072,279166579283.44293,1699445508614.0566,3766108687956.5264,17010649774853.674,14652406473763.564,22765919611585.312,66622175620998.1,1249781864376.933,4050369399423.677,123535475290129.72,10291004746129.244,27469955605039.902,82067773242266.72,17954014840759.156,163031323008817.75,170209227600305.72,7274771140494.28,79354279595.53854,96189240414.22037,9361538969600.457,802886034941.9036,3707518927433.723,6052095267168.982,463332465992.4346,14225941683019.389,13611744642622.152,CRA40,M
26,2002-03-01T00:00:00,222293498494172.88,209688041287044.44,228929057627224.72,50573144741215.0,262531811197005.2,33602753569780.465,14.234,7.413,6.072,33.556000000000004,8.739,16.266,1905263155030.123,16970391171434.535,3405049617568.919,5204019508827.705,4784246871394.207,361059070387.6072,351513531275.59735,371017838482.87805,3766108687956.5264,5555533040103.303,6154358316452.875,14703122239750.973,32585114630106.5,77238368222452.53,1385950121624.5024,6183107848818.055,140445462929115.8,30437001195139.723,19473388588920.34,90808050187041.64,29835121848629.89,204666527453451.97,191139923488290.53,8888452254422.992,54519889743.75837,145331140514.6949,14503154734521.584,3129494104673.3926,2450191301926.2856,5463693541109.818,1540251872562.2673,17626971040720.9,18548117798753.895,CRA40,M
27,2002-04-01T00:00:00,310165597698839.4,275873628246582.16,316127037824352.9,76546992146776.19,352625137701670.1,36498099877317.25,17.532,12.669,10.199,52.319,5.489,8.749,1905263155030.123,40048892269458.94,5204019508827.705,5663967132140.658,7328016321925.312,351513531275.59735,388770647956.1425,486644548606.25415,5555533040103.303,6052737780096.801,6254127557195.219,15274132987255.252,55424638687735.95,96629875791826.33,2973394671831.3306,10662268456381.578,167352142948721.8,43257321426814.586,43618810843656.92,138845292096052.28,41094083540266.22,289394757771074.75,255038432004476.3,9412532208837.336,162786948545.13147,241027874684.42847,13384286237417.82,3011322772437.3403,4939028068134.891,8105957071805.543,2349094988008.01,20770839927764.645,20835196242105.85,CRA40,M
28,2002-05-01T00:00:00,347845322819648.2,295998965520198.06,366291376153311.94,100218250594529.6,400488293356174.25,34196917202862.33,21.859,18.024,14.152000000000001,65.878,4.454,6.243,1905263155030.123,66021333391667.266,5663967132140.658,13534102195605.21,9485950342857.838,388770647956.1425,836238274608.7695,553953270146.3811,6052737780096.801,14370340470213.98,22492578782334.305,10049795703866.656,80069191661895.56,90361144068061.22,6847751372924.068,25529724727771.78,163617080161340.78,54519023831510.4,43469320113793.125,157675141907626.94,58753930647753.19,328085034534970.3,272688082295811.16,7387872723442.328,321692259770.8845,794976145134.5768,15713411101937.7,2671820828614.3613,4957244368966.018,8905618587486.635,2318535493712.285,19760288284677.9,23310883224386.883,CRA40,M
29,2002-06-01T00:00:00,473023671787930.8,379549830854820.25,515098261348435.4,161815324498548.03,549235087506773.2,34136826158337.844,27.144000000000002,24.787,18.862000000000002,78.904,3.9,4.534,1905263155030.123,127678498340210.19,13534102195605.21,21060909129662.758,16598283974514.406,836238274608.7695,1190759151319.475,803991175714.867,14370340470213.98,22251668280982.234,42085985217867.91,7616503456586.084,139817084914384.69,106301548259892.7,15649639959342.832,38676429066470.086,216002673228787.7,73948370029494.16,76063826808057.39,232935323122519.34,46504127308200.09,451861670478376.25,354220267304388.0,7314780005535.326,706279628094.5206,1024645969698.0063,16000488279585.58,2661751633189.9775,6506214206328.161,10160823701131.264,2116581436423.9966,21162001309554.57,25329563550432.258,CRA40,M
30,2002-07-01T00:00:00,572386273245371.8,420740626196891.7,607075332525251.2,213531099138175.12,640646866205599.0,33571533680347.75,31.244,29.644,21.93,84.27799999999999,3.996,4.243,1905263155030.123,179959565457827.38,21060909129662.758,22658853590995.566,23195796301265.12,1190759151319.475,965006946220.465,1026251618458.1545,22251668280982.234,23623860537216.03,29686110665581.125,6605813069356.5,189676566402134.75,113538433935874.62,33977580034519.383,68976993271518.97,164512443633794.22,107268091039805.69,134714176423100.34,259938981413451.56,61535712440706.92,549722499660650.8,394739912532120.9,6813317939441.919,1443246030430.879,1891983110964.1873,11939440235312.67,3288862807703.7256,8509735223886.849,10669609726611.08,4108292175140.4106,22663773584720.914,26000713664770.81,CRA40,M
31,2002-08-01T00:00:00,438913461044236.44,354148566949773.75,500226230670690.25,167207798711435.56,529332576434199.9,29106345763509.656,29.792999999999996,27.608,20.691000000000003,82.593,4.338,4.429,1905263155030.123,138101452947925.9,22658853590995.566,18994210529305.74,19326549231090.09,965006946220.465,880438937576.8679,822124714416.1877,23623860537216.03,19874649466882.605,49587347783129.8,6277736334913.061,149031623682630.44,85549265094034.75,43171206707484.16,67217150573351.97,121668750959023.31,97957777927920.42,82278806845559.83,170978099366344.66,85081631946686.75,421702292961651.8,332200396458754.06,5696987940256.525,2273652625699.3877,1736330041657.9946,8475903333394.769,3246767173339.5103,5051103930458.355,6531082927330.625,6147510601467.15,17211168082584.654,21948170491019.664,CRA40,M
32,2002-09-01T00:00:00,454347171364162.44,392457008848420.3,494832825922234.7,145190196022611.38,532303193968769.44,37470368046534.8,24.51,21.769,16.831,74.19200000000001,4.411,5.533,1905263155030.123,107719827976076.58,18994210529305.74,9561288215811.902,15837883725906.25,880438937576.8679,350619933090.9351,827799692235.3055,19874649466882.605,9911908148902.838,35866924142354.69,8649515469357.773,121284761502088.56,115221580322178.75,12773470666596.586,40177103860642.625,192536004118698.44,41454703761796.13,127311878555954.02,234468787836599.03,31365422863085.215,431322175781216.5,363986776204334.25,9423425204412.13,503472950823.1879,982032349350.7902,16130247985215.95,1655115127551.267,10470721242026.447,10964422901631.766,1365790466020.4827,23024995582945.953,28470232644086.07,CRA40,M
33,2002-10-01T00:00:00,203727925864895.66,217195520921885.5,244458617406519.84,45235277024858.48,267148725218062.88,22690107811543.04,14.693000000000001,9.222,7.782,49.84,9.452,11.107,1905263155030.123,22545169213315.438,9561288215811.902,5052902655579.15,6874317154044.045,350619933090.9351,333194203157.5753,336569924915.55054,9911908148902.838,5386096858736.726,31486952980139.164,8650005765932.525,35917101671508.125,63312817699501.14,3101861256387.003,10049823448872.162,149805653791131.5,32483532895932.58,19294904062480.258,88914196400330.4,31286193969433.81,194760370444636.25,203488613079432.56,4178259629083.1797,127708074795.1496,137296820685.64792,11022125860062.91,1555618150819.1597,1642824996013.0881,3096380819671.427,914248911581.7809,8967555420259.414,13706907842452.93,CRA40,M
34,2002-11-01T00:00:00,186418780855176.5,194952171935985.72,209150301624492.72,31849265675416.586,230656789667041.3,21506488042548.58,10.212,4.945,4.292,32.474,12.79,14.609,1905263155030.123,10342777632868.008,5052902655579.15,4158540315588.2363,4409464797545.624,333194203157.5753,169913149894.27435,209860586273.94556,5386096858736.726,4328453465482.5107,17818525320423.027,10018000336301.48,21358163929271.58,65170608974959.305,1706912625861.8333,5787106984453.623,138182299121796.97,20449351994619.582,13008432152350.473,84853805358156.55,30735953479623.656,176260873312189.06,183633597379632.9,4092951329422.9297,51846438379.40356,48707069210.9384,9894019172509.488,1380096171708.0408,852433378777.5491,4636152972645.521,520275566686.3769,10157907542987.43,11318574556352.818,CRA40,M
35,2002-12-01T00:00:00,154396953685908.3,165451078083291.84,176883544739140.62,31340727296691.305,203749123091091.97,26865578351951.324,10.902000000000001,2.53,2.149,14.279,23.301,35.693,1905263155030.123,4475148944739.98,4158540315588.2363,3967094463220.486,3363750007692.4355,169913149894.27435,568747979703.4487,214690308258.3961,4328453465482.5107,4535842442923.935,15736662319564.914,14479180442537.758,19283022122338.42,72208657905377.73,797238093793.6351,4838610695341.781,103410201441825.75,17610479120100.55,20947741707657.535,47851413940629.66,28478246910304.785,142509161661449.72,153633428153581.72,7655422169361.604,20549955642.24958,68001300437.08515,9083022437441.783,1768414852403.6934,1903885245778.5193,2395953702256.2266,810192290847.567,11887792024458.607,11817649929710.12,CRA40,M
36,2003-01-01T00:00:00,145874271485931.06,152242659221246.53,163028913798874.53,29890141116738.17,187207287404998.72,24178373606124.19,10.753,3.504,2.9610000000000003,19.109,15.598,24.43,1905263155030.123,5711767510613.9795,3967094463220.486,4812554002561.798,2874006087095.3584,568747979703.4487,521616126647.05896,187547976220.8103,4535842442923.935,5334170129208.856,12878482932214.37,12099283216153.953,17531174838389.385,61940963747473.79,647845623449.4586,3009334669314.466,99359814098688.97,20331313358730.387,14191936342032.092,48802441411767.07,26485588893752.824,134084053187285.72,140685184957923.34,6658391592214.14,15356628404.632307,49328467394.80732,9096676430845.926,2173835699034.3018,1585899795087.1853,2908662540002.0903,859541408985.4396,11790218298645.34,11557474263323.184,CRA40,M
37,2003-02-01T00:00:00,175524838242228.7,173214296562337.4,187692867238647.44,41621460198074.164,218463759190266.56,30770891951619.117,13.383999999999999,5.781,4.732,26.07,9.675,20.626,1905263155030.123,10850568246455.045,4812554002561.798,4742810346992.382,3749099602337.632,521616126647.05896,293303507199.1782,333044759923.27527,5334170129208.856,5036113854191.561,8241970291546.475,15092694533923.277,25120654239814.293,63826829666505.19,1190060017749.5872,3526637909354.7627,109559685852746.3,13689996994936.068,29171701505280.535,78502183839819.84,17907955276064.33,159545648410615.88,157829402651840.75,8136489799549.76,80147156149.32903,84440174074.02621,10980946421315.578,1848392458785.2212,3576946367465.09,5909867399203.807,746853965566.6621,15979189831612.814,15384893910496.658,CRA40,M
38,2003-03-01T00:00:00,230327813427204.44,213897067051617.53,231401911641627.88,48657880532043.95,265617267929041.16,34215356287413.3,13.189,6.241,5.157,29.682,10.38,20.015,1905263155030.123,14442524244630.652,4742810346992.382,6300684725108.492,4836088701702.576,293303507199.1782,540801811582.8545,388535335896.42883,5036113854191.561,6841486536691.347,-182849448456.45312,14358931625594.89,30519782715137.36,75903665114145.77,1743121605895.1426,7039006127801.178,134895710686490.61,24242103700006.902,32715086673724.164,105298244175543.2,25227525235272.098,212483019117497.03,194581444201382.0,8696676137832.526,70024554985.12022,204824064169.05643,13960444429388.338,2467340510143.6133,3902376437084.052,6475953597562.216,1382777428778.0308,17844794309707.41,19315622850235.543,CRA40,M
39,2003-04-01T00:00:00,288327584020044.94,270401827735546.12,300682599801546.75,62674743682310.766,337313740435286.25,36631140633739.54,14.243,8.661000000000001,7.167,41.554,7.824,12.057,1905263155030.123,26043603048571.227,6300684725108.492,8614980519722.513,6792480897170.265,540801811582.8545,708684904403.5244,436120679995.2496,6841486536691.347,9323665424126.037,10600025651507.105,14761148188044.318,42827099087569.78,94172846319913.88,4422428638344.125,10155398623097.824,170321062910435.47,39878937062181.51,40563539005677.17,124813559231693.61,33933489639797.66,269020741236886.8,249240520194254.44,9075607811563.025,288568152989.82135,236677726761.21582,15050602720353.969,3436436442276.4023,4182477399271.0444,6558120802557.483,1639659268676.8547,19306842783158.13,21161307541291.69,CRA40,M
40,2003-05-01T00:00:00,339081398299896.06,299309220113886.6,358340498481053.2,88846244253624.3,391180481529276.6,32839983048223.438,19.764,15.629000000000001,12.524,63.037,5.284,7.609,1905263155030.123,56006261205400.86,8614980519722.513,10622558784509.809,9545828840985.87,708684904403.5244,421199793287.8704,572811631629.6787,9323665424126.037,11043758577797.68,17954176173063.07,10004129381029.758,70823373456562.6,89184881072616.28,4317918246663.6064,18802230412145.727,189676145640852.56,35934110612001.46,55842593941192.55,177845990310474.44,27057908411272.117,321767212407237.9,276894566239980.8,6851750466192.887,174228833903.06268,481384572037.8735,15017379983570.178,1380853052512.2083,6360687805501.421,8600197801915.214,862357250931.1343,17314185892658.182,22414653873905.797,CRA40,M
41,2003-06-01T00:00:00,487963830196350.6,367603584166070.25,520114286755241.25,183462081683262.06,555025663782339.6,34911377027098.438,30.621,28.560999999999996,21.114,80.971,3.314,4.206,1905263155030.123,148550704656163.62,10622558784509.809,20405358827757.266,16410010583616.324,421199793287.8704,1158940530301.3298,867782235134.8314,11043758577797.68,21564299358058.594,38710999406144.234,6593474352127.139,159264305906083.66,102858374141588.6,13958816817592.078,35765018105426.09,226530870757424.8,71657731998848.7,56479536817771.0,253906129966596.72,43475397628612.44,464187254212460.06,340444622021400.3,7739663944432.265,530518185447.4005,973940140774.4287,19487517750522.098,2595226619915.9287,4902298564545.851,12467745278767.926,2238627644154.579,23776575983890.547,27158962144669.93,CRA40,M
42,2003-07-01T00:00:00,562079948768266.4,449567675252516.5,622756701180080.6,206008715976753.56,660474667273738.4,37717966093657.66,28.847,27.023999999999997,20.305999999999997,81.691,3.666,4.065,1905263155030.123,168290749883095.9,20405358827757.266,21769762308767.49,19901386370145.188,1158940530301.3298,1249371120012.4326,919430962267.8047,21564299358058.594,23019133428779.92,57233310438067.375,8238881545460.037,179648977046981.88,155804251261073.03,16741967606716.902,38479465228983.375,257039813696925.6,78301945132922.5,82169181524415.92,264293488745817.12,65386998996272.9,536879150368796.0,421337961824331.3,10137182397330.203,729863777343.1617,973374559270.1489,17956790477784.59,2102616717109.2048,5886982594574.008,11987624725760.82,3656076578483.41,25200798399470.375,28229713428185.168,CRA40,M
43,2003-08-01T00:00:00,610412438573283.1,496264950047310.1,662520443131087.9,208671655725888.72,705528173131915.6,43007730000827.69,26.987,25.005,19.016,79.39,4.334,4.624,1905263155030.123,165663925725061.03,21769762308767.49,19586732643475.105,23161407511491.31,1249371120012.4326,1155089355826.0034,1029615923770.6049,23019133428779.92,20741821999301.11,49239125769609.22,9725803384010.629,178795597701293.6,191237442101834.06,21802698532107.594,47090903932715.99,263629592299267.1,75745148766626.83,129106454921293.48,267712256867523.6,49599367033650.97,581785751668700.5,464138112786319.1,13168446917588.12,1286499744767.9246,1900875358804.8452,19025365021841.176,2289683541540.8394,8541080363376.856,11267681086648.88,3273892131005.054,28626686904582.684,32126837260991.01,CRA40,M
44,2003-09-01T00:00:00,439491255246651.94,374102110844939.3,492775694568200.9,151527542175279.78,527298878972134.06,34523184403933.22,26.301000000000002,23.744,18.16,77.217,4.221,5.028,1905263155030.123,117004357771346.56,19586732643475.105,13608151519269.043,16461464787191.68,1155089355826.0034,704042629697.2528,817005993850.313,20741821999301.11,14312194148966.295,45185585519299.17,9277750145305.238,129606823832923.16,122019177077078.05,8478104566934.23,25816380437009.227,220856770646324.88,41165644351367.31,79815235187456.86,229724424394666.72,40410608815292.68,418725626260121.3,349560719216008.6,7871633818140.279,302340227182.30347,675166016466.0419,16352438327734.568,1338192897062.9268,5628499481322.824,10880636254861.361,2258113592691.009,20765628986530.61,24541391628930.703,CRA40,M
45,2003-10-01T00:00:00,296099276886543.25,313114266912121.5,343200960274138.25,59780030651050.94,372783390008642.75,29582429734504.523,13.153,8.799,7.494000000000001,50.515,8.143,8.418,1905263155030.123,30197600916546.414,13608151519269.043,4296335395361.528,7932048817028.193,704042629697.2528,112382269975.28503,341688301489.3939,14312194148966.295,4408717665336.8125,37309114458495.17,10120582789433.562,45139822641750.875,84799439299327.28,2761367455177.929,11616816719833.422,224726322518844.53,22055171188646.04,39052422991731.43,163691684299133.7,27224689271271.89,282163111506940.44,293764802237025.8,5017289724257.172,83580324060.30338,320415618404.93274,15633468504729.023,873838297553.8251,2826964395071.3735,7724621739386.884,805451451234.974,13936165379602.812,19349464675095.676,CRA40,M
46,2003-11-01T00:00:00,168735975502869.47,191299800129861.78,201412509827598.75,27596673491543.73,225405138531750.72,23992628704151.97,9.117,1.789,1.574,13.059999999999999,36.084,40.71,1905263155030.123,3604044787391.762,4296335395361.528,3389561511408.715,4334953644569.2783,112382269975.28503,203890136693.37134,203777978759.0428,4408717665336.8125,3593451648102.086,25352603397149.363,12148302690030.938,18363584063755.895,73881088896889.88,889725929113.6549,6457082279269.873,128784075567343.2,16380943891350.158,21743878475478.78,62896153277547.0,28241684280498.477,159615268345056.9,179659364252434.12,5588990197127.215,19833539369.100235,105772648746.50136,9056364666974.217,1018632576874.7175,2174477515844.9888,2407311735064.1177,389760155239.3539,9120707157812.55,11640435877427.658,CRA40,M
47,2003-12-01T00:00:00,175830753054020.0,185972021778024.44,196554063346511.25,32891145246658.875,223675132944158.4,27121069597647.16,10.389,2.936,2.5149999999999997,17.543,19.167,29.992,1905263155030.123,5770075649011.715,3389561511408.715,3092846744601.922,3567568870759.19,203890136693.37134,250386653438.2962,232599040628.73383,3593451648102.086,3343233398040.2183,15661126122954.281,13940734175414.21,20419143592679.535,68226957953713.29,1206232692364.3135,5418616529376.018,126172855109351.84,14481551145939.459,21791475997500.848,75435515907705.23,23871509210012.78,163562641536734.03,173042073009229.78,6456063039682.0205,45803706617.02107,99446493614.43628,10150552215838.977,1277071243700.4412,2267916951810.665,4435530740289.071,465675894527.99194,12268111517285.969,12929948768794.656,CRA40,M
48,2004-01-01T00:00:00,170784440736787.03,168155792825102.38,182189473710934.78,41777787949469.94,214006713522016.4,31817239811081.617,13.852999999999998,5.4670000000000005,4.447,23.842,10.52,23.418,1905263155030.123,9960548138388.32,3092846744601.922,3864996770671.1685,3380092114688.1855,250386653438.2962,462507336386.7913,313513130531.51495,3343233398040.2183,4327504107057.96,8316170935721.41,16284587603682.695,25238828986173.36,65528439561605.34,1175503955860.1604,2788140075370.219,110399621815876.36,19621693090582.566,17264421107871.63,66557595699370.62,24246101074482.098,154495868426928.75,153085647954090.25,8483532735960.148,76929597178.3848,56038772996.89541,11168530744901.098,2522263919407.565,2509377968173.532,5226736881493.677,1315306560759.1138,16288572309858.285,15070144871012.129,CRA40,M
49,2004-02-01T00:00:00,139011903605187.75,147004095437082.53,157714391825612.2,28552255561021.516,180923799066483.34,23209407240871.16,11.618,3.388,2.868,18.712999999999997,17.607,30.388,1905263155030.123,5342848320150.3545,3864996770671.1685,3985309874637.162,3243835119932.806,462507336386.7913,280785236199.206,233274008461.35486,4327504107057.96,4266095110836.368,13273631155823.53,11330300145418.07,18323308373146.387,56209990837742.03,1061539358551.3224,3531965614033.663,93476462370988.75,22002541199884.965,12648675700077.959,47500966102038.76,28219096148210.61,129245463753699.42,135405773577828.64,5254652762991.266,28307779719.33874,62395470428.9535,9154885381087.992,2161677304747.6077,1516455313852.2788,2287714313320.5093,898673384594.271,9766439851488.336,11598321859253.88,CRA40,M
50,2004-03-01T00:00:00,257467614348714.16,258228635446935.4,277267160351418.06,49862020004126.67,310258377120099.3,32991216768681.242,12.264,6.085,5.157,33.835,9.311,12.805,1905263155030.123,16870803235445.43,3985309874637.162,3962306866989.8203,5067059955866.095,280785236199.206,251102414971.60852,290362932157.62115,4266095110836.368,4213409281961.4287,17579138504791.744,13811265611042.234,34005066780160.258,94235719617596.97,2018027412649.902,7345013002821.361,182808931895213.9,37368936240494.11,18306218029024.742,102941777500034.5,36166609367379.45,241891446360946.94,239299786704268.0,7222850418620.81,61913527949.19711,199034370456.3775,16018584651219.156,3301701432009.797,1529293161074.8596,4852581766680.227,1319057402424.193,15576167987767.21,18928848742667.406,CRA40,M
51,2004-04-01T00:00:00,260354111504327.38,216561984578872.84,264368105182470.2,72882938762197.14,293926659872049.75,29558554689579.58,20.989,16.387999999999998,12.845999999999998,59.443999999999996,5.046,8.181,1905263155030.123,43324384072617.56,3962306866989.8203,10151490007584.416,7287784325709.164,251102414971.60852,571628969162.9778,492268721539.7736,4213409281961.4287,10723118976747.395,6041966841949.031,11153353545931.406,55488202770498.09,76920049456626.19,5065718706556.895,15601870008307.814,115750320322896.61,29952308137433.047,35810080346853.7,120736250325232.86,42102293028080.47,243210477927599.94,198728412404387.7,7907415251881.154,285487026475.49945,423809453198.9823,11506490077636.549,1504108867122.752,3723746717472.388,7308300004524.542,2317848352900.732,17143633576727.432,17833572174485.168,CRA40,M
52,2004-05-01T00:00:00,353585480164365.7,312323966454749.2,406297813758077.6,121731409805522.97,437445661804342.9,31147848046265.188,25.883,22.295,17.155,74.413,3.573,4.614,1905263155030.123,90583561759257.78,10151490007584.416,11194298007202.45,10440495312719.889,571628969162.9778,498668217991.5912,561722015944.0256,10723118976747.395,11692966225194.041,50291895298087.95,8266023278922.456,105162705845477.12,95945921647930.22,5834067349707.225,21932849319492.926,196875567404457.16,49010164199047.58,45927984056533.266,170699470007012.12,41303191094700.44,337588405173482.8,289940809905398.06,6438697576874.548,237877535311.29312,581921960442.5511,15731404773087.395,1839340789178.6526,4868821622534.072,7137114664387.121,1545052618418.393,15997074990882.871,22383156549351.152,CRA40,M
53,2004-06-01T00:00:00,504140170038393.94,382928978907582.94,523375408765271.6,176530685647213.16,560824515788251.75,37449107022980.17,28.881,26.573999999999998,19.871,78.786,3.516,4.498,1905263155030.123,139081578624232.98,11194298007202.45,18107984125735.773,16301389520109.127,498668217991.5912,912530836179.602,868926388782.8658,11692966225194.041,19020514961915.375,25197936230143.36,7719757853784.336,151155264064969.12,113218715900077.75,10182573563946.715,29781627008268.25,229558124668940.38,71063256800552.22,74758964262764.0,265199816965243.25,39612498078915.69,479263416674141.5,354112160574566.75,8705847401502.287,396483005579.3741,778400543463.6254,19477793803534.62,2562735648352.175,6904125207963.502,12829769770934.363,2038416315938.7168,24876753364252.45,28816818333016.21,CRA40,M
54,2004-07-01T00:00:00,527915025084512.6,377037201223143.6,582644995978047.8,233389861452020.72,614733634913741.0,32088638935693.188,36.068,34.55,24.668,86.251,3.096,3.655,1905263155030.123,201301222516327.53,18107984125735.773,21122409891481.04,20102286934170.445,912530836179.602,995261739468.6661,988891183202.5562,19020514961915.375,22117671630949.707,53520555323992.84,5432629211110.073,210146132848537.6,112001119033485.16,22647286130635.85,50128299648159.26,173640271042100.7,92330255060549.66,89867439844556.11,251124153575015.06,65221456220736.53,505583827317209.1,351376453238029.2,7004320175214.171,1137421564346.9067,1505060680168.356,13430166281738.322,2789501175082.0303,6093381352245.983,11032315736838.957,4999778786783.219,22331197767303.516,25660747985114.43,CRA40,M
55,2004-08-01T00:00:00,521582021210814.7,435775802378248.25,597428968717624.6,192931970729981.84,634076312901005.0,36647344183380.375,28.253,26.16,19.774,81.00500000000001,4.203,4.481,1905263155030.123,156284626546601.47,21122409891481.04,20645894693139.047,21190150277498.633,995261739468.6661,971846346328.0343,941291704771.8994,22117671630949.707,21617741039467.082,69978477122552.44,7888538341721.059,168794231141568.56,139150586373071.28,25275839534459.242,58542678860140.8,198807911053251.4,70932338204785.81,133972221040684.39,229813939923872.2,49932871254521.93,498439543361870.06,407988842882917.0,9565013354042.953,1316469503017.1128,1904412430388.5562,14449015642902.21,2287724422153.693,9006578468648.686,9385327642359.406,3014895880763.206,23142477848944.605,27786959495331.22,CRA40,M
56,2004-09-01T00:00:00,397211780325274.06,374830315199411.2,450016629500632.94,106210966871570.92,483992205163476.4,33975575662843.42,19.258,16.052,12.987000000000002,68.011,6.057,6.394,1905263155030.123,72235391208727.5,20645894693139.047,11831099354952.041,14584663648039.81,971846346328.0343,744171033134.9243,641512719973.7004,21617741039467.082,12575270388086.965,40811455431484.52,9923076510643.668,86663543065334.52,119909586177898.56,12481101438420.023,25680560602983.656,223356309492600.72,53231104083530.336,63095027841756.47,179814952000953.12,52589548307569.11,378636202865365.7,351521987080346.4,7971133261242.263,446453223757.4005,585006789875.217,16357497697259.684,1607117594338.1003,4364166547495.4785,8412319814452.787,2140210650552.2373,18575577459908.367,23308328119064.797,CRA40,M
57,2004-10-01T00:00:00,290278241045773.25,283606463533147.5,325152179085684.7,77381308844337.97,356579156981352.6,31426977895667.945,18.262,14.133000000000001,11.416,59.387,5.48,7.395,1905263155030.123,45954330948670.02,11831099354952.041,3715443491762.5938,8122958423132.492,744171033134.9243,149747067617.03073,456745986070.72595,12575270388086.965,3865190559379.6245,30572473607336.93,9726741534407.84,59380761354417.72,85222714794259.23,4288167108972.6455,13079109742067.887,181597929079496.12,24191184929837.773,50162649563788.25,150528855122823.0,26007228487247.367,273021864588987.9,262055974239504.4,7668011012920.759,175292709939.93262,354424992597.0195,15331954737740.28,1428358249672.323,4844430446086.857,7805582201595.232,1198811399876.004,17256376456785.334,21550489293643.07,CRA40,M
58,2004-11-01T00:00:00,136989516659793.98,151104590872558.16,166599437737100.75,30595451028229.37,189086841250498.84,22487403513398.09,12.788,4.867,4.112,26.501,14.801,22.083,1905263155030.123,8108047514831.281,3715443491762.5938,4261605149680.591,4000215157083.921,149747067617.03073,308846620453.6543,248682131035.982,3865190559379.6245,4570451770134.245,22928382938350.066,12106348025459.906,21305450582346.54,57126665321522.22,1830619138548.7085,6462112388045.913,94663410410460.48,21218461090309.03,10980574459364.055,43042024481651.016,33557777996700.395,127849263281528.19,141032382005073.62,5362897873098.686,58178818091.766365,55684789230.77538,8256607443863.259,1793091476128.885,782340735132.2788,1928579239807.4539,975081870397.2185,9140253378265.8,10072208867484.523,CRA40,M
59,2004-12-01T00:00:00,188903002554090.06,193473161107556.06,205327793671138.25,38297930948311.766,239593081352401.4,34265287681263.16,9.622,1.9640000000000002,1.6549999999999998,10.530000000000001,27.063,38.897,1905263155030.123,4032643267048.605,4261605149680.591,6563378623659.676,3520548606067.791,308846620453.6543,418028259190.41724,210827719559.95117,4570451770134.245,6981406882850.093,11013756933230.445,19381583713773.68,19756929648221.57,89543162906295.48,954504251131.0173,4430406570742.735,116068235929361.4,31161530419982.773,18044490343455.996,45535747977432.52,43940254875308.56,170670847874453.53,179007485399257.0,10870349924966.213,20550881139.24303,59484650798.34896,10725183538489.824,4315879105109.2827,2142553973945.3418,2986440998762.699,1577387314724.648,18232154679636.543,14465675708299.057,CRA40,M
60,2005-01-01T00:00:00,206590784740431.5,208141905721541.22,226335618172282.06,46280603473930.44,260215026087322.53,33879407915040.47,12.534,5.479,4.549,26.796,8.922,17.279,1905263155030.123,12401195558889.969,6563378623659.676,5144177594120.56,3569212147495.438,418028259190.41724,605428887909.7704,288018433964.0791,6981406882850.093,5749606482030.33,12720516139179.938,17954792502247.67,28368721381503.29,78286296833670.28,829113859086.2494,4130995025309.489,142646961131876.25,10911428467593.926,24655125319089.227,95768210580621.05,24691518886606.46,189096930907194.75,192822719196658.2,8595655523930.109,46915953367.274864,90179406205.25145,11657635095521.107,767112563525.4025,2942499787826.962,8040906339575.974,672135688167.687,17493853833236.736,15319186524883.031,CRA40,M
61,2005-02-01T00:00:00,230211612291677.25,207584591442068.38,223397416437832.47,52954198055614.875,261988366183656.0,38590949745823.52,13.947000000000001,6.429,5.197,27.124,7.912,18.394,1905263155030.123,14363248309791.354,5144177594120.56,4945450709932.525,4058744674391.7236,605428887909.7704,487928411525.8302,393146358618.969,5749606482030.33,5433379121458.355,-8579999900389.527,17812855128058.08,31157540492071.21,83757595292208.22,820974414861.1716,3892252178151.1875,143355446021789.2,12585459942661.117,23466554306459.133,108785076203022.83,19651450492719.266,209020383616043.38,187294425235828.75,11974455215201.766,62959147695.09737,123315955066.01169,16203040538855.44,1454277295221.5154,3055538586653.091,7639180210144.599,968627933035.9834,21191228675633.89,20290166206239.61,CRA40,M
62,2005-03-01T00:00:00,278492702975954.44,245038873213538.22,274162319076083.44,69982341035604.984,312280352035658.06,38118032959574.625,17.293,11.622,9.259,45.532000000000004,5.591,11.098,1905263155030.123,31864308076030.363,4945450709932.525,4926555867045.519,5747226760019.348,487928411525.8302,402308278795.3066,475313717389.54785,5433379121458.355,5328864145840.825,-1694036662003.3906,14501001746618.31,47411612929660.71,79605099600065.16,3950655347077.172,9021490160716.395,161925656244103.75,40959214441958.88,21622344250486.508,126824099078795.58,34325494437709.777,256409903281536.0,221824150279377.22,9136264520181.357,302017468889.60486,347058271146.82654,18024015587088.184,4236406853311.4517,2896266700110.831,8363070049778.8,1992423178072.3748,22082799694418.438,23214722934160.996,CRA40,M
63,2005-04-01T00:00:00,270022483211184.06,241422905823757.0,281413353926156.6,68891350142881.21,314587280688884.0,33173926762727.383,18.173000000000002,12.692,10.196,51.846000000000004,5.652,9.893,1905263155030.123,35717423380153.83,4926555867045.519,9421259811990.906,6729566933516.172,402308278795.3066,811168551934.0485,490765000695.61005,5328864145840.825,10232428363924.955,12021410210810.91,11791431885785.771,51140514615416.234,76102484326344.6,3651745492016.999,9876994787518.287,160793236633206.06,33284344252049.64,28207202936816.582,133410132596601.84,28199394436709.773,252673955962514.38,220851579498749.44,7559768800139.66,258319947533.94305,278548459271.5427,15344340138801.912,1884163174093.4321,3593028346905.6636,7626046815165.037,1375637891766.0383,17348527248669.672,20571326325007.56,CRA40,M
64,2005-05-01T00:00:00,310758103046967.3,277178869557055.5,353701410067531.3,101510969438374.92,385433070928499.5,31731660860968.188,23.704,19.728,15.329,68.741,4.314,6.299,1905263155030.123,69779308577406.734,9421259811990.906,12757214781280.035,9710006747764.484,811168551934.0485,715691557050.1414,590741261691.8132,10232428363924.955,13472906338330.176,39440553061900.125,10940006722553.717,83841288310560.16,92201410374402.6,5968351387223.189,18825506346214.453,172585598207088.12,41226827403591.39,47012123926925.195,141645846346878.2,31536833454454.684,293899590471086.6,257102906975691.2,7983715661815.049,331460424408.12976,561368320592.0502,13405833683525.502,1784843514129.828,5070526353927.52,6528585079343.786,1268142119503.1592,16858512575880.713,20075962581364.31,CRA40,M
65,2005-06-01T00:00:00,419763114862529.1,355665471657690.8,475563927710605.0,138157152753898.56,507716724974610.75,32152797264005.78,25.324999999999996,22.29,17.272000000000002,76.727,4.298,4.655,1905263155030.123,106004355489892.78,12757214781280.035,22630262803975.297,15185626005394.953,715691557050.1414,1297924542462.0479,685318728410.7388,13472906338330.176,23928187346437.344,52361993293161.64,7684930367054.523,120438135603428.1,101454385448585.42,11808518486943.129,29972282338989.547,222766553566985.56,76727559321995.38,50325498853092.445,194605562159538.47,47594958396180.51,402759789269108.8,332495529303201.6,6652891833155.025,519719260486.28,799990848971.1637,16341938998836.197,2481139096888.9077,4417731721547.873,7069303814405.224,1890552373618.8164,17003325593420.322,23169942354489.164,CRA40,M
66,2005-07-01T00:00:00,566533465969900.6,438443868220683.5,636881014691936.8,227245758538988.53,674038496526396.2,37157481834459.56,31.478,29.847,21.998,83.649,3.79,4.131,1905263155030.123,190088276704528.97,22630262803975.297,26646953205737.043,23236996767780.24,1297924542462.0479,1274568213977.1165,1055356267449.1213,23928187346437.344,27921521419714.16,65992013028588.75,7193258427578.654,200479848458420.03,150837702396239.56,30232634823264.43,59256844304276.65,188158421676510.56,91682099503179.03,132690638300233.5,239288834228098.84,58672518227771.266,541065480431794.1,409754213027779.75,10541835388727.303,1493175010271.0898,2015938265776.3186,13421019239349.947,2849737792964.669,9750293358875.717,10060474090638.174,4025167584406.989,25467985538106.465,28689655192903.742,CRA40,M
67,2005-08-01T00:00:00,565558847369716.8,444657367368242.7,637978897183010.2,229719342509712.88,673975153706911.1,35996256523900.875,31.977,30.365,22.325999999999997,84.33,3.603,3.866,1905263155030.123,193723085985812.0,26646953205737.043,18146367661065.535,22517798042234.996,1274568213977.1165,714402923361.1614,1006745463319.4497,27921521419714.16,18860770584426.695,63760855149050.56,6447597084804.891,204009418669436.8,140757447524912.44,26550687481158.203,55816689810774.984,206055476607714.88,83033505591030.16,122715597665327.69,261515848816700.16,60501349098307.14,541123491743417.75,415823110852507.9,8968645961540.781,1249361589706.485,1745883702481.5615,15478492122904.84,2805173042747.8916,7894767928342.542,10915652919528.719,4211634874780.9233,24435355626298.953,28834256515734.79,CRA40,M
68,2005-09-01T00:00:00,420826428343868.56,385531462555881.25,482527136995379.6,129165869121169.1,516995513499871.75,34468376504492.125,22.506999999999998,19.625,15.481,73.315,5.02,5.48,1905263155030.123,94697492616676.97,18146367661065.535,13136306916550.395,15846164404545.15,714402923361.1614,671912461911.3181,720783994458.1903,18860770584426.695,13808219378461.713,54349975622724.64,9052633953307.13,108603197612221.66,125273895125789.55,14779953161659.215,32094597773202.93,214956031113958.53,46919880984770.94,85658286558689.73,196689785874518.9,45393361632300.1,400978159758282.3,360787632466607.56,9184855948994.713,488216322161.2621,710820798634.7275,15653374789260.518,1535961995312.6997,6862432813099.628,8416629842644.139,1739806164752.2485,19848268585586.277,24743830089273.656,CRA40,M
69,2005-10-01T00:00:00,290544624543693.56,284126863470187.4,328088098156568.1,74580513441141.3,357352551014207.25,29264452857639.1,17.98,13.812,11.254,60.760999999999996,5.546,7.076,1905263155030.123,45316060583502.195,13136306916550.395,4681381693769.036,8106676838781.06,671912461911.3181,314526062060.2776,430977244700.1004,13808219378461.713,4995907755829.313,30085987887363.64,9240867136943.176,58988912651247.36,77525381391373.22,2544260664409.3784,11702183268709.742,203367859890100.88,20334813874288.734,34370433003928.305,166062557681339.22,24135250253113.195,275624936215710.94,264417803811551.75,5255158471312.112,70239129868.27982,259046068314.37003,16082385371561.957,590229496134.0823,3085325385116.254,8815254292222.053,471109772089.1515,14919688327982.617,19709059658635.64,CRA40,M
70,2005-11-01T00:00:00,148836584713421.5,177303364317001.06,187743442498717.16,23882886758228.812,207620062114757.97,19876619616040.816,9.075,2.1340000000000003,1.8929999999999998,16.775000000000002,28.81,31.492,1905263155030.123,4006267142187.996,4681381693769.036,3471417727998.333,3847370967657.528,314526062060.2776,169325573924.78845,175227606233.0578,4995907755829.313,3640743301923.1216,31117882291861.367,9637342620585.709,17038611875248.062,66830824992692.38,710305928861.0199,6028132051640.442,126602330451077.97,12789670001890.432,16820558123775.377,56658208846277.77,23100218391756.4,142306835892501.03,167233412895470.75,4337810378156.5264,19748350247.874943,95206935462.48494,8181240202972.997,504550727722.54785,1559937112204.704,1592180779578.9148,309025756104.74414,6529748820920.475,10069951421530.32,CRA40,M
71,2005-12-01T00:00:00,142552589051706.5,160441550799198.97,167465445991450.06,20999085955378.66,186501348593875.7,19035902602425.62,7.488,1.172,1.042,9.349,42.597,43.409,1905263155030.123,1963183352953.0396,3471417727998.333,2603576502173.34,2697590749674.6772,169325573924.78845,65508577584.960724,114544078433.80298,3640743301923.1216,2669085079758.301,18880486878280.7,10850713445665.754,12539999269252.68,58321060190950.14,657912805373.9446,3965006568142.589,117063719534747.89,13656546271441.145,15088178060767.326,58320214908971.43,19512059819134.91,134262827939505.3,152321870220024.06,4529729796562.481,18069191320.458637,29052713514.996494,6493722314903.766,990569818360.8099,1313517256579.3738,2740408783762.906,294371816371.3082,8289761112201.192,8119680579174.907,CRA40,M
72,2006-01-01T00:00:00,194403173144312.5,205618131596879.5,211579032169757.6,34920688926216.406,243558939660022.94,31979907490265.33,8.206,1.39,1.193,8.421,33.377,43.361,1905263155030.123,2940781435951.078,2603576502173.34,2764130828687.8247,3166233391945.157,65508577584.960724,107738949106.56096,171393287237.26025,2669085079758.301,2871869777794.3857,14358524586554.184,17707631048876.254,17361307236472.766,101142556886639.7,1045871551508.3827,5945852710980.557,129552579723870.52,13402766462488.13,35159826674397.258,56418123972045.414,25695316154820.86,176909300032153.8,191453594104597.0,12279027764634.164,34124779039.635662,137448600381.8901,9790332666176.205,1726571928065.474,3666919221366.476,3350824819077.1514,673160825700.1997,17493873112158.682,14164537492282.516,CRA40,M
73,2006-02-01T00:00:00,227622523665543.4,212276951384089.7,227476997259094.12,50361437512033.84,263783298161734.3,36306300902640.18,13.402,6.178999999999999,5.059,27.909,9.208,16.034,1905263155030.123,14055136609393.662,2764130828687.8247,4023264536815.4688,4622104252454.66,107738949106.56096,300054385394.9402,335350250188.3332,2871869777794.3857,4323318922210.409,161013472355.9629,16697456152362.033,30485571703072.195,90399609751867.16,1263707866002.288,6269333008065.871,141249485336728.2,33561238208715.14,16749260343297.92,77624215837040.14,33705707473178.094,207854396805688.3,192968161019206.47,11221471546109.36,46328719723.01893,144237544754.38147,15787826387703.824,4447884220935.044,1770305882234.9634,3954533548056.307,1704329375221.405,19768126859855.09,19308790364883.21,CRA40,M
74,2006-03-01T00:00:00,212591673548010.38,204735238419718.4,226774780696128.53,51702662408954.49,259111115454032.72,32336334757904.19,15.565000000000001,8.540000000000001,6.954000000000001,37.457,7.202,13.657,1905263155030.123,19366327651050.3,4023264536815.4688,4729514422580.059,4499019150591.302,300054385394.9402,235473817713.0149,355504017333.6147,4323318922210.409,4964988240293.073,12151561840841.027,14113403843372.123,35297484950649.09,69977448357367.555,1160659694103.6404,6381432714589.637,143291853904170.97,23065441317121.35,17588543498018.342,97062228086021.39,24706724226606.434,196486550475099.9,186747781322899.38,7932508179934.855,62450617483.46073,133769917801.19789,14132013320482.8,1718283281647.2966,2662108865866.206,6320561693527.105,1130884292986.5742,16105123072910.457,17987457096819.043,CRA40,M
75,2006-04-01T00:00:00,277117893284168.66,248520483511666.4,282908647671824.9,69083657789898.05,316755407523385.25,33846759851560.33,17.645,12.455,10.011000000000001,51.00599999999999,5.405,9.529,1905263155030.123,35236897938337.72,4729514422580.059,5517694726688.027,6349019215959.121,235473817713.0149,158945658977.5454,466351973938.82825,4964988240293.073,5676640385665.572,7351140311207.953,12639055981757.314,49919227644295.89,80123413764852.12,3890329533163.782,11347220393264.098,159229305442429.9,36527215393946.34,28908781502420.89,130191087404216.97,35443308822826.35,258188936956279.53,227471725300840.94,8247442209823.652,222904363057.5783,273679372105.12183,15476777199739.062,2426825085117.892,3797372662874.7236,7981009660842.472,1551703985154.1055,18928956327889.137,21048758210825.47,CRA40,M
76,2006-05-01T00:00:00,358095244410317.75,309722439384337.6,400019097203695.0,116179596198059.31,433797555017260.1,33778457813565.11,24.45,20.599,15.963,70.926,3.811,5.012,1905263155030.123,82401138384494.2,5517694726688.027,15918057861371.65,10130333986339.83,158945658977.5454,905371206678.3618,555105901383.2668,5676640385665.572,16823429068050.012,45175122040898.53,9448204400564.867,97803482164307.6,96428688998621.6,5498161510939.334,16910181968853.504,198856640810195.25,63029958190576.73,30073189197783.188,163509246877491.72,51869565659097.98,339878076035543.56,286297557178015.75,7436332329947.046,217735476090.88834,324623625077.1747,17798995415795.684,3126628952822.406,3023752729764.498,7329583466927.553,2384398584670.8047,18217168374774.18,23424882206321.875,CRA40,M
77,2006-06-01T00:00:00,506423443295365.5,411474857568411.0,544186959864031.3,162525407171942.38,583020809324110.8,38833849460079.39,25.375999999999998,22.73,17.502000000000002,76.106,4.209,4.844,1905263155030.123,123691557711862.98,15918057861371.65,23129862521959.64,17353272422657.59,905371206678.3618,1124699598424.0967,832238812359.8977,16823429068050.012,24254562120383.74,36174105037242.2,9200092480227.156,138091297155088.88,122947262369351.36,14000446881479.398,31711348868689.812,240285876868921.62,75994654353106.08,80555877932901.03,252241438894043.12,48123598503680.76,482894704485190.4,382965800186982.9,8808782828708.27,623165129146.3049,762432072817.042,18340886925775.94,2919196923750.35,6749340927879.725,11038326984899.467,2795664398626.1416,23528738810175.133,28509057381428.11,CRA40,M
78,2006-07-01T00:00:00,539569670592048.2,481133898765776.75,625115495838082.5,172668538299229.03,659731248026819.5,34615752188737.0,24.293,22.084,17.305,79.952,5.011,4.513,1905263155030.123,138052786110492.03,23129862521959.64,17639137442703.43,22317701707674.582,1124699598424.0967,629443997528.7156,837377121464.2435,24254562120383.74,18268581440232.145,73631033604069.1,8466406550922.947,151862361269887.56,121841415779532.47,45282353161020.54,84282824217570.56,178161198813327.03,90071247880083.17,150213015256371.78,223692705283944.6,81957429894772.22,519888193161130.8,455613997125491.5,6510943686675.17,2524788062474.689,2777968537535.4165,10152615565521.068,2040091463804.8762,7942147990573.199,8352473742901.9,4900350021716.316,19681477430917.36,25519901640285.273,CRA40,M
79,2006-08-01T00:00:00,531742360495177.6,434399813971963.5,574946761164143.4,171846955556985.8,612111288945197.8,37164527781054.28,25.854,23.425,18.035,78.373,5.028,5.254,1905263155030.123,134682427775931.53,17639137442703.43,19682756604447.133,21842922386965.414,629443997528.7156,885381430350.5908,951103417246.9987,18268581440232.145,20568138034797.723,39639437847283.03,8495786175419.669,148647550763016.7,127908009918529.98,50703629281948.99,84680646906812.16,159809214855840.34,83995394640027.56,135144359036097.92,212588348233367.5,60959250622792.234,509172399698737.2,406616453796679.5,9433133624293.074,2930450427397.1245,2530762423897.379,11124763587302.574,2389154021621.6333,9874317931352.594,8216910726628.337,3853828229231.7017,22569960796440.42,27783360175283.996,CRA40,M
80,2006-09-01T00:00:00,412466661255627.94,385823109990830.44,476188641506791.94,123307542004451.2,510901372961096.25,34712731454304.36,21.698,18.605,14.777999999999999,71.84899999999999,5.29,5.616,1905263155030.123,88594810550146.84,19682756604447.133,11093312884999.695,15622132231432.232,885381430350.5908,444943945706.1223,691094282782.1262,20568138034797.723,11538256830705.818,52921378081257.45,10214797853517.92,103325208286042.12,113462231865572.1,13616194669909.53,30625947746069.11,212630206426744.66,53127506246450.195,87038610958443.66,196154023109478.03,48485108280652.28,393369708967569.44,361770120335750.1,7511701376712.805,475608417870.96564,717600713732.5393,15674345744354.172,1843793212191.6965,5767274544842.96,9023856985421.447,2135760948012.211,19096952288058.49,24052989655080.31,CRA40,M
81,2006-10-01T00:00:00,217781717774032.16,229252396511737.03,263750671676880.1,56951349396258.125,289285826070585.25,25535154393705.11,17.307,11.911,9.796000000000001,55.163,7.762,9.788,1905263155030.123,31416195002553.016,11093312884999.695,4445586047351.557,7866595415633.697,444943945706.1223,143436076055.83368,413295740857.809,11538256830705.818,4589022123407.391,35937639032959.47,9798271316049.363,45646136119391.41,64662051355558.73,4345313151123.0176,11606455742737.191,148891101803319.47,27519242973022.11,33843533029102.31,103133698371553.5,26579001526592.312,206921448442871.56,213658949510137.12,4867580371086.59,170386704350.2095,188107536302.43195,11404567483945.773,1281888330969.4104,3414412965659.35,4522693092802.162,604079847644.5662,10860269331160.594,15593447001599.898,CRA40,M
82,2006-11-01T00:00:00,184932871535611.06,189272476726767.72,201496829153485.22,35278948269296.81,227228157664965.72,25731328511480.492,11.399,4.7379999999999995,4.032,27.063,15.427,22.176,1905263155030.123,9547619757816.32,4445586047351.557,2884161866628.168,4909665939751.785,143436076055.83368,75451195752.47513,294061717932.83386,4589022123407.391,2959613062380.643,12257815887946.232,12028190492605.074,22967877383212.29,66037218987960.75,2236349686869.7134,7309261324755.722,127028617205025.48,18270538004708.41,19033574851866.184,81148218408157.5,27346248159883.395,172765236725582.38,175644789903644.78,5272574060866.827,94323527953.35873,94008744101.89462,11464133429235.254,1095078173654.0571,1526259222991.6685,5705973831405.913,542970642942.6632,12167634810028.691,13627686823122.945,CRA40,M
83,2006-12-01T00:00:00,171046276508796.4,178267716788197.1,191182989814587.62,32421246363756.812,215985261486164.12,24802271671576.5,10.922,3.9849999999999994,3.4070000000000005,23.5,14.273,18.432,1905263155030.123,7618974692180.314,2884161866628.168,3537765577466.3066,3508030012055.8667,75451195752.47513,205582751729.68677,188758078588.15656,2959613062380.643,3743348329195.993,15624150238396.334,13093864413520.41,20880331955250.637,82698440883917.88,1181407803200.136,6013148029223.874,107085590735515.08,17238519374949.656,22349702627738.92,53630705007951.3,36148191115416.53,159580813296042.72,166764892281870.7,7216010713531.639,31615189687.006218,56710047420.68344,8695365474209.799,1521298229080.9243,1895291210391.588,2671444222720.4526,880552632038.0063,11465463212753.7,11502824506326.398,CRA40,M
84,2007-01-01T00:00:00,132336701577112.38,139843713900372.28,147601648619381.78,20347423566569.72,165956622192079.2,18354973572697.402,9.045,1.35,1.1860000000000002,9.792,43.36,54.096,1905263155030.123,1992449993872.3164,3537765577466.3066,2516609851108.5,2786852473446.837,205582751729.68677,117897478960.71461,144870627467.75513,3743348329195.993,2634507330069.215,8390621318005.445,10128123179344.11,13350277782293.58,58494032643613.484,1090757546144.8694,6290856037567.329,90945338704541.47,12800308554397.639,12088320415247.072,47959941308987.47,27610344320046.285,125545138544565.92,131734760985979.7,3683847331326.2026,29331960987.08083,155867113118.66238,6490025605951.177,1029667730060.2262,923010584665.303,1922180858041.361,666584762789.019,6791563032546.453,8108952914392.58,CRA40,M
85,2007-02-01T00:00:00,152585342041284.62,134386121247009.47,156417660751946.1,43695831223516.2,180481579910848.84,24063919158902.73,18.692,12.551000000000002,9.81,44.929,5.374,12.234,1905263155030.123,19631912064613.473,2516609851108.5,4963166500797.256,3768153548481.8774,117897478960.71461,436267866328.96515,357400899151.2131,2634507330069.215,5399434367126.221,4197618307395.3184,11458742244012.668,29237282052700.48,49321636557507.78,2147833641241.724,5282479551990.816,78874720397835.67,11433574871551.775,21414463357274.65,72206999368379.25,19780194802096.348,138244690349429.62,122217212198448.38,6838770922504.385,163033887475.95456,130587987698.09142,8238252019934.788,922121050911.3292,3020335270259.4155,6449171730741.204,747287870890.9425,14340651691855.01,12168909048561.102,CRA40,M
86,2007-03-01T00:00:00,231910521810137.03,227971871269996.38,252030406333168.06,53662200046541.42,285138812108706.1,33108405775538.07,14.269000000000002,8.155,6.723999999999999,38.302,7.332,11.955,1905263155030.123,20553794271003.35,4963166500797.256,5689398249547.002,4861468642716.901,436267866328.96515,126400217134.4776,330265782283.41833,5399434367126.221,5815798466681.4795,17031507830417.95,15388648818777.398,35962493553250.88,82599792262586.52,1831416029444.4722,6854207725676.858,147339066311484.0,31553587344875.52,30828974444004.31,93639495850036.56,30379057745437.414,214647083183175.47,210378514530370.2,8500880405751.26,85713061923.28923,221911591720.14117,12080468838603.518,2663938722208.9224,4189004964271.8403,5876707907281.247,1238169874827.541,17263438626961.57,17593356739626.188,CRA40,M
87,2007-04-01T00:00:00,263674380779249.2,243321248754958.0,280000152038754.75,65367724350781.33,309578746220900.9,29578594182146.15,17.598,12.781999999999998,10.363,54.75,5.409,7.974,1905263155030.123,35789130168635.18,5689398249547.002,6155851215939.979,6452638209072.007,126400217134.4776,112041418562.29253,396380996521.387,5815798466681.4795,6267892634502.271,15888092312164.79,10716389202009.719,49273215629430.91,66264996683036.06,4486562541746.174,11319330974574.37,149598621132610.53,71110704672725.72,14408368869813.373,99011239944697.1,56077532649213.766,247706272275033.25,224571085193383.88,5680387523624.467,202495423464.8777,303041876619.1087,14386118124109.52,5245813947221.484,1527681547309.6614,4738865156750.888,2633868466690.0728,15968108504215.947,18750163561574.13,CRA40,M
88,2007-05-01T00:00:00,369467254916403.94,324134389511643.3,389452268511602.3,98204851817545.62,424169985335263.25,34717716823660.93,20.348,16.302,13.019,64.64800000000001,5.309,6.591,1905263155030.123,63487134993884.695,6155851215939.979,9908576111921.746,10872685353672.164,112041418562.29253,455200606272.3491,562435649402.163,6267892634502.271,10363776718194.096,22250153672815.92,10427303087081.746,79244516018344.03,79888697684081.42,10278406073632.8,26402989463574.61,192796469036918.4,47954437731901.125,53695380207494.51,196372835656207.47,43528921063290.77,350618960535764.6,300299176381336.5,6534577790710.916,519753962720.7689,547376379423.1184,16139708850039.994,2082209553446.27,5388211761637.631,9684130657059.006,1787538555908.4277,18848294380639.31,23835213130306.82,CRA40,M
89,2007-06-01T00:00:00,458080975131510.75,383844494843065.4,511401927186890.75,156034982881270.1,548859798975566.44,37457871788675.66,26.198,23.186999999999998,17.766000000000002,75.994,3.744,4.317,1905263155030.123,118577111092594.44,9908576111921.746,20634688699585.13,14799888592835.352,455200606272.3491,1023817169205.5841,710931116643.9047,10363776718194.096,21658505868790.715,55635359954745.76,9378713171451.709,133978085092258.58,114854244861227.75,12758399378851.895,33416385703434.223,217895320764572.2,79583786383452.17,57614359255632.305,208624861000657.38,68521073995990.664,436479277948771.56,356789153395047.06,8301952928101.197,534793642845.6282,901863626845.7848,17585907587947.074,3316611418372.5034,5784344005617.781,9081269209419.678,3150296211607.845,21601697182739.164,27055341448018.33,CRA40,M
90,2007-07-01T00:00:00,571429646459399.2,448783779403243.5,656907602745128.5,249318327514871.47,694738464063794.4,37830861318665.875,33.98,32.194,23.337,84.82600000000001,3.055,3.38,1905263155030.123,211487466196205.6,20634688699585.13,14507139776048.314,20839440525955.316,1023817169205.5841,529757178887.4043,960857382455.7954,21658505868790.715,15036896954935.719,82219990226194.97,7701306820486.762,223216480885128.22,132848694348956.47,25161183386270.43,43424791720406.36,231431517244875.22,100506924458216.36,87516845173070.61,269571206471282.38,75074436279735.56,546351616998861.56,419183982083951.9,8814698939312.883,1141571319531.4778,1113273216011.257,16572040706262.893,3189037343148.9126,6451676969563.946,11961019962064.604,5434508323933.34,25078029460537.656,29599797319291.656,CRA40,M
91,2007-08-01T00:00:00,556733767414806.1,435776090709812.5,616003755751595.0,210923906373112.44,652329086914283.5,36325331162688.44,30.305,28.344,21.114,82.77799999999999,4.14,4.429,1905263155030.123,174598575210424.0,14507139776048.314,21128541835458.5,23315991584280.633,529757178887.4043,1201792477784.4204,1039367132194.9143,15036896954935.719,22330334313242.92,60934335863737.625,7542713318719.239,186679948572508.7,137428527992850.61,40284312169711.87,73325427195065.36,157458355716785.0,91171300563254.4,144628995169201.88,231094311041919.4,65823602287929.016,533019566793089.75,408195265343627.75,9270668205362.01,2120586639151.81,2621477873352.0312,10992975738554.326,3045893448917.4375,9684639437098.549,8776161094084.88,4782623551380.071,23714200621716.36,27580825366184.758,CRA40,M
92,2007-09-01T00:00:00,453917969680643.6,400426203210296.2,510280544937075.0,147496395961234.5,547858188038709.3,37577643101634.31,24.171,21.541,16.711000000000002,74.523,4.391,5.028,1905263155030.123,109918752859600.19,21128541835458.5,14166240230328.121,16088939784875.035,1201792477784.4204,624180917157.3264,767525749411.4078,22330334313242.92,14790421147485.447,48887073223495.31,9299794290551.914,123341769390375.72,120224058547303.1,12638612055833.744,30473814380770.586,202471673673595.06,50834696084644.88,110529117319378.81,229432566574850.72,47133132267563.516,430965135587569.25,372772535316371.1,9105551058448.854,470130401092.65076,650369194811.2079,16067118593511.564,2002770737498.9966,8863149113224.115,11194143102315.291,2253269786096.722,22952834093074.348,27653667893925.055,CRA40,M
93,2007-10-01T00:00:00,315059919119947.7,331789941806970.25,357744801567562.56,56712775184748.24,390141464497871.25,32396662930308.664,11.825,6.797000000000001,5.867,42.876,11.684,11.877,1905263155030.123,24316112254439.58,14166240230328.121,3945185792231.2837,9164556556043.053,624180917157.3264,141602667180.10205,388178918853.12274,14790421147485.447,4086788459411.3857,30342502253388.04,11960870585393.094,42303863646096.53,87477790598188.12,5364501308372.488,19392538923009.332,211891950067662.78,21347166220284.59,68665152958848.836,173057692756971.3,25574147794350.652,301275188498453.3,311495752129234.75,5210118039203.264,217048794133.9939,527381283254.7332,14520810930488.73,840812259073.2319,5010610427113.185,7206419039963.156,545719525999.5602,13784730621494.385,20294189677735.47,CRA40,M
94,2007-11-01T00:00:00,155480801363209.16,162704235980117.72,177449107843726.2,27831773447409.117,195324584800326.8,17875476956600.617,11.207,5.611,4.8500000000000005,35.772999999999996,12.518,13.618,1905263155030.123,9956296490808.5,3945185792231.2837,3558882619928.122,4154545898211.8105,141602667180.10205,215174424181.45157,188310374416.59735,4086788459411.3857,3774057044109.5737,16866999692415.256,8959195388393.348,19887096387706.17,50561842055373.0,1917084619467.5444,9177499064197.96,107467738554262.69,20451002834265.86,11971193260786.535,67487383016849.5,32647112401575.15,147677726970686.3,154003128836091.9,3081045147635.401,37649334959.925285,70364908839.22168,7263957728480.517,1342140239146.2334,746257343292.7795,3309524096901.9883,653242737292.5968,7803074392522.845,8701107144025.817,CRA40,M
95,2007-12-01T00:00:00,145772846936342.56,157238552098398.9,166469529624778.75,23749107411888.695,186718607391279.72,20249077766500.973,8.794,2.103,1.8399999999999999,14.738000000000001,27.905,34.736,1905263155030.123,3500029645387.7227,3558882619928.122,3212192880462.0283,3150558053165.9766,215174424181.45157,122417542142.93521,163409415191.88123,3774057044109.5737,3334610422604.9634,14526288185939.473,11506081442900.312,14639363427375.535,66027525883333.0,1342157627543.2983,5592394793340.098,105603680043853.06,10712356008871.744,18923875396736.543,54546000690466.0,22748260248808.285,136878277376010.84,148617973316941.2,5805698514886.27,33534869705.881622,73724003644.18733,6555551350052.902,789201472107.0977,1511961731560.525,2225945569694.154,519530830138.4155,8894569560331.709,8620578781457.725,CRA40,M
96,2008-01-01T00:00:00,238544625929551.1,213174722381975.22,225470434039971.28,55176915041514.14,265816657003211.16,40346222963239.875,14.296000000000001,6.578,5.284,26.878,7.223,16.449,1905263155030.123,14830692078274.268,3212192880462.0283,1748354847546.6885,3455614513777.1855,122417542142.93521,219030132149.8907,327887731076.5405,3334610422604.9634,1967384979696.579,-11906436912209.988,18441429435430.586,32233120206108.78,81873718139289.48,1046091745846.9865,5215721778312.314,143679850468879.94,8822920723395.904,32209431001386.87,119810887995290.94,14553585770201.986,215723248636288.66,191488958986315.8,11893920767574.166,65627981639.03108,163043947275.00787,16234911965152.672,1168690090006.507,4836485964600.222,9595722488406.75,548737484267.4837,22821377293262.43,21685763395659.41,CRA40,M
97,2008-02-01T00:00:00,147116981419718.2,145725001552628.44,157022014965770.56,29397594775953.04,178951138167155.97,21929123201385.414,12.350999999999999,4.756,4.006,25.405,12.288,23.573,1905263155030.123,7468471574567.623,1748354847546.6885,3198252140221.7544,3164618351909.3926,219030132149.8907,152175248009.21674,252955703190.9338,1967384979696.579,3350427388230.971,7459534116012.273,10482172956984.695,19393536269311.87,52216508402820.67,1039732812405.2849,4375552452184.199,95585957279396.03,14361371364971.84,15488275458592.578,66378520825250.19,22316261005843.043,137331953045226.9,134430226556236.94,4690759709648.405,46194668316.499306,136141606735.46469,8694589302800.923,1177975394932.265,1851948177678.8262,3780151663175.1426,702042847595.2538,9785028374491.277,11294774996391.502,CRA40,M
98,2008-03-01T00:00:00,216008201392160.2,188012827390301.53,215565223026360.6,53250408440439.61,245011823026214.06,29446599999853.492,17.933,11.043,8.855,44.702,6.614,12.772,1905263155030.123,23803808440586.117,3198252140221.7544,5279844988091.7705,5078427937956.518,152175248009.21674,548482125202.757,408643000061.81915,3350427388230.971,5828327113294.527,-1713665836208.9727,12512992693281.332,38657675829336.66,65436828171301.766,1157325617604.3335,7264398684761.268,127408287861351.72,26527870098483.56,15600692944653.658,102338547074519.88,27461395785322.457,201567644029066.47,171627702208932.16,6552337413220.791,45341301631.79847,143638019286.02307,13224353007885.506,1812699487495.019,1959686475644.474,5931882443091.9,1155744396207.6104,14440557363093.734,16385125181369.389,CRA40,M
99,2008-04-01T00:00:00,254017674924519.78,232930001203940.44,268282968627989.8,59977798192576.53,300094443304455.2,31811474676465.35,16.768,10.499,8.58,46.961000000000006,7.038,10.878,1905263155030.123,28166323516111.18,5279844988091.7705,8018743719127.699,6607966538110.55,548482125202.757,481715898544.2384,425545215160.31744,5828327113294.527,8500459617671.9375,9750782299909.25,13677698131216.969,44986284351625.82,76767075890505.89,1952361647920.5872,10027527686436.469,155359784929712.25,24300288927330.453,34273008409371.777,128479750704499.0,23692785570231.645,239574643208771.8,215277940557236.28,6720039920732.504,88133251280.27548,221400515126.59473,12792978125866.742,1250344686430.4873,3935528613322.284,6251246593458.371,835420656234.8466,14443031715747.957,17652060646704.15,CRA40,M
100,2008-05-01T00:00:00,350735592329210.9,285871064449597.0,378263395958830.25,121239826473114.2,409718528353330.75,31455132394500.547,27.216,23.735999999999997,17.974999999999998,74.055,4.055,5.812,1905263155030.123,89784694078613.66,8018743719127.699,11944951465346.445,11745666195940.945,481715898544.2384,699546415542.1891,701390373489.2595,8500459617671.9375,12644497880888.635,29064204462216.438,8256171227553.37,102946794795291.81,74036757210555.48,14818593454082.969,24279164750471.58,172212102925953.5,69784884950189.78,41012622790219.164,164823469638715.94,35328330527936.38,332924276549932.75,263371649698192.0,6758962179550.507,897605831268.158,778651440555.2722,14906573148510.475,3324316294374.424,4988555028107.912,6949385864797.951,1706680743518.4216,17811315779278.156,22499414751404.97,CRA40,M
101,2008-06-01T00:00:00,462242088291179.0,359345958516417.25,523795923837058.5,191043549178542.12,556840536127530.1,33044612290471.625,32.249,30.164,22.103,82.703,3.22,3.887,1905263155030.123,157998936888070.5,11944951465346.445,20568748122220.695,16956204898149.736,699546415542.1891,1155017265791.821,853070646728.837,12644497880888.635,21723765388012.516,64182074620432.72,6849646861679.819,168921165361420.47,110887526278424.28,14747657625555.625,29751283175090.71,202557475654056.7,94874940454912.22,40642026401833.805,205305500981172.28,76358850671971.2,440819250889599.5,334306010353417.3,7970906310175.119,620017722231.712,754261563096.4657,16352461110650.457,3760460737252.2744,3276208178984.9517,8937208791055.611,4791261151132.832,21422837401579.47,25039948162999.953,CRA40,M
102,2008-07-01T00:00:00,555278023919300.9,418694850716509.25,620887678024883.9,237090694646135.88,655760256145665.8,34872578120781.938,34.277,32.568999999999996,23.569000000000003,85.291,3.329,3.756,1905263155030.123,202218116525353.94,20568748122220.695,17045433230086.043,21718102976465.52,1155017265791.821,910260489689.1367,1020995454420.2961,21723765388012.516,17955693719775.18,61866871654325.06,6290807055669.295,212818904653712.0,126091728531282.47,31507581513172.992,62154182853037.47,183392476237922.72,102666592179240.12,101676666012701.89,241248747629108.75,74446616377288.23,532161251192668.8,391023340141085.8,8227245105972.091,1669663621643.842,1675466519815.802,13860918121658.365,3099620608146.341,7047807520214.611,10114440492697.816,5093121311906.646,23116772726632.05,27671510575423.46,CRA40,M
103,2008-08-01T00:00:00,538224202852858.0,409069752518964.1,582770075233348.9,213182091707161.1,618581578069629.5,35811502836280.625,32.042,30.436000000000003,22.284000000000002,83.20100000000001,3.44,4.135,1905263155030.123,177370588870880.47,17045433230086.043,15274751202311.082,19684913502199.85,910260489689.1367,865179577971.1401,985766969439.6165,17955693719775.18,16139930780282.223,46400375597493.625,6641909459771.079,186729985310612.06,128838117127577.48,21651135186480.96,40169455962074.31,224096717335641.56,78963227333813.02,80349379880100.66,264711556522533.3,54668106318202.625,512682356945998.1,380765338720425.75,9253872324519.61,1120912285611.199,1256978249503.2393,17103825914756.666,2651819317961.037,5961913151709.25,12379176014876.006,4117762446461.278,25541845906859.89,28304413798538.39,CRA40,M
104,2008-09-01T00:00:00,453714283552666.9,405564719446472.94,512622136537575.7,145043622125628.03,551652253054247.56,39030116516671.83,23.623,20.681,16.12,73.091,4.557,5.384,1905263155030.123,106013505608956.2,15274751202311.082,13817532461165.738,16103315089363.656,865179577971.1401,639783686922.6621,792771394113.4731,16139930780282.223,14457316148088.4,56181326870568.484,10531634246166.297,121098583213519.81,124173443825188.38,9556813711218.379,29705117658298.465,216156783793592.12,42580596595896.77,125779134008533.9,234175266139146.22,26213289349545.727,430634424218529.8,377706020862890.1,9800978633544.459,351164527795.5003,721371060348.1455,16039215433953.422,1567617612523.0728,10751680069825.76,10989892027721.395,716638552008.1323,23079859334137.074,27858698583582.812,CRA40,M
105,2008-10-01T00:00:00,295598092867707.9,277287983665087.34,320627977374175.75,74991777285802.47,350578648226474.3,29950670852298.53,18.227,14.048,11.385000000000002,60.061,5.365,6.786,1905263155030.123,45041106433503.94,13817532461165.738,4746582025953.513,7795739194041.248,639783686922.6621,222036980655.4687,410794666441.04456,14457316148088.4,4968619006608.981,17242300089404.055,9880809200827.965,58441236353949.96,71309740231210.78,4217899318342.0376,13467390202045.535,188496496886579.94,25835666643121.438,35717234779622.27,169074538546400.25,29008528009728.016,279687335622778.0,257440158994272.28,5288304101898.997,120672074058.84427,218237475302.76224,15353078913753.047,1204769749034.1875,3607782602952.093,9199445918693.896,766291080051.0918,15910757244929.844,19847824670815.074,CRA40,M
106,2008-11-01T00:00:00,162801393561790.62,184768541626368.66,194631066368219.88,25952518276003.55,216525391903042.12,21894325534822.25,8.609,2.085,1.8399999999999999,15.637,30.1,29.794,1905263155030.123,4058192741181.302,4746582025953.513,3319954243341.3896,4071753584310.462,222036980655.4687,80225793570.57843,167929354830.09796,4968619006608.981,3400180036911.9683,24456901836062.336,11601393172423.938,16755277067337.555,75631104829534.95,1655371572170.3008,7089941834353.779,117885287093842.52,29901362281459.227,17048074624428.316,41203780388432.125,37967101767099.805,153826189333780.1,174555835057540.94,5226071298851.386,20750435532.184254,94727975188.79623,8064710596166.083,2494112051266.9043,1332903663935.5886,1160292902703.4414,794341873193.8744,8975204228010.527,10212706568827.73,CRA40,M
107,2008-12-01T00:00:00,178993855157575.1,188327966113993.0,195974495465832.56,28097545201291.28,222516347005418.5,26541851539585.926,7.521,0.7939999999999999,0.694,5.537,69.538,74.269,1905263155030.123,1555693661705.354,3319954243341.3896,3216717174992.828,3489649120644.8623,80225793570.57843,405586438839.50226,155295460893.677,3400180036911.9683,3622303613832.3306,11111928195043.629,15826900784157.516,14739176493435.676,82181650089651.67,1337053377667.76,6478247816736.302,121188861179637.69,27169249219186.574,18327906180497.375,49886565117715.54,37164781059601.266,165715712243290.06,178018601797404.1,7602946157532.843,40090570635.20036,59994229433.77299,7614160789102.226,2466912576969.485,1567024106054.1833,3148289950348.9272,1088088850797.3026,13278142914285.027,10309364316588.912,CRA40,M
108,2009-01-01T00:00:00,190345681912809.97,192429248274369.94,201608482735659.4,38752993340147.94,236388800443685.84,34780317708026.426,10.01,1.97,1.653,10.251000000000001,27.457,42.715,1905263155030.123,3972675632121.512,3216717174992.828,3728514052263.448,3518581195327.1426,405586438839.50226,338560653575.7097,228084249677.16113,3622303613832.3306,4067074705839.158,6501013085688.312,19711667470443.98,20180809993032.766,89878048885274.19,1094597373675.2866,5427475103502.51,122314051238312.39,22472740177659.734,19879735037445.62,54400820838097.88,34410775040929.93,172179085004534.3,177699158690363.22,11609884096022.832,45185091923.117905,66935212342.17663,11137057911792.498,3127062295503.118,2167461648873.8809,3362715304407.5396,1380384931417.2363,18166596908275.664,14730089584006.732,CRA40,M
109,2009-02-01T00:00:00,188539702321064.34,179628510363512.44,192364250157140.22,38103916851175.336,219961350212357.5,27597100055217.258,12.464,5.462,4.559,27.573999999999998,9.575,16.028,1905263155030.123,10506816795958.078,3728514052263.448,3017646811290.3936,3593020181581.3687,338560653575.7097,344880129841.4276,250593172365.08188,4067074705839.158,3362526941131.8213,891077073698.8477,12993281380601.2,23977031527112.04,72975330984408.25,1062933682068.3398,5371164865845.152,123455516555387.36,11627027700212.824,25977883908057.047,84777854100110.55,14873237673225.074,174751377650576.75,165369571818737.8,7956307309907.176,58822089394.2321,129100420656.93985,10648589411234.701,1206003196921.9146,3228194214053.9155,4496913743001.558,323332830091.786,13788324670487.586,14258938544774.635,CRA40,M
110,2009-03-01T00:00:00,224741279088683.53,214841454398245.03,234080880951057.8,50868783288963.734,270070419450980.75,35989538499922.92,14.119000000000002,6.356000000000001,5.222,29.25,9.961,19.177,1905263155030.123,14879244789040.814,3017646811290.3936,5185093386794.441,4780973849617.822,344880129841.4276,554935555160.759,383520539030.95795,3362526941131.8213,5740028941955.2,7356922099425.719,16440065352981.207,33048870757799.254,76518271087809.64,1728419522816.5603,7323917033541.326,140708324821987.75,27827112978109.0,24169943791686.402,95596945587900.5,29240228669973.387,207266246687360.47,195846916806464.1,9024175865073.656,86575971847.9981,213122068544.35284,13831111769913.363,2387942598672.2827,3648098040875.0664,5849791869032.758,1428751809144.5186,17475032401323.05,18994537591780.945,CRA40,M
111,2009-04-01T00:00:00,264832975157792.16,256413793599951.0,288097511855405.0,56195476968580.61,320185381987178.9,32087870131773.89,14.435999999999998,8.368,7.002,42.9,8.975,11.854,1905263155030.123,24107606836806.72,5185093386794.441,8320691809792.789,7212390718655.149,554935555160.759,521249791928.0121,396901659091.9418,5740028941955.2,8841941601720.8,18790337938731.164,13339398553628.324,41590248231878.766,84647243628850.97,3427730096773.2954,14100662782402.102,156665327388663.47,32130642545518.184,37682094441705.93,119904133019479.83,40411419886590.76,250782681976251.06,238186571813733.44,7047168207433.108,162099178934.1827,370564897396.50134,12593426839274.02,1835968846026.528,3616614392906.624,4796591230684.943,1855081375102.7207,14050293181541.08,18227221786217.547,CRA40,M
112,2009-05-01T00:00:00,430014973801530.4,359940248940081.9,445873398375723.94,127443106618059.1,485990928164720.7,40117529788996.78,23.250999999999998,19.585,15.232000000000001,68.521,3.845,5.479,1905263155030.123,87325576829062.31,8320691809792.789,10463877236317.219,10830477556974.543,521249791928.0121,698123981022.5759,643064785589.991,8841941601720.8,11162001217339.795,19570911583232.875,11219732301217.85,103668945706081.1,96064032394970.62,6969972915213.418,24663981843704.42,215606200566428.7,44939813240719.31,70713936488660.78,241094235202086.0,38450465463022.69,406762062681480.4,331740575433325.56,7865406183898.64,291061775693.9902,649144062458.422,18296913376318.84,1875817975547.5674,8264789579418.233,12862542898145.365,1346908775325.2769,23252911120049.992,28199673506756.34,CRA40,M
113,2009-06-01T00:00:00,453504554487435.25,391027485098226.25,505691841604142.1,134854757939715.38,541609275371195.25,35917433767053.125,22.808,19.564999999999998,15.445999999999998,73.366,4.97,5.057,1905263155030.123,98937324172662.25,10463877236317.219,24094368060562.016,16389630635157.656,698123981022.5759,1373200879307.0376,694929758892.9702,11162001217339.795,25467568939869.055,50765822505982.53,9778264035054.652,115335957298045.39,121933388396121.5,12230349569551.8,34480147335037.89,225729245127363.22,68521611312254.195,80801794497097.89,209748730783374.25,47500127051521.89,434683877826787.8,366261516245534.8,7878133766220.054,548884708777.21735,919297357828.7568,16058964325424.273,2250834926929.758,5750328083757.187,7772410609668.844,2407791734732.7373,18820676660647.414,24765968852691.414,CRA40,M
114,2009-07-01T00:00:00,650700149161302.2,528841769012353.5,721345341065958.1,234285390411216.75,766219405221723.5,44874064155765.44,28.283,26.258,19.820999999999998,80.84599999999999,3.85,4.111,1905263155030.123,189411326255451.3,24094368060562.016,23224305221761.965,23525273248075.35,1373200879307.0376,1222933756269.1133,1046559034677.5371,25467568939869.055,24447238978031.08,66532616144664.55,8910466250375.055,204019930980964.03,165889632806786.75,31273061070927.86,63556258210122.45,262119177709525.56,86031011579986.42,143926562572706.8,306330988013461.0,56782303510071.984,621807890610356.6,494101104863232.25,11623780291939.693,1486724670566.6184,1933195075741.8882,19246891208800.516,2458979679517.74,10749771127953.93,12876303503746.363,3257277141800.2046,28892258550945.688,34740664149121.266,CRA40,M
115,2009-08-01T00:00:00,524231068197735.9,420679904585518.06,603337382652193.1,213759377114313.06,639597797089098.8,36260414436905.56,31.399,29.42,21.723,83.037,3.531,3.89,1905263155030.123,177498962677407.5,23224305221761.965,20435611842215.29,20218748375538.742,1222933756269.1133,957063323534.646,928093321599.2676,24447238978031.08,21392675165749.934,70893235252908.58,8082912665534.6455,189442304672296.1,132339854375391.67,23688083824383.582,47598011100094.56,212249666018464.6,75459446689115.66,93415676282605.11,245739617347386.06,64106040012228.52,501136929511988.0,393459466137681.8,9011039729551.947,1136853844398.58,1582847561032.2034,15075327765827.545,2279378909666.0537,7313073607439.271,10220872485497.637,3695183230170.833,23094138685747.844,27220438447836.227,CRA40,M
116,2009-09-01T00:00:00,446275062472556.25,422902505955038.56,504594356396860.9,118131581754183.05,542109124639279.5,37514768242418.67,19.173000000000002,15.977,12.946,68.243,6.242,6.42,1905263155030.123,80616813511764.38,20435611842215.29,11282956305097.996,16773517739674.393,957063323534.646,474144092046.0117,718822761650.377,21392675165749.934,11757100397144.008,47608682225640.78,10701792119885.676,96747726167211.19,120527764225304.58,18179712728497.625,36028215282660.83,205524763967470.12,46381509806666.766,139490761152234.38,222910780894486.9,33368436076349.484,425848270209119.06,396563673924551.6,8476548171521.83,686446882281.4467,784272988731.7705,14090061734779.008,1373177502469.8462,10509141207640.402,9792793600713.766,1053182205786.1077,20426792263437.215,26338832030486.965,CRA40,M
117,2009-10-01T00:00:00,315255570470591.0,298651022021630.25,339499022430505.44,73196232187444.42,370980946803367.44,31481924372861.96,16.881,12.286999999999999,10.108,56.989999999999995,6.348,7.641,1905263155030.123,41714307814582.46,11282956305097.996,4108273842972.0938,8541602313325.65,474144092046.0117,147122236295.82053,428393563295.9067,11757100397144.008,4255396079267.914,17608055047745.613,10763202969447.824,57311325733021.4,88211197642249.22,4647003221875.811,14845716171293.273,212929634247596.88,24587056338730.438,38315790210036.05,172200837955941.06,22186995175003.21,299844808108214.0,278079422854511.94,6423849498953.744,166939682131.7933,301592103841.3468,16084779723804.29,1156405865776.8044,3458086123003.007,7528914893805.116,861793638179.2202,15410762362377.012,20571599167118.31,CRA40,M
118,2009-11-01T00:00:00,232642095613098.4,232241619396794.53,246695046122514.44,37920429570802.555,275772666899810.8,29077620777296.355,9.794,3.585,3.107,23.319000000000003,16.7,19.508,1905263155030.123,8842808793506.2,4108273842972.0938,4743599909051.143,4922527410518.541,147122236295.82053,298935683713.78186,239589448788.0696,4255396079267.914,5042535592764.925,9229472090699.322,14326313843116.703,24162198067134.633,93960817390538.98,1191154486226.2258,7687260549483.288,165503722041314.7,15364596969105.37,25127526971327.54,102018311436598.69,25966844647460.21,219030986345726.3,217789248146328.66,7453280418710.9,26795936786.14059,91816314141.0299,11840633329241.09,876298381439.1079,2016766021525.4578,5189714153081.064,568175962913.1804,13611109267372.104,14452371250465.867,CRA40,M
119,2009-12-01T00:00:00,179070253337822.16,179372355220705.66,188699456037999.75,32628971993548.016,218033432156889.44,29333976118889.7,10.209999999999999,1.746,1.489,10.098,33.267,50.405,1905263155030.123,3294995874658.315,4743599909051.143,2299218536334.3296,3535925629007.333,298935683713.78186,205346573031.76895,223231134091.32352,5042535592764.925,2504565109366.0986,1059127274142.9937,16889698144351.209,19266813682466.453,77761336344683.39,1058492426549.97,6095730091058.395,123228336068350.23,19209707861978.1,17135564234610.875,62940256412734.49,25711031089687.875,166007030710454.38,167133423819198.94,7865624195782.942,51156956536.778046,105817601280.6796,9977742283442.719,1785590069749.3008,1445474051712.051,3306190760554.858,764558109815.1721,13063222627367.781,12238931401506.719,CRA40,M
120,2010-01-01T00:00:00,148948935012410.06,156300988971038.75,166182966512196.62,27598806073920.754,190881221865988.3,24698255353791.69,10.019,1.745,1.497,10.51,30.89,43.335,1905263155030.123,2900550720129.0625,2299218536334.3296,3082359705704.549,2890221686047.366,205346573031.76895,297995484544.983,168944287435.6693,2504565109366.0986,3380355190249.5317,11128394759641.174,14549467239087.658,16650410465612.379,63323236166108.05,1296999396612.6267,5765902804586.914,108674254588883.22,18877433187898.81,15722760702813.857,50239313818539.68,20756181652569.996,138205885977133.45,146450196340879.7,6217351037665.143,62412934256.99612,54439312619.30887,7840533276051.29,1917022150879.7402,1527878952797.8628,2554236534112.4146,419967467052.8999,10743049035276.605,9850792630159.049,CRA40,M
121,2010-02-01T00:00:00,180969767050294.9,174667628104129.7,186274528458574.62,39247710651513.8,219894623750208.25,33620095291633.617,12.055,3.021,2.495,14.338999999999999,17.532,34.036,1905263155030.123,5627615359880.181,3082359705704.549,4658157114718.077,3523644731837.912,297995484544.983,354230905260.0242,285029045413.65234,3380355190249.5317,5012388019978.102,957509243443.5518,17758315261286.742,22456292364813.67,72766654475868.89,1650122702991.9683,4275961709390.875,118642429272600.52,16833435292339.488,21531861837917.96,70600292770540.48,17335665165532.412,164476344248139.75,159160078979042.84,10067777685060.957,114581197962.23521,80763686746.06668,12054365799844.5,2313382736018.575,2492824007798.8657,4031498694329.5454,845778119481.2454,16493422802155.145,15507549125086.846,CRA40,M
122,2010-03-01T00:00:00,268821331170878.12,248547846132113.8,274292271712421.38,60942117431003.06,311342164079375.3,37049892366953.95,15.204,8.709999999999999,7.127,39.205,6.466,10.905,1905263155030.123,23892225064049.105,4658157114718.077,4960677623031.425,4983758603231.281,354230905260.0242,504426962918.69543,350210319214.01746,5012388019978.102,5465104585950.12,4071456591256.824,15624959774827.305,41704253586484.09,91575331585364.0,2805642859599.792,7334042097434.156,170828403929696.38,41982853137252.64,17283759055133.812,109045471411568.38,36709534658475.91,249937698231619.2,227627340502905.88,9571491633728.33,160138034903.31012,147553986352.73087,16908502868592.617,4145152540642.21,2034341671143.162,5019434778535.671,1817523054568.8503,18883632939258.94,20920505629207.938,CRA40,M
123,2010-04-01T00:00:00,319129298472839.3,290286664210615.44,334753541994367.1,80192349516580.69,374732498753441.1,39978956759073.99,17.835,12.013,9.690999999999999,50.146,5.142,7.752,1905263155030.123,40213392757506.695,4960677623031.425,8359601186800.61,6892923630116.78,504426962918.69543,334857766507.0488,432989110028.7366,5465104585950.12,8694458953307.659,14600112862640.383,16047336082439.578,59704039507078.43,106118230354810.77,3999319089840.403,10346373565548.336,199001173348833.06,52450161248105.46,18708239307500.258,130230650257791.2,44981169554314.38,299145415426255.75,266689901300488.1,9845638802834.564,223860208729.8081,189588974058.82538,19216497661630.707,4107872090650.113,2012998972069.8323,5840783179040.061,2143406067697.0132,19983883046583.562,23596762910127.36,CRA40,M
124,2010-05-01T00:00:00,453517128098607.44,389065901368278.44,472666290066272.9,130458594149693.23,517971723793790.9,45305433727517.95,21.895,18.015,14.119000000000002,65.27199999999999,3.927,5.584,1905263155030.123,85153160422175.28,8359601186800.61,11508159469830.666,10786307826386.477,334857766507.0488,760328366016.0422,639142428629.5769,8694458953307.659,12268487835846.709,24275962574385.336,13145192991609.016,103492141598056.67,126757157956685.28,7042699148314.303,27106937475687.934,248588180391793.28,59650420572455.33,59623701818883.56,213371017308649.38,42411407639394.44,426885533313477.94,357665988998385.56,11376742950721.113,314285372325.99164,684824818555.3528,22567761432895.453,3554743695208.9243,6736345072928.422,11015283320644.117,1781520491743.002,26631594785129.51,31399912369892.867,CRA40,M
125,2010-06-01T00:00:00,525597088003643.3,414664756172741.6,545192584224079.9,163270341020325.38,585744897843997.0,40552313619917.11,25.411,22.509,17.322000000000003,75.16199999999999,4.148,4.792,1905263155030.123,122718027400408.27,11508159469830.666,21222682615184.906,16966964599922.438,760328366016.0422,1010004416129.1499,816756502300.7622,12268487835846.709,22232687031314.055,21749894764973.97,10311285605445.176,138536169034496.03,130547881141398.62,16688444647533.36,37383019080868.13,236774695711214.06,68617725258378.86,88929371890723.81,265074618903184.34,43041220324927.64,501623244383830.0,385433732574398.9,9578598340313.78,788312293035.5234,962185558156.5557,18212436418809.043,2627808202150.315,7907726003068.448,10805251519192.633,2322548883429.7163,23973843619813.285,29231023598342.73,CRA40,M
126,2010-07-01T00:00:00,626290041820918.6,517349238824485.56,683344812306010.5,201639183741895.66,723621458416301.9,40276646110291.44,25.357000000000003,23.613999999999997,18.233,80.025,4.61,4.425,1905263155030.123,161362537631604.22,21222682615184.906,22831482550292.742,23995052693822.71,1010004416129.1499,680396090981.78,959724945307.2507,22232687031314.055,23511878641274.523,53700926245131.625,9483494502503.352,173276846448038.5,148935874152989.2,46788121576189.57,86963946591267.95,177098329716468.72,84991678534131.2,186521342000253.12,278046209664802.3,76828690014767.88,598937708943190.6,487236483307679.25,10157838806539.324,2354007176501.968,2901937635292.29,11588346205071.672,2335010209922.2607,11210505389651.271,11957546225974.127,4959896745581.376,27352332877728.004,30112755516806.29,CRA40,M
127,2010-08-01T00:00:00,576859169151332.4,447649165139893.94,641556760405371.1,229230303644967.88,677161863699419.5,35605103294048.31,31.78,30.181,22.236,84.468,3.764,3.949,1905263155030.123,193625200350919.56,22831482550292.742,17453133247165.236,23509660224770.227,680396090981.78,889507609586.115,1027695503832.6824,23511878641274.523,18342640856751.35,59245958554958.0,7286081598828.514,203883976103945.62,142412064987662.6,48746343088622.266,77054014172028.86,193002959049150.78,108244502968119.9,102048869096629.48,224482655573480.56,76421479819857.67,552193237701291.9,420219651054260.25,8627258581800.572,3218905094288.205,3188035447071.3823,12923615708353.52,4053892465448.1265,5562651778989.39,8796744955720.404,5724341504002.594,24665931450040.484,27429514085633.71,CRA40,M
128,2010-09-01T00:00:00,495760452265451.44,435681689204999.56,554106800825087.5,162840552110332.84,592374933336010.2,38268132510922.69,24.849,22.482,17.375,76.5,4.226,4.715,1905263155030.123,124572419599410.16,17453133247165.236,8456185713334.25,17546705954180.35,889507609586.115,319669313920.83887,815802345648.8601,18342640856751.35,8775855027255.089,54926870709462.016,10226620481620.455,137690768622135.08,152673486290227.88,12706098096949.424,36039084099862.055,216698133615702.47,48934778302431.21,138705773882560.27,233852827694318.7,39849840894406.03,471500176386839.8,407959846489618.2,10593650425423.787,541997830193.8651,963674391851.1641,15726931156865.197,1746772602635.0457,8926510140871.992,10956178458701.645,2526403587450.2993,24260275878611.64,27721842715381.355,CRA40,M
129,2010-10-01T00:00:00,293892400590293.5,284613975504779.94,328630857474025.06,68662298794258.14,357315319771549.3,28684462297524.25,16.601,12.165,10.062999999999999,58.224,6.374,7.591,1905263155030.123,39977836496733.89,8456185713334.25,8020616920397.006,8219824198789.731,319669313920.83887,645203440195.3706,407908479926.7766,8775855027255.089,8665820360592.377,30589376744557.65,9480281781679.926,54555242124497.07,78772287310140.72,4681881965562.14,18360946271711.465,195391468039919.28,28267935159018.35,36971454683321.414,154703844493582.72,29010193740328.188,280105013234453.25,266054998429131.0,5191413385219.632,166561019473.43042,347375084630.2428,14441740358129.54,1301816721400.8218,3333827743674.608,6946782164589.539,616847954371.368,13787387355840.236,18558977075648.945,CRA40,M
130,2010-11-01T00:00:00,168895785308971.3,181215707106969.1,192249333684088.88,26438313950754.953,210959684191402.88,18710350507314.004,9.674000000000001,4.02,3.5340000000000003,29.23,16.972,17.076,1905263155030.123,7727963443440.948,8020616920397.006,1969293756999.2324,4371879609060.9165,645203440195.3706,39300872139.00823,183285188741.28186,8665820360592.377,2008594629138.2407,13390659509984.605,9136325135081.309,18599057320214.25,65824977153157.89,1586019329738.1875,8313708057907.91,122267587695124.28,22051665539687.535,10303098381841.074,65511381367872.65,37524277200171.88,161701732118625.97,171680982606875.4,3262758003570.9,29522188602.805893,82643962441.65268,8094496238931.626,1108129023494.3596,502084907381.6674,2740522200838.421,908621165177.5823,7194053190345.333,9534724500093.682,CRA40,M
131,2010-12-01T00:00:00,131746364357476.3,137002609184789.66,146268317678529.3,18308675612260.324,161703747226013.53,15435429547484.223,8.036,1.9640000000000002,1.746,15.692999999999998,26.729,28.102,1905263155030.123,2873246064776.102,1969293756999.2324,4734911601677.986,2477370643361.5654,39300872139.00823,575924513902.3728,108527440154.29474,2008594629138.2407,5310836115580.359,11431732378531.594,7635961247866.86,11754340677776.637,50668906365046.98,744762793803.0468,5236194980593.436,97034115637765.39,14600855969960.002,12548008568260.203,54725372979531.195,19452178399246.03,125231330295131.61,129779065399074.67,3574968953422.213,15142351804.260992,28338415353.13431,5613185676187.924,843870097580.4287,1359079472918.98,2067856595988.9053,236136284803.82477,6515034062344.681,7223543785714.99,CRA40,M
132,2011-01-01T00:00:00,148518339361685.53,150940394421424.25,161228073601663.2,32231860555546.805,187375047456381.4,26146973854718.22,12.949,3.7740000000000005,3.145,18.878,13.217,25.521,1905263155030.123,6084886700828.585,4734911601677.986,2091620687725.3857,2594292597358.4897,575924513902.3728,115576826504.43378,208722645842.8333,5310836115580.359,2207197514229.8193,5403303159216.7705,13350408830123.602,20877046690603.723,63008025824911.92,667638209126.7285,5515121781548.553,104859753178450.11,11041107655352.535,12469796717217.354,58175194748831.82,20262218118539.883,137739450010644.83,138259406223334.08,6382047930385.413,22848895773.725365,110313460122.97629,10483645727329.822,1112747026114.8494,1507706214498.7607,3173780934417.471,666787360487.8734,10778889351040.71,12680988198090.18,CRA40,M
133,2011-02-01T00:00:00,180265172842790.47,170926153516805.28,180500033417732.44,37876012340353.11,209922345277091.75,29422311859359.293,11.860999999999999,4.683,3.871,22.319,11.936,22.188,1905263155030.123,8453700480993.815,2091620687725.3857,2501142311413.2617,3603659882652.0044,115576826504.43378,135180796130.38649,279127414843.9444,2207197514229.8193,2636323107543.6484,-456193251677.56934,14951243570198.89,21408625082543.945,68622508636284.84,1227581751263.5708,5021246235816.758,104627328091567.33,13150612562326.16,29829858665334.324,77118994977058.0,20905497515610.027,163913362411485.75,156590266023775.25,9299693896242.557,66362134507.15054,78774175143.67798,9533489999284.854,1511324514860.5068,3916829057172.048,5462017845057.989,819206302065.9661,16351810431304.73,14335887493030.02,CRA40,M
134,2011-03-01T00:00:00,256556092049663.28,219298929755366.75,244897416280664.3,58395951078451.336,280659360174938.0,35761943894273.7,16.150000000000002,9.242,7.463,38.76,6.258,12.044,1905263155030.123,22634007184177.633,2501142311413.2617,6615709772613.781,4569478010739.965,135180796130.38649,541813593015.72034,366407294604.9293,2636323107543.6484,7157523365629.502,-10101954852033.027,14651214702404.781,39551692351536.984,84401708354344.5,1680449875916.4216,8123854425240.725,146268989813303.44,23441968852013.8,22345438569342.47,121879482487280.27,28435135897951.258,237847014118879.3,198730014156513.56,9522065556353.201,81589421809.25446,210157562611.93307,16160111440161.287,2171107823085.458,2891132318284.6685,6805746988733.371,1436082418597.9792,18709077930783.965,20568915598853.188,CRA40,M
135,2011-04-01T00:00:00,254433401481674.72,223512040260561.3,260976652171414.03,60305206953266.7,291121234167348.3,30144581995934.273,17.058999999999997,11.557,9.388,50.013,6.796,10.834,1905263155030.123,30160624957332.43,6615709772613.781,10595765513769.158,6832777084389.3955,541813593015.72034,817339066435.6158,453838969824.89795,7157523365629.502,11413104580204.773,3494844950794.3086,11675143720924.887,44520945605657.32,60578672640096.72,6634056055026.314,14867264437368.299,137625961888787.56,41713269914190.516,29904203401062.363,122031746735425.55,31695719707111.312,239190953727081.06,205859941051987.56,6142503140432.118,346567514840.8524,467807214008.8949,11789431254478.531,2266871102003.1655,3918069969632.7627,6365266298149.482,1598030469621.617,15242447754593.662,17652099208573.76,CRA40,M
136,2011-05-01T00:00:00,361262850919468.06,318844520730322.3,407032286507350.2,117798316591417.72,441422279960453.1,34389993453102.984,24.157999999999998,20.491999999999997,15.892000000000001,70.806,3.851,5.158,1905263155030.123,83408323138314.73,10595765513769.158,13997482338604.338,10362569062729.633,817339066435.6158,906490908009.0249,578304767706.7367,11413104580204.773,14903973246613.363,44480861615577.555,9341411603662.465,98332374379855.03,93227601375318.62,6896094884512.031,22386044094330.2,204687830820626.03,67923156588479.39,35166555730051.88,159077445716212.8,47951948353700.875,342614247774341.0,294702429788890.8,7561508153331.482,269841825400.5293,559978018517.9094,17893527094678.684,3440095501031.7114,3853020529041.8823,7087021472245.963,2125701492310.3787,18648603145127.066,24142090941431.473,CRA40,M
137,2011-06-01T00:00:00,499737196931058.06,392536329395727.06,543280312862409.44,177611184736273.25,579895290281690.5,36614977419281.03,28.272000000000002,25.953,19.559,79.38499999999999,3.616,4.327,1905263155030.123,140996207316992.22,13997482338604.338,24373190507900.156,16993231861889.346,906490908009.0249,1353087629202.97,847339679328.3073,14903973246613.363,25726278137103.125,44617644672151.0,8034916575771.707,153597766173088.6,105672162514205.8,16530095988612.916,42342945861783.38,222798011956061.72,75816117544116.56,77400332534075.55,252799043355776.7,48580915702670.56,476630269275882.44,365309356181420.75,7801935315420.835,693627091839.3835,1026256184071.4515,17268028323184.29,2546132687885.181,6845164393547.686,11732603467798.17,2420153405734.96,23106927655175.637,27226973214306.32,CRA40,M
138,2011-07-01T00:00:00,575975810795288.5,436550013903743.4,641305971978266.8,238547554825563.34,678188469759986.0,36882497781719.22,33.128,31.446,22.919999999999998,84.539,3.428,3.786,1905263155030.123,201665057043844.12,24373190507900.156,20585631934165.64,22303334527502.15,1353087629202.97,818061547450.038,1026096800858.9128,25726278137103.125,21403693481615.68,57916675496811.59,7785103032621.239,212449659342005.6,139781832791056.5,32725401443952.883,51207880277681.484,209838825835140.75,101704867645746.34,93730399638742.77,258536422226449.44,71976053784259.11,551231002940933.75,408270680702095.5,9356126917452.807,1744151726156.1008,1739059400308.8196,15059741566556.0,3132394755079.629,6277203562512.281,10517226781513.52,5198236346423.523,24744807854354.777,28279333201647.906,CRA40,M
139,2011-08-01T00:00:00,496946843044027.7,428668081714187.3,563232074787631.8,161312828531930.72,598148094455919.6,34916019668287.89,24.659,22.441,17.445,78.35499999999999,4.853,4.901,1905263155030.123,126396808863642.83,20585631934165.64,21638739618377.67,19787869378285.22,818061547450.038,805402544758.3981,832663497493.4713,21403693481615.68,22444142163136.07,59158496215322.84,8147708434766.313,138888162143830.0,120626524600779.4,37729499303294.09,58761514237634.195,153118575608380.16,90895900151543.28,125433956597052.52,205056299213420.1,86423141516697.38,475340238203377.0,402705173025424.1,8816695231615.943,1730283740760.9004,1545820752004.7495,10322475817030.623,2785401038309.2085,8700390570818.112,8458687818720.789,5209758560153.541,21606604840650.69,25962908688763.176,CRA40,M
140,2011-09-01T00:00:00,465263311740706.25,413908352623779.06,527804298460191.06,154701838514693.44,565334991533095.2,37530693072904.25,24.92,22.2,17.168,75.74,4.284,4.841,1905263155030.123,117171145441789.19,21638739618377.67,10248599766529.191,16732857571593.852,805402544758.3981,526037883461.6297,787771824589.346,22444142163136.07,10774637649990.82,54146681811716.75,9123521826705.938,131528479432619.48,129206027834210.0,13719650376909.102,29663766455615.516,263379773249242.44,54314272407565.45,72895973089267.5,229711288505999.72,36031822545623.34,442895355203390.7,386027219261042.4,9457342937468.377,531586469599.31274,743024068705.4978,20181908774938.26,1894443569817.4692,5467434078408.612,10273145961324.215,1700204039790.4946,22367956537315.56,27881133362736.684,CRA40,M
141,2011-10-01T00:00:00,240038396022187.6,247473178654261.88,277423644499861.75,52136729785921.05,304922552666062.75,27498908166201.016,14.555000000000001,8.881,7.475999999999999,47.256,9.541,10.914,1905263155030.123,24637821619720.03,10248599766529.191,5829640788785.705,7582759811458.292,526037883461.6297,469037667421.7322,361432134362.0564,10774637649990.82,6298678456207.4375,27596645058010.938,10772168355146.766,40378527200446.66,78009338441108.1,3602469421453.4595,13508692732557.879,156827527573681.8,23539009074030.832,38172404525154.08,113749191072478.03,32613074990340.01,228806231320174.84,231215476510629.38,5450029769760.0625,107979460634.43442,227328687616.81488,11823436752865.115,977354356989.0453,3549986370612.6694,4577451887646.842,776299559520.2926,11232164702012.764,16257702143632.512,CRA40,M
142,2011-11-01T00:00:00,157009339691195.94,167720034446252.53,178340521150806.88,28184602442396.0,199680556420557.2,21340035269750.32,10.204,3.8379999999999996,3.314,24.285,18.955,23.315,1905263155030.123,6844567172645.682,5829640788785.705,2481860256881.4214,4324575111193.0273,469037667421.7322,14260137236.805124,221643385228.36432,6298678456207.4375,2496120394118.2266,13752703865613.07,11266840211279.521,18197561368906.906,71796805570026.61,2286983959013.009,8997830580073.975,95576360715362.47,26035853132135.71,18375542569062.605,40660847002892.266,41422212281580.44,147491336285128.56,157661099525018.53,5313950046112.804,29411821008.663124,132817442199.80167,7734036956947.197,2241658652011.467,1442331439170.246,1829577265743.29,853154704107.883,9518003406067.363,10058934921233.988,CRA40,M
143,2011-12-01T00:00:00,150219794969740.16,162569449740208.97,171738709077134.6,20197622134009.477,189508433950747.2,17769724873612.594,8.118,1.414,1.265,12.020999999999999,40.16,38.655,1905263155030.123,2427897260396.883,2481860256881.4214,3759024203844.133,3145310896120.039,14260137236.805124,112503570064.01466,126142022146.29645,2496120394118.2266,3871527773908.1475,16152959410655.611,9125732808301.664,13941723628328.408,67401821800527.305,1266490323425.2344,6615987369373.345,111789339878868.72,12570586683763.988,16049324847395.67,57389760747631.26,24932806195272.45,143978156601295.9,154037961244962.06,3874469511013.9077,23195026841.0917,115764140861.87479,7003461509721.367,611588397600.8762,1165186105365.661,1639816318967.6038,339645853318.7947,6241638368444.263,8531488495246.915,CRA40,M
144,2012-01-01T00:00:00,164906120495975.88,159867988138978.22,171975786789981.88,36130469962617.05,198029624535796.28,26053837745814.39,13.626,5.859,4.842,27.889999999999997,9.195,19.811,1905263155030.123,10076632216802.656,3759024203844.133,2099595125176.4692,2988898591778.786,112503570064.01466,83218406363.97476,268324074678.98822,3871527773908.1475,2182813531540.444,3349785617437.293,12544790113293.293,23434032751984.344,55667335647550.67,588370220067.7927,4047380524604.198,114718546322519.1,7556601414935.763,17799697037689.504,85050869268316.58,13335545332544.703,152322186855407.2,146442158912821.1,6014514831008.7,24812231396.976997,107964380506.62582,10651826343627.367,766966504839.9034,2423142465822.401,5694487924213.453,326048185310.3675,12583933640568.684,13425829226157.111,CRA40,M
145,2012-02-01T00:00:00,208896262629604.62,201712346947819.84,215185867939775.6,46317587986957.56,251027183364821.9,35841315425046.33,13.064,4.868,4.006,22.618,10.568,21.846,1905263155030.123,10476272561911.236,2099595125176.4692,3631190522251.1094,3817635780096.974,83218406363.97476,433810281980.99695,328821379636.63806,2182813531540.444,4065000804232.1064,5174544152818.135,17138103475311.854,28111732137458.13,83718829774314.28,619902777331.2437,4395585231707.6562,137321144666588.48,12377633551160.838,26935296892594.74,90281576629286.36,18566600943551.875,190773625186469.16,183442945280066.38,10257002962270.555,26846650875.78625,141199443652.4828,13922295245868.453,1457707713680.6348,3565304144311.53,6266727323531.782,754955626697.7021,18122637443135.453,18269401667753.473,CRA40,M
146,2012-03-01T00:00:00,226258179135176.88,215389689916578.84,235125577390379.6,51225732798977.45,267749406214963.1,32623828824583.484,14.777999999999999,7.911,6.496,36.314,7.433,13.43,1905263155030.123,18601903974393.97,3631190522251.1094,2998221161862.259,4460303992222.213,433810281980.99695,87767744411.63684,335793767176.0759,4065000804232.1064,3085988906273.8955,6754402857837.742,14525762870838.783,34747964521271.53,82384539258198.48,1386509971188.3845,6876735413018.6045,141711618048304.75,21893124672898.055,25826703163341.688,99059821795336.77,28454560524410.97,210214221139451.94,197379391707245.78,8623572860847.791,42430705566.58866,188833443200.81168,13728484126251.732,2112811453755.2236,3281855194084.0903,5118740237921.101,957528183430.6445,16043957995724.926,18010298209333.055,CRA40,M
147,2012-04-01T00:00:00,289621439677177.9,224078665490944.78,271359538928691.25,77396739749006.69,303880035985404.7,32520497056713.42,21.625,16.538,12.867999999999999,57.982,4.699,8.686,1905263155030.123,44876242692293.266,2998221161862.259,8213654952767.855,7029757370862.266,87767744411.63684,682379518651.2764,541410351761.8176,3085988906273.8955,8896034471419.133,-14856485928794.64,12222791152968.816,58682544870071.96,79084869210946.78,3816163028757.8228,11941763910295.04,151170296931961.1,39736518135401.805,21353666065245.332,140231861286011.2,28123213079887.2,270995012542654.8,204463339105851.44,8283679657909.053,223159176437.056,409488187759.6208,14652786495959.6,2370010326130.2773,3328580303244.9536,7563248962724.144,1410800409451.729,18626427134523.094,19615326385093.34,CRA40,M
148,2012-05-01T00:00:00,341776122783791.44,321329762740233.9,388981680964528.0,94149663062453.2,422239213427222.5,33257532462694.484,19.898,15.654000000000002,12.604000000000001,64.676,5.33,6.609,1905263155030.123,60892130599758.72,8213654952767.855,12212746306143.652,10469907999425.928,682379518651.2764,510220483642.4719,540911981308.2113,8896034471419.133,12722966789786.125,44272702874568.16,10786920293846.082,77399563603356.38,92275165867841.56,7500646652383.877,23463468440054.57,205784533614964.25,44773172831914.016,53629363473470.58,165196595703535.75,32454827314209.242,325708402843345.9,299369371055027.94,6991749952532.374,406370989509.1317,658504709375.769,14876589184117.287,1785682175752.5684,5565123577060.902,6631783102784.841,1112307934518.5986,16067719940445.553,21960391685205.918,CRA40,M
149,2012-06-01T00:00:00,504274080518898.3,406243893468630.6,550775098754351.1,173233103456283.84,588357111688343.0,37582012933991.84,27.306,24.629,18.736,78.306,3.891,4.421,1905263155030.123,135651090522292.0,12212746306143.652,22473907566806.66,17594470803924.457,510220483642.4719,971743556451.1133,832897630492.8817,12722966789786.125,23445651123257.773,48343587805495.97,8270255910134.867,150397311186319.66,121172160262451.69,15761249976554.188,40831918869614.31,241062696947116.78,84162832164023.72,66055424883631.96,235781597436486.88,55024508193921.9,481948508732576.6,377903880001224.8,8249394933873.05,673830914285.4877,1136708213728.264,19076206770479.45,3137787191625.1895,5658005819386.701,9801681447095.2,2931969963254.1753,22325571786321.703,28340013467405.812,CRA40,M
150,2012-07-01T00:00:00,605273067592664.1,468861123957582.2,681018717707722.2,250347121410585.66,718672420633881.4,37653702926159.16,32.877,31.232,22.837,84.95899999999999,3.465,3.777,1905263155030.123,212693418484426.5,22473907566806.66,18794438770910.016,23774914375883.203,971743556451.1133,718464531378.5435,1079885548692.2771,23445651123257.773,19512903302288.56,72348727028375.34,6401160839681.695,223897232534328.88,148532162868444.97,29583291270159.55,68697760848514.08,225358728344697.75,103139955813833.81,104466678669302.19,259425042742065.53,78918348118323.81,579794922272858.5,438327046402483.3,9318495419137.473,1553196991917.0913,2336141553612.827,16131961695634.676,3055869114876.7153,7064267449421.662,10767639232178.646,5784651418125.445,25478145319805.66,30534077555098.875,CRA40,M
151,2012-08-01T00:00:00,535186966853915.0,436631476891795.3,599112460474468.4,200538169212605.5,635098587509803.5,35986127035335.125,29.426999999999996,27.466,20.578,82.055,4.225,4.472,1905263155030.123,164552042177270.38,18794438770910.016,14222015858744.227,22428095223141.383,718464531378.5435,858452846733.7137,989147515517.3932,19512903302288.56,15080468705477.94,61564117618340.125,7085225627171.399,176301416285358.8,127768946887776.48,39463070296001.984,77741855611000.38,173035447595928.1,89820160353312.8,132014794456280.58,216337715605957.2,64075715982154.75,511668678458046.9,408589028330365.4,9422189889076.668,2114590311912.5657,2669283653558.616,12567287794775.371,2888140193851.1743,9374312654776.547,8538674659381.666,3986257799965.473,23518288395868.13,28042448561429.957,CRA40,M
152,2012-09-01T00:00:00,447423855463392.0,405475582520330.44,500826968907865.1,132899450257099.48,538061756034227.9,37234787126362.734,22.016,19.101000000000003,15.096000000000002,71.983,4.778,5.407,1905263155030.123,95664663130736.75,14222015858744.227,11995462589825.432,15237127493457.11,858452846733.7137,421744403674.75287,718371837016.8271,15080468705477.94,12417206993500.184,51053128475697.47,9908217078531.66,110260749441865.48,133737131263514.05,11222477997943.717,28193765949379.457,247984422642946.7,57731512623461.695,62868690792704.09,205981197658536.47,56495165442579.68,425643607494891.7,378570756876174.1,9410816748530.79,383729284258.801,574244490291.7318,18947561873699.46,2381452564765.5312,4367286806924.9106,9413734164912.227,3206247679273.1226,21780247968500.28,26904825644156.293,CRA40,M
153,2012-10-01T00:00:00,267946047446226.72,273821280424559.2,307251632912831.0,61549056828160.84,336770330149639.5,29518697236808.492,15.738,10.424999999999999,8.685,52.04,7.034,8.946,1905263155030.123,32030359591352.35,11995462589825.432,3825897611882.5254,7268248463080.963,421744403674.75287,66544393929.499756,385148698671.3157,12417206993500.184,3892442005812.0254,29380827581996.656,10702424943600.27,48354182775668.02,77105006163958.47,2376212417664.1255,11499038002020.113,197213439697561.94,20424335575129.035,34892108541889.855,146144538056301.06,20589791868164.566,255172917797408.66,255071552525280.47,5687657398336.392,91354680770.76672,256109592569.15964,14429686080147.738,728618799767.7893,3676234198325.8936,6100743858144.73,552452940034.3179,12773129648818.07,18749727899278.72,CRA40,M
154,2012-11-01T00:00:00,153214412299051.6,167306041742463.03,176045581261913.97,24958165090024.81,197750338635428.78,21704757373514.8,9.528,1.848,1.619,13.035,31.994,36.722,1905263155030.123,3253407716510.0083,3825897611882.5254,2948180900570.4746,3469607301904.636,66544393929.499756,157567209288.55823,165934257484.89966,3892442005812.0254,3105748109859.0327,16558343263968.465,10564704773161.787,16773844009944.896,63742898021029.26,1523810067869.1448,6653771343642.799,116171564197128.89,19864032734499.65,17393207834571.744,54835933513729.46,21234974251828.83,145096635612901.2,156323556351398.6,5168568775063.062,36413095438.96756,80234656802.24977,8670603671158.837,1018173436020.3402,1870777223085.9233,1850799818264.7607,404691401380.7233,8117776686150.412,10982485391064.451,CRA40,M
155,2012-12-01T00:00:00,166267760027829.8,176488104314093.16,184316588554788.34,30488511776800.023,211160557113281.66,26843968558493.316,9.75,1.9769999999999999,1.6969999999999998,11.953999999999999,26.065,36.055,1905263155030.123,3644543218306.7056,2948180900570.4746,2012570301254.1118,3064306072616.6797,157567209288.55823,34262443169.299843,176618795776.83575,3105748109859.0327,2046832744423.4116,12805972139134.438,14655494074285.066,17970125980480.023,78438346544998.73,1065135983759.2493,5780602381874.68,116478448153671.2,19019484195721.367,17773435314809.773,50668508318203.59,29016872820813.97,153906941440798.38,164333892273054.22,8010687825526.0625,26628771528.826775,82068327022.48865,9552163519785.324,1811936017577.352,1829434524247.9983,2456126416905.539,745985225476.7998,12360818587031.441,12154212041038.947,CRA40,M
156,2013-01-01T00:00:00,135416674273495.77,139339278630404.25,154336555196138.7,31801688222562.484,176983036957573.6,22646481761434.895,13.721,5.9319999999999995,4.918,28.788000000000004,8.755,13.481,1905263155030.123,9155206461127.59,2012570301254.1118,4162415289202.1807,2585532986988.8066,34262443169.299843,509028483661.7857,165891968947.58008,2046832744423.4116,4671443772863.967,15702421846476.633,11795246502283.205,21177068052022.16,56728587548624.67,1134578145608.9282,4776481469367.172,87999132959044.12,10871191820557.771,19899291651491.117,52450055707575.12,19964069098770.184,124826316546124.73,128997071854914.34,6031070558400.455,37461946368.22882,57992673727.83159,7494558296633.529,836761271424.904,2492511441664.3896,3664533223817.833,317675090823.7569,10590357727371.025,10342206775489.904,CRA40,M
157,2013-02-01T00:00:00,214859079979089.38,205600374143052.6,221634288312353.78,49923628737009.59,255110090114799.53,33475801802445.76,13.415,7.420999999999999,6.0569999999999995,32.946,6.825,12.669,1905263155030.123,16447826934563.832,4162415289202.1807,3359112699379.997,4009260773602.29,509028483661.7857,132060931381.52216,310078041880.31976,4671443772863.967,3491173630761.519,6008850956424.617,16286375214601.574,29732167126383.844,73341480091824.5,1421348263976.427,5275554462773.958,140666655978506.1,10854511536385.533,30774369641249.074,105705100761141.4,15680634602858.328,195176646852125.4,188543008486589.94,9561462933517.576,81837719840.13249,56348052656.93815,12237833158530.521,923729254563.4747,4245428405180.6587,9140892886225.969,492266372911.3417,19682433126963.96,17057365656462.654,CRA40,M
158,2013-03-01T00:00:00,178904003453781.6,164315324469814.97,186996044863674.28,41713153566631.47,212756620783771.56,25760575920097.293,16.028000000000002,8.530999999999999,6.9750000000000005,38.244,9.034,15.454,1905263155030.123,15952577646534.176,3359112699379.997,5872792547253.957,4648666829351.67,132060931381.52216,521793454782.1823,331355003364.70776,3491173630761.519,6394586002036.14,4267311033842.164,12074305735678.232,29972404576242.25,53515438827198.78,2671134660859.096,8410665777855.229,101393553240867.98,26089824160933.71,16350673690092.486,79279386628786.19,30735486148358.527,167295315394773.9,151150847740178.1,5713794581746.217,131314895630.09633,161120948281.26413,9456270195732.977,1684923679709.5427,2094348387718.6924,4048848849270.6763,1482543250555.1128,11608688059007.7,13164476729636.879,CRA40,M
159,2013-04-01T00:00:00,259871648544374.7,222389293194872.5,265513046555312.75,67000119724825.25,297434472988897.7,31921426433584.926,18.89,13.211999999999998,10.549999999999999,52.356,5.972,10.077,1905263155030.123,35078693291240.324,5872792547253.957,11155866006533.66,6982856701511.421,521793454782.1823,710506122874.8706,490941045058.937,6394586002036.14,11866372129408.531,3068124069110.539,13023102804634.67,50155704859981.98,75269836448272.89,3615880056148.7705,13655704139623.43,140351531351874.88,31078078971193.355,26511318480359.797,123545407575223.92,33722745800413.664,243549027134313.6,204201475688797.12,7445969417794.649,157166342527.6991,338212935485.8688,13505869644520.084,1433436306508.5117,2977135213922.5347,7105002750272.061,1547646305105.0515,16322621410061.09,18187817506075.367,CRA40,M
160,2013-05-01T00:00:00,399332578052255.3,334011765064128.5,431090442587599.4,130575706357961.19,466237029615526.1,35146587027926.78,25.289,22.137,16.99,73.083,3.593,5.108,1905263155030.123,95429119330034.4,11155866006533.66,13352324619172.977,11059655034370.008,710506122874.8706,742021306593.4476,655202949492.876,11866372129408.531,14094345925766.424,32336280138265.47,9111761033948.594,109019157591682.56,97079281295964.89,9715951434242.295,31211031375451.79,196551831750661.1,55111591485318.664,47755309221075.26,195084631252116.2,54695867970765.12,378486535408851.56,308718960376743.75,7401842577414.693,454572970412.4639,965646708348.5822,17484903327190.463,2167370947822.104,5129466582548.018,10311182409818.377,2223861807233.7847,20846042643403.758,25292804687384.727,CRA40,M
161,2013-06-01T00:00:00,520733955552076.9,457562072866543.56,609100670448825.0,177036225512115.0,645802346898577.5,36701676449752.5,25.212,23.04,17.851,79.269,3.892,3.979,1905263155030.123,140334549062362.5,13352324619172.977,24927033902030.04,18207380646001.016,742021306593.4476,1125107886861.3337,775477832351.2582,14094345925766.424,26052141788891.37,89120462239954.19,8621662201567.56,153566470041575.0,141403579037904.16,13269164684737.629,41714993102022.35,225436363810915.97,70952216900343.58,130225489695232.67,243935432347860.25,61676148314333.71,498006221388130.3,430607166505220.0,9131666749679.867,487937924762.5035,957752815275.7345,14559539070104.174,1916759623711.2197,9046271116277.932,10721554975279.729,2861158250178.9644,22727734163946.547,26954906361323.57,CRA40,M
162,2013-07-01T00:00:00,596559604187285.1,490099476246466.8,683301618705199.6,235053791345998.44,720035559846168.9,36733941140969.31,30.672,29.024,21.595,84.372,3.637,3.865,1905263155030.123,198319850205029.12,24927033902030.04,12845003836718.406,23268725807034.625,1125107886861.3337,376647350281.12085,1030307384270.7278,26052141788891.37,13221651186999.527,79029231662319.03,7132944481455.352,209581487931247.25,146479330255156.78,34162937386978.86,70416710544932.3,229096763007021.72,93606950584469.78,117122819832541.97,261709417274836.38,80492606710691.42,572212408659395.2,460875126937234.0,8544916464629.394,1935127513540.5322,2816708930109.074,14321818391658.686,2310762680057.5537,7596256649735.81,10674807453093.834,5371146754297.798,24347195527889.86,29224349309232.824,CRA40,M
163,2013-08-01T00:00:00,505119680379646.5,431678563289534.0,575903579458478.0,166447422511128.62,609590035907009.4,33686456448531.344,25.320999999999998,23.053,17.884,79.762,4.863,4.777,1905263155030.123,132760966062597.28,12845003836718.406,23059990177826.4,20825106489881.758,376647350281.12085,1346324474119.5698,852450133055.2628,13221651186999.527,24406314651945.97,70504512437431.28,7679302313513.244,145825855652016.1,115217341533196.03,44191583117818.484,92196131035296.6,145373605041322.22,90762674896320.81,142295916031411.5,186698613406001.6,75156629438083.33,484874760870815.06,407017733628635.5,7921004912052.281,2141549064381.6406,2778903819185.9053,9157370435926.326,2780767683624.202,8645448750888.769,6764243093969.033,4716461409701.772,20244919508831.42,24660829660898.508,CRA40,M
164,2013-09-01T00:00:00,417049679572610.4,370526063608827.44,475548816330022.56,138750465408634.05,509115851987535.4,33567035657512.797,24.876,22.118,17.122999999999998,75.80799999999999,4.219,5.106,1905263155030.123,105183429751121.25,23059990177826.4,12222475996735.844,14791638357533.76,1346324474119.5698,703821338310.4978,745924307760.1925,24406314651945.97,12926297335046.342,47179796470438.695,7366661262685.156,118296829780976.4,103071903730869.69,10907827032472.334,33005209517893.86,235041473419957.28,54738447926718.68,57227246866052.984,207126807243590.06,41852963233827.68,397942368419072.3,345029510552310.3,7327241988795.254,407953009115.68994,797301035226.277,18737898490215.31,2091748856929.6943,4795052340365.308,8891019272586.848,1555649216820.8079,19107311153538.074,25496553056517.117,CRA40,M
165,2013-10-01T00:00:00,265340549122705.66,255509263937405.2,310708120230190.94,81685583756892.44,335465036732456.5,24756916502265.586,21.701999999999998,18.322,14.508,69.692,4.623,6.093,1905263155030.123,56928667254626.85,12222475996735.844,4819307976715.275,8489410265807.066,703821338310.4978,366226598015.2762,466213577901.34827,12926297335046.342,5185534574730.552,39356619309010.61,7340790203979.24,67429448016341.55,74430186094573.62,7474730744456.021,18979215476783.293,155836105571144.94,29989614976854.562,30329718177832.08,128389218172253.78,44818809743701.11,251788234720465.25,238459364237134.12,5381600046807.106,188419327999.0625,446749880193.4254,12923534416156.105,943300366126.6561,2524457357138.388,6780664109113.205,1413488598977.5017,13552314402240.395,17049899700271.059,CRA40,M
166,2013-11-01T00:00:00,147856374623918.75,170119128186871.84,179981082004762.2,24409315384825.727,199248882293112.1,19267800288349.92,9.313,2.857,2.516,21.064,22.683,24.93,1905263155030.123,5141515096475.807,4819307976715.275,2493603036486.506,3887534960470.882,366226598015.2762,40559757811.89488,178022397501.94424,5185534574730.552,2534162794298.401,24752896878996.734,9834123318361.996,16761467993579.842,63716604954656.87,1388904149754.7422,5946867841844.852,111130896078968.66,19045790548601.668,21642884112252.39,51865490485584.766,26563326633720.04,140574753830688.16,160726010974695.8,4461388381117.8125,37016242590.36941,99557602298.86855,6567451150033.059,1064591148656.1462,2363619043623.7974,1656083661157.7827,425030775928.80225,7281620793230.609,9393117212176.027,CRA40,M
167,2013-12-01T00:00:00,129498740514365.42,140549693806822.86,149345634975424.47,20859350877518.676,167662514300289.78,18316879324865.312,9.229999999999999,1.702,1.494,12.189,36.298,44.343,1905263155030.123,2542471552653.3623,2493603036486.506,3065401263958.757,2976970531453.6074,40559757811.89488,153136055359.60168,151532105637.41165,2534162794298.401,3218537319318.3584,14277799370130.744,10110390347894.438,13783892826254.135,58619908376646.06,959585839460.9148,4874324951905.343,86875290209378.66,15070811744201.799,15852335070304.285,43898797148159.58,28809129766067.723,122463842220912.78,132496340885211.58,4051450195177.1826,24420944657.40101,86554697832.90369,5972205211546.406,1005114008019.6986,1406162803717.1494,1891779392422.8618,650563961690.3169,7034898293452.646,8053352921611.274,CRA40,M
168,2014-01-01T00:00:00,161484987803529.4,164102142498426.47,176139735545856.06,33993111139377.297,203518323811675.62,27378588265819.562,11.83,3.755,3.148,19.458000000000002,14.62,24.128,1905263155030.123,6614522873557.735,3065401263958.757,2321302850859.1797,3119426959418.8867,153136055359.60168,31971048392.156754,214506433694.56625,3218537319318.3584,2353273899251.3364,8366414148387.769,16225579207232.373,20837328206765.438,65041409207240.914,1118448445887.7974,4109957014665.0283,108481019124259.53,10590869891315.479,20737268647058.812,68740104813055.74,22644368271025.277,148482340926277.16,152981104488231.44,7167294560862.992,48739577454.821915,37329302402.32209,8247538472345.339,692939445630.2788,2406899308603.596,5105083568356.665,417860651791.27484,13002646877252.26,11121038010195.031,CRA40,M
169,2014-02-01T00:00:00,214364494825652.66,198051815200804.78,215248619659787.03,48777912573119.5,249037219253956.12,33788599594169.1,14.148,6.9639999999999995,5.6770000000000005,30.73,7.154,14.133,1905263155030.123,14989312978950.398,2321302850859.1797,4922329111411.462,3829592773363.292,31971048392.156754,563885193101.1035,315242485755.56775,2353273899251.3364,5486214304512.565,1809573759363.746,15045315607626.965,30453874141011.805,76070875495578.3,812873824094.6233,5150242529438.857,134829158798781.72,8336400349512.012,27551169212026.746,106514909067407.97,16679214572460.646,196072427441937.12,179872416407363.75,9196638594626.996,39349469099.828384,202903885641.3272,13634624671153.158,626224109392.2351,3936428343720.623,8266300794054.979,568996309467.4181,18292067383715.54,18179398793441.027,CRA40,M
170,2014-03-01T00:00:00,209107056845481.56,190672651252246.84,213883405925163.0,51042905137248.2,245876728793902.22,31993322868739.227,16.151,8.907,7.191,37.321,8.164,15.83,1905263155030.123,19049582268508.977,4922329111411.462,5355691425937.16,5016630968146.162,563885193101.1035,501794252016.1599,405308617728.1433,5486214304512.565,5857485677953.32,986448048715.0273,14801387858090.92,34545204005611.12,68152227883063.31,2895261376236.4873,9096182950282.36,117489025541415.7,17770848496030.77,29241622865325.55,98153981577569.12,24356600710636.97,193173240906945.6,173982510493614.72,8273661005297.968,225882763016.2026,276477323189.5165,11603488816985.223,1062871515756.791,3805674094562.5933,6320806094291.7,1055095084068.1127,15933815938535.975,16690140758632.133,CRA40,M
171,2014-04-01T00:00:00,253032107158126.47,239287252896726.06,269267774858636.16,57769094443919.64,301991219065395.2,32723444206759.008,15.739,9.301,7.6579999999999995,43.355,7.954,12.921,1905263155030.123,25045650237160.633,5355691425937.16,6210830823761.322,6640646876729.98,501794252016.1599,252029021725.35284,449451289401.5215,5857485677953.32,6462859845486.675,11906170143293.588,13862039330582.355,42379066992600.06,80274373395666.55,2207536507390.825,14914326711638.436,146013332518297.28,24106379125415.82,41144991166120.21,118848794726102.27,31312016850466.46,238143873958823.06,220677877042274.78,7590769221086.158,84292731378.36122,464082356820.05457,11873162995799.088,1164962418408.445,5365459342932.378,5668419202988.76,1286460784341.457,14888233199303.418,18609375854451.285,CRA40,M
172,2014-05-01T00:00:00,421233568841077.25,379169679198023.0,445486127720013.1,106961900323935.28,487138103471473.6,41651975751460.55,18.919,14.66,11.822000000000001,61.059,4.921,6.85,1905263155030.123,65309924572474.734,6210830823761.322,10414839257908.998,10366638765217.656,252029021725.35284,299997594840.32043,601277826716.1744,6462859845486.675,10714836852749.318,27498011936683.156,12972194925446.922,84281392495254.4,116619381554350.69,4447217199967.469,19143378864681.84,259358425809976.88,46897021006339.375,49864400593627.695,216145308608749.88,37119852363277.73,398805090034121.75,350789895966849.75,9685039777345.873,172356733850.90286,376507597875.7182,20993820022987.45,2019883499460.562,5445907492128.408,10347047932273.365,1767698982206.515,22428478806955.52,28379783231173.273,CRA40,M
173,2014-06-01T00:00:00,517931674874700.2,430082992386304.3,576237131103547.8,182775015620906.34,614290227757296.8,38053096653749.03,27.694999999999997,25.115,19.067,79.17999999999999,3.509,3.963,1905263155030.123,144721918967157.3,10414839257908.998,15950320135740.88,16925878466952.598,299997594840.32043,892891286794.1389,796520404785.2427,10714836852749.318,16843211422535.02,63001611048547.06,7776241789838.859,159587782158618.62,117761965882959.39,13238122954696.5,42821996344984.19,267057301830298.44,87801765657347.83,68002435705096.05,246658711121961.4,52401168319097.26,495044439007252.8,400699028809188.25,8119265610380.14,566846909219.0446,1142587057555.6743,20477939604322.414,3106543177035.542,6255410066623.398,10518840022476.033,2083766996951.1877,22887235867447.39,29383963577116.043,CRA40,M
174,2014-07-01T00:00:00,589340673802219.1,462364550934814.4,658617066987175.9,225566737145685.0,694891400842028.5,36274333854852.59,30.371,28.741,21.409,83.919,3.774,4.109,1905263155030.123,189292403290832.4,15950320135740.88,24809838608490.195,23045297822208.07,892891286794.1389,1158036976098.5127,1045357511423.4578,16843211422535.02,25967875584588.707,71440944585481.34,6531738524524.608,200027235798100.7,130939131851154.83,34917441483703.613,70381513772498.47,183696412172126.62,94093982299162.39,134476444882197.06,269279435818613.25,80689694042557.64,564694063741429.0,433779992580584.94,8696307684456.473,1869190550223.1885,2226779861072.2246,11885091637069.328,2368584255076.156,9096768124095.182,11354938260185.303,5733508042841.728,24646610060790.156,28584558354229.42,CRA40,M
175,2014-08-01T00:00:00,600908986613376.6,462059237729128.75,663997025807882.1,242507453872096.9,704216819632583.4,40219793824701.25,32.254,30.464999999999996,22.314999999999998,83.41499999999999,3.362,3.981,1905263155030.123,202287660047395.66,24809838608490.195,19548655788014.637,21939136710586.83,1158036976098.5127,1320572575845.0518,1082401592406.715,25967875584588.707,20869228363859.688,58339263942418.91,7119629230026.727,214168724309568.06,142605923816559.4,26822009684330.047,59741465247038.25,243599490291980.03,95252612154969.27,102756343833834.69,276128292808379.34,57101801900154.625,573728294026946.2,430279645710299.4,9833433402608.396,1329198035125.7493,1883594084396.6763,20043497123748.35,3112337911450.3286,7036516508018.188,12351327187974.924,3370380351937.1,27180692586430.324,31779592018829.39,CRA40,M
176,2014-09-01T00:00:00,461521436961849.75,410130638727580.25,514418002195177.5,149929542525701.0,552490736778047.56,38072734582870.08,24.302,21.744,16.837,74.606,4.501,5.352,1905263155030.123,111856807942830.92,19548655788014.637,8026041644304.025,16781754351939.422,1320572575845.0518,379876834593.8835,831489454905.3628,20869228363859.688,8405918478897.909,48002699823599.72,8940975049045.395,125013204522523.97,128505685280702.52,12312649065054.914,35895267505135.9,238043199786751.28,50241708073642.75,96104401999988.06,223283010675036.56,34918505176555.23,437925671534517.75,381378756028349.5,10115522450174.96,502307941391.07776,1024061324248.4463,18739985187516.4,1894641955640.7844,7932768576680.451,10561539697267.803,1576820993642.854,23595765427331.996,28751882699230.78,CRA40,M
177,2014-10-01T00:00:00,251156521137797.47,269603931438775.88,301568222873453.5,57099351401347.21,331079857940226.9,29511635066773.38,14.488000000000001,9.148,7.692,48.315000000000005,9.232,10.924,1905263155030.123,27587716334573.832,8026041644304.025,5564251698766.386,8216212654745.936,379876834593.8835,235408604708.02026,405062928207.5961,8405918478897.909,5799660303474.406,43428868460128.75,11983818428361.078,43692447769615.5,79886667696050.88,5108184870461.71,16111766277307.672,163705851381695.03,27824384547056.63,49288833603589.24,114306675820244.44,34208653549325.586,238129494340659.62,252311523405071.6,5928495205639.544,167973072719.00018,309225415864.4521,11727271353163.57,1442993218517.6301,4448645426062.725,5346312957116.202,948518181758.9868,13027026797137.83,17292408033704.281,CRA40,M
178,2014-11-01T00:00:00,180614012066605.5,208905122787019.88,217589851375087.2,29161067859071.926,242843181645557.75,25253330270470.562,8.735999999999999,1.796,1.584,13.401,33.757,37.164,1905263155030.123,3907737588601.362,5564251698766.386,2687928510213.772,4397137046329.523,235408604708.02026,23974391564.95431,201705250161.60333,5799660303474.406,2711902901778.726,29111090907320.047,12218494425712.732,19007661531046.457,86445699919877.66,982347564127.286,7195952533224.584,140771681300192.8,19888740720269.586,20076899444944.38,57165621169916.234,34063333024562.54,170696014343288.06,195894261333827.0,6395757878386.701,16264303901.07956,103554259764.71585,10622005322422.797,1415565195518.7874,1503987847969.5457,2003120389647.244,868603978899.4541,9917997723317.45,13010861453192.877,CRA40,M
179,2014-12-01T00:00:00,188178558723399.3,198177102476978.2,214138878459639.16,39022210448627.41,241660359847881.7,27521481388242.527,11.966000000000001,5.371,4.543,29.471999999999998,9.113,11.85,1905263155030.123,11500729060384.879,2687928510213.772,2964865612937.164,3381014955398.4414,23974391564.95431,87282597805.88774,183171778527.00974,2711902901778.726,3052148210743.052,21839518122928.1,14806783128213.285,25624326031947.15,80755589217385.19,826529135575.0698,4065647220034.294,138334361235155.94,17218227549197.078,17627895652169.72,72765184711667.44,28760900791854.117,174804648698284.0,185549686814754.84,7258748036310.108,36452822721.65226,55905563540.98688,10204026170245.893,1424785102967.5527,1731870008014.7544,4634471322296.655,655066661241.0508,13373910025115.303,12627415662223.35,CRA40,M
180,2015-01-01T00:00:00,189883822440910.66,186564606972292.84,202927352866790.84,43729184643801.47,233384293720209.5,30456940853418.656,13.813,6.54,5.380999999999999,30.351,7.896,14.434,1905263155030.123,13272243790382.81,2964865612937.164,2178670510958.9756,3380782007597.6787,87282597805.88774,183565972622.14423,257492320569.8867,3052148210743.052,2362236483581.1196,9263116594603.074,16426704628864.957,28030745635470.594,66991153108432.625,1161423820827.6985,4623183543891.741,118234207955006.8,15444478913439.15,24820245614170.332,87213850464622.14,28502059330356.43,174272666030385.66,172717936720361.28,7604821551023.2705,45572110185.87156,105115050803.88716,9597424564638.094,1547783118840.0828,3164498414870.4653,6353436689857.749,1039175162237.123,15611156410524.988,13846670251931.553,CRA40,M
181,2015-02-01T00:00:00,179569310762426.12,178391444322797.22,193735091911491.2,42576999979458.945,225591643118553.72,31856551207062.543,12.748999999999999,5.534,4.537,25.179000000000002,9.997,18.75,1905263155030.123,10720448772396.402,2178670510958.9756,5586484605664.939,3827735720528.562,183565972622.14423,572492748509.2485,299122283519.41943,2362236483581.1196,6158977354174.1875,13339323203360.555,16342692959394.082,24698528482188.234,71510324340194.03,1128017119105.1255,3748277867639.9155,113687092835762.14,25860922115136.5,19658344518512.64,60754880914807.1,28976624350258.07,161874405237777.56,163450078823638.0,9595376482816.648,56640171127.29327,100950487298.54282,10794969675173.209,3533027760719.786,2514942037747.6475,4465550793813.59,1574813615111.058,17694905524648.566,14941365499159.207,CRA40,M
182,2015-03-01T00:00:00,249693932646263.88,242650527168847.2,273831625711466.25,64282898636397.69,310516540167864.2,36684914456397.93,16.154,10.078,8.161999999999999,42.931999999999995,5.871,10.248,1905263155030.123,27597984179999.758,5586484605664.939,6858056808913.531,5226355565889.053,572492748509.2485,511563555507.1826,380130183932.65955,6158977354174.1875,7369620364420.714,21765221712829.58,16262960370145.906,44233432264450.39,85483802245409.58,2219238949047.3794,7340969984098.881,159018345643849.7,23079867288245.69,32947000195859.465,114312319505071.7,28555551849345.81,230216959022825.84,222740136638102.34,9850749822683.988,109107586310.78827,133271065174.03032,14285614244936.088,1349715006680.706,4237114184949.9507,8143237728899.321,1278554514548.0083,19476973623438.047,19910390530744.836,CRA40,M
183,2015-04-01T00:00:00,298873650886385.1,256504117978730.16,307448061584754.9,88716243387796.31,342014776549327.7,34566714964572.83,21.751,17.613,13.668,61.037,4.114,7.441,1905263155030.123,54149528423223.484,6858056808913.531,6908846186513.63,7426528772983.228,511563555507.1826,329604461158.65576,559621866376.9603,7369620364420.714,7238450647672.285,11648825798820.133,11398305334351.117,66873902588574.12,79897755769006.78,4870455308595.464,13802940663992.633,155324118131025.1,41298654026780.85,35309067026511.08,142543523182889.84,38161672343535.484,277542873642670.1,233665312809667.12,8662340891044.498,227397437205.55496,429733715603.31714,16242027603077.219,2531394489325.234,4473710558161.794,9707308147741.965,1895669570618.463,21330777243715.016,22838805169063.027,CRA40,M
184,2015-05-01T00:00:00,383330780294776.0,350271439575823.44,431303317289722.1,113431491314087.1,468663723705302.6,37360406415580.47,21.587999999999997,17.637,13.965,67.06299999999999,4.331,5.845,1905263155030.123,76071084898506.62,6908846186513.63,13629139757621.129,10628370364226.441,329604461158.65576,863336212867.8158,597589098762.4915,7238450647672.285,14492475970488.945,50265769502370.67,10791975810621.863,93107832348368.34,106435158874706.47,6610371574469.731,20073234663793.305,228234441343642.03,69724506405975.67,39763113540498.89,167103825845740.44,49958418725121.99,363336725790215.94,324566345183732.6,8515313641592.244,336677585008.3748,573884376284.7451,18801738401811.97,3542002646027.2505,4528286115450.925,7362853840655.854,2038392289819.5193,19994054504560.094,25705094392090.79,CRA40,M
185,2015-06-01T00:00:00,595837395825731.2,502090278235650.3,654553778127703.5,192859735485494.66,700412797372066.9,45859019244363.41,24.779,22.458,17.347,76.222,3.635,4.316,1905263155030.123,147000716241131.25,13629139757621.129,24960580309155.29,17811828572347.477,863336212867.8158,1428433610622.8513,881131364688.4843,14492475970488.945,26389013919778.14,65150136600339.59,9738715579426.959,162194789637211.4,151281285153486.0,18195651065770.426,41871364956147.02,298087718924370.3,77324889755868.5,108031356928078.38,295558246324814.2,43083681263117.6,566035786190315.8,467398408181336.75,11581270901159.896,837877522783.0688,1294116137546.3281,22273389920496.625,3015110706584.7656,9690172292560.39,13911111890124.453,1890430318473.489,29801609635415.445,34691870054313.574,CRA40,M
186,2015-07-01T00:00:00,457955209231529.4,456481604715350.06,579463415240186.0,150927595099723.28,616022581305403.6,36559166065217.66,22.393,19.737,15.659,75.777,4.708,4.67,1905263155030.123,114368429034505.62,24960580309155.29,20734284052126.21,17370035595486.27,1428433610622.8513,839700861747.0115,717877964560.4941,26389013919778.14,21573984913873.223,108079795512421.38,8209803258289.5,129757188417890.83,79880672869427.62,56718067249011.17,76902909119612.25,159002415059506.94,134266242708016.31,62840577101921.08,147163411463263.62,150410883359729.75,438213236160319.8,428971942770168.94,6198397000750.088,2692793249008.0796,1979995613369.6118,12322638715403.494,5250592262072.523,4302571287603.766,6312988195017.367,8191658693165.762,19741973071209.59,27509661945181.1,CRA40,M
187,2015-08-01T00:00:00,555042245741048.25,454607280273127.06,634855971709058.5,217942512779390.6,674561107064617.2,39705135355558.66,30.189,28.075,20.9,81.782,3.532,3.947,1905263155030.123,178237377423831.94,20734284052126.21,19456850887514.44,20306077687178.03,839700861747.0115,1023450854405.5042,945643976046.3812,21573984913873.223,20480301741919.945,76708728783957.45,7819243252989.712,191654281796580.5,127197715115154.81,33686969227331.633,51034504660456.0,213414206262488.56,114503644344369.8,74472027915418.97,236857851500004.56,102171635619724.42,529593715619985.2,423744839024963.6,9179687455333.557,1784091719468.1123,1620392355767.6406,17310514064841.348,4727166526234.757,5311533077567.514,9921283783727.13,6456302386286.444,25448530121063.086,30862441248163.42,CRA40,M
188,2015-09-01T00:00:00,481504176708851.1,455168003377857.75,540028924835830.2,127974932830507.03,579236877694583.9,39207952858753.69,19.481,16.436999999999998,13.288,69.363,5.481,5.537,1905263155030.123,88766979971753.34,19456850887514.44,7868804605056.841,16216672903706.809,1023450854405.5042,96704686865.38011,682646010452.2046,20480301741919.945,7965509291922.221,49916014190762.32,10897691631275.453,105205673393528.44,141082208528856.62,9220790910057.271,32572182077773.4,279137779915011.66,46935062930910.38,100257679496229.0,239168914588737.56,38338196515946.98,459758368126278.0,426954446837244.94,9163152883450.033,349094044566.765,876579978159.7058,19387021532229.633,1821744318032.5112,6929375048627.9375,9884331402930.846,1548065915188.4954,21745808582573.098,28213556540612.832,CRA40,M
189,2015-10-01T00:00:00,223404574943610.0,246708286270427.9,277784721878111.66,49601474688699.664,302341299550465.7,24556577672354.06,14.299999999999999,9.016,7.6499999999999995,50.492000000000004,9.419,9.418,1905263155030.123,25044897016345.605,7868804605056.841,5276894471781.305,7609975103848.352,96704686865.38011,125133010252.74026,317018076053.622,7965509291922.221,5402027482034.045,45785126533275.34,10506759764126.914,39724226033876.86,70147574846513.11,6083877871659.391,16340817014211.352,149357076798607.5,33405991330142.62,37680608724559.984,93729647784785.45,39662037977626.625,213624030975652.56,232783601372453.5,4367673409463.924,281293333651.0046,318374302096.3323,9667179076969.477,1225671773392.2983,2844465809006.217,3868824483004.869,1131746678347.7026,9780543967957.424,13924684897974.4,CRA40,M
190,2015-11-01T00:00:00,206457459527054.88,221479547054690.75,233933643876625.2,35367739473571.58,262994724112077.72,29061080235452.543,9.458,2.696,2.342,17.832,24.097,26.824,1905263155030.123,6306659238119.036,5276894471781.305,3931438499372.049,5065809573482.512,125133010252.74026,115767151323.69293,234962428913.50284,5402027482034.045,4047205650695.7417,19973924934416.617,15342887748878.816,22125083657812.41,93121078908080.47,1608006077315.3687,7313785474803.264,143671361203808.72,26113130752316.56,26184954574544.215,66791941586348.13,36412799863772.42,193339936721548.44,207877121719440.72,7741436966456.944,37082001057.19208,101449978882.98146,10280603289996.36,2269323997524.823,2223972384650.078,3005311862641.6763,1060767659546.4026,13117522805506.426,13602425335250.031,CRA40,M
191,2015-12-01T00:00:00,160750447154926.22,164133454049816.38,175114064511499.8,31028413656700.938,201034182671911.2,25920118160411.375,11.297,2.9170000000000003,2.478,16.463,20.378,30.488,1905263155030.123,5108295496289.5625,3931438499372.049,2530937230068.42,3357914477332.853,115767151323.69293,203190317992.1038,209327949612.40305,4047205650695.7417,2734127548060.524,7178224288544.504,14383829322588.48,19782771751445.8,70506059805316.72,1069287644457.0149,5030680576286.308,99260877266529.58,19575720028827.57,15070628982590.643,54508111990564.17,37399561636408.336,149620572400994.78,152800355529985.6,6561996481251.742,30518491842.572025,113009603233.2861,8606407307643.409,1813904111329.1812,1397925038192.9612,2640964558117.2314,1298247682151.8462,11129874753931.441,11333098519830.79,CRA40,M
192,2016-01-01T00:00:00,152808780883779.97,153028111051425.03,166710257656273.84,34384204730962.0,192609644654030.88,25899386997757.023,13.061,5.09,4.218999999999999,24.676000000000002,10.997,21.212,1905263155030.123,8484817733204.978,2530937230068.42,4065802530075.133,3009789917628.037,203190317992.1038,367047772551.1188,241905369259.41757,2734127548060.524,4432850302626.252,10402870655415.771,13374006448783.504,21774676851196.08,61513038550227.2,909077152214.7117,3488384861123.197,98627237687436.03,25308961569377.734,10087511008504.764,50092058341278.0,31245952426847.117,140402443322006.14,140869778275002.62,6334465825221.005,27375124069.730152,77722839658.17676,9858180122111.387,2872669896132.294,1206826227859.7312,3121479000762.3457,1065951302381.5519,12406337561773.82,12158332776422.4,CRA40,M
193,2016-02-01T00:00:00,187997413008010.4,191606230217861.53,206739626620518.72,37833515955481.55,234349365399781.66,27609738779262.953,12.280000000000001,4.945,4.18,27.023000000000003,10.839,16.037,1905263155030.123,10223777176218.592,4065802530075.133,3690737653744.331,3821362700574.279,367047772551.1188,274413213375.8158,235569183171.8297,4432850302626.252,3965150867120.147,13364894950563.637,13389844431158.906,25388139883641.094,77254096642544.3,878047358411.7466,4562596845681.286,129763070623068.12,19706638645499.42,14651949946328.775,74395752574996.05,32367681155324.656,175919084708721.06,177660749083133.3,6702074932156.199,27146802762.560036,111709486478.54253,11207303771708.877,1194414738373.5837,1603283576072.439,4070129142281.0073,1107746984184.3562,12078328299289.334,13945481134728.232,CRA40,M
194,2016-03-01T00:00:00,248989292764050.28,229693902271775.5,260173030422108.12,62981928464194.016,294834871559197.5,34661841137089.41,16.785,10.885,8.764,44.964999999999996,5.939,10.942,1905263155030.123,28320087327104.605,3690737653744.331,5949380181919.662,5425297691342.524,274413213375.8158,363859652723.9546,416517432888.8904,3965150867120.147,6313239834643.617,11372785802353.281,15157591185227.332,43670138267551.06,79424589615881.3,2418500498666.731,8333410939895.109,143359911792175.66,36333356983128.04,23907245549383.984,105860558241878.72,40867854132411.016,229951915780783.16,210553511972637.38,8613517197016.933,146886746583.82144,293190674397.61414,13977405349344.562,3013331188247.927,3141933698486.5464,7117337923604.665,1874164504723.1926,19037376983267.137,19140390299138.125,CRA40,M
195,2016-04-01T00:00:00,325324260284740.06,282742809961002.4,338548471680614.5,92151815819803.53,375028825951254.3,36480354270639.84,21.322,16.444,12.926000000000002,60.413,4.197,6.92,1905263155030.123,55671461549163.69,5949380181919.662,6404957609514.975,7787629271289.782,363859652723.9546,346278390634.8628,535076573674.5801,6313239834643.617,6751236000149.838,13528007390932.219,13350954993831.719,72183824996270.38,100137341885245.42,4429105281784.535,17832111947931.97,175062783968246.25,46454670071380.72,27310660435794.184,141296005209372.78,53157139389004.164,305720129113930.9,259959689074829.12,9298519221364.39,255715119331.4182,547662587165.1381,16339344766423.717,2966665205561.7617,3501361446332.712,6791284156717.909,2686699554085.4062,19604131170809.2,22783120886173.25,CRA40,M
196,2016-05-01T00:00:00,418798243502010.6,359197926882342.06,452919954899532.0,132406378568783.73,491030187406764.6,38110232507232.625,24.119,20.82,16.11,71.217,3.588,5.131,1905263155030.123,94296146061551.11,6404957609514.975,12201603887613.98,10914318336612.98,346278390634.8628,778770225236.4304,650319594095.875,6751236000149.838,12980374112850.41,40924967554583.164,9610601613995.256,109241284797576.84,105919602825211.88,8548706126831.262,29296395826222.535,215111356898013.72,64399861909433.055,51052118613999.48,196363567560571.12,56764884575496.68,395979428121438.56,331477066214341.1,8744628521974.865,474047626639.35175,788492985865.9642,18588807589534.547,2944445560733.478,6493074553052.815,10341248311997.725,2164930898774.2007,22818815380572.03,27720860668000.914,CRA40,M
197,2016-06-01T00:00:00,487911371842988.6,401206810174314.44,555173469613941.3,182306458358021.03,589822339985815.6,34648870371874.25,28.988999999999997,26.596999999999998,20.022000000000002,80.994,3.675,4.191,1905263155030.123,147657587986146.78,12201603887613.98,19469890104024.992,18087580028362.04,778770225236.4304,1066016344174.3828,859473436692.8218,12980374112850.41,20535906448199.375,68508558652821.64,7142743069657.937,160936880293643.75,121303771743729.36,16309403490757.025,32905523677579.95,230931092103650.75,104619727566566.36,55036411195929.19,208491541015972.03,72489792425935.6,467320564003847.75,374766699216272.56,7708675032936.405,787477074540.3225,900393329626.6484,17549688919455.191,4260211048024.794,4077375452952.3955,7721528428552.995,4025569511093.988,20590807839140.844,26440110958041.9,CRA40,M
198,2016-07-01T00:00:00,637290781203939.9,486032833572224.5,705075648620974.2,259946650953147.3,743004368440815.1,37928719819840.97,32.816,31.489,23.006999999999998,85.409,3.259,3.654,1905263155030.123,222017931133306.34,19469890104024.992,18457999270127.258,23344093203596.117,1066016344174.3828,660972038391.9799,1090369817374.5391,20535906448199.375,19118971308519.24,69343048361910.94,6474520875520.29,231378042684551.1,135569164305236.48,38085034530923.266,74338131737496.66,191759956312236.62,89227996952975.28,142534992285827.44,310652896283809.6,82859623537308.55,609788189279518.0,455239606666295.9,8988483214937.9,1923392869123.2598,2628169478701.3335,12883073215423.55,2897392641985.6025,9442046192006.162,12988546588796.994,6544714629375.681,27502591924421.83,30793226905928.656,CRA40,M
199,2016-08-01T00:00:00,577384171203289.8,512235204218605.9,663350168082744.4,180982042779267.0,702063529145179.0,38713361062434.625,23.637,21.447,16.85,78.609,5.33,5.247,1905263155030.123,142268681716832.38,18457999270127.258,23189589247114.223,24461597538655.266,660972038391.9799,1413964976053.9675,1003348933317.2026,19118971308519.24,24603554223168.19,82604297646797.5,8426580760744.436,156798189942660.53,114450959258658.1,65882534773124.4,126679705198628.19,125975023965305.31,75230129622209.77,233641761608879.6,237500496325579.22,57863068545660.38,553861290405075.25,483362388892969.7,8289286055947.224,3079158808163.785,4048579477695.9565,8575052499977.55,2108503184409.145,13927359391202.918,9076512080162.156,3291244626291.9204,23522880798214.48,28872815325636.17,CRA40,M
200,2016-09-01T00:00:00,454697098341161.0,392193342009034.1,517255160996233.9,166728978418402.3,552146992556706.1,34891831560472.203,27.697,25.488,19.275000000000002,79.07300000000001,3.739,4.666,1905263155030.123,131837146857930.11,23189589247114.223,9954771967045.395,16432405489005.867,1413964976053.9675,233045443581.8546,854322414500.5468,24603554223168.19,10187817410627.25,54917653713262.3,6501339419611.006,143264493717433.62,114149545369454.14,10424830839570.78,28666624872020.91,252528038895949.0,61087410029343.086,53982196781266.42,228742998345428.16,47100828794968.625,432646578616246.3,364035895311754.8,8172492350314.446,386321509035.50275,726106708141.6674,21071169134678.57,2565547825739.4575,4338764744968.714,10586372840719.133,2361191308596.5425,22050519724914.703,28157446697279.332,CRA40,M
201,2016-10-01T00:00:00,321277460111974.0,315581684136666.5,360837000153743.6,74219659353380.3,390564570461981.56,29727570308237.93,16.55,12.33,10.227,59.946999999999996,6.025,6.388,1905263155030.123,44492089045142.37,9954771967045.395,4671689559525.486,8647955851180.619,233045443581.8546,172158846403.66678,382038589734.63306,10187817410627.25,4843848405929.153,33452344065136.758,10419400501796.88,59719637417589.05,91987716830584.38,3274683598294.3276,16530049183361.729,219054867627938.4,20420989770656.78,46055448033604.34,178071727835161.72,28060673916792.098,307010483619764.6,296445673176629.1,5529738651161.542,80634761951.6131,395080827344.40283,14896759118322.969,615259170038.361,3626425740975.627,7726897843665.095,532191338787.1743,14266976492209.4,19136010960037.383,CRA40,M
202,2016-11-01T00:00:00,188206484970878.66,210589364663466.03,220796019073164.88,28407844817131.805,245906580454657.34,25110561381492.445,7.832999999999999,1.493,1.323,11.607000000000001,37.975,35.223,1905263155030.123,3297283435639.3574,4671689559525.486,5048721080500.081,4173857770919.01,172158846403.66678,322931393621.7615,161305185514.01712,4843848405929.153,5371652474121.843,26207967196419.42,12650986967230.71,17294576349838.697,83738943529280.62,1326087042194.401,8448005279904.277,144448632571681.75,18055467456714.09,21976977946171.883,67022959084090.234,30701024082778.035,177265375349989.22,198452721642826.06,6940452294920.023,23172844272.824802,77467606694.62415,10072408898688.277,1418893161741.812,1534388153661.0156,2504296557532.979,506673124017.8536,10941109620889.44,12136643020639.97,CRA40,M
203,2016-12-01T00:00:00,166605067619708.22,177184614726286.94,186088984052706.16,24974155888079.664,207707598168177.84,21618614115471.695,7.9159999999999995,1.8030000000000002,1.59,13.436,31.221,32.751,1905263155030.123,3355541772607.9683,5048721080500.081,3947709771878.5996,3379502270858.8193,322931393621.7615,413708415365.1808,147711807753.28445,5371652474121.843,4361418187243.7803,12924854592308.623,11429899494134.268,14731665760512.84,77262579827178.84,1372994242906.1343,6231801184754.047,111102525088151.81,27462916784059.543,14592549598402.861,45728211089770.72,40341539590853.86,156685508885763.16,167409608520314.7,5546701346719.362,14269822767.075909,41244499564.37214,8009284059382.382,2791882285924.3545,939768164033.9727,1539730601736.9758,811684159788.8209,9919558733945.064,9775006205972.252,CRA40,M
204,2017-01-01T00:00:00,174450062373422.6,172143770348464.8,186110863478647.25,38715902000192.68,216017038232216.5,29906174753569.227,12.537999999999998,4.734,3.918,22.755,11.717,23.335,1905263155030.123,8809727246623.453,3947709771878.5996,3857111967190.0083,3329812957115.2563,413708415365.1808,398319797776.0912,276310794772.8131,4361418187243.7803,4255431764966.0996,6397448799388.008,16283990878610.064,23333845240175.508,65726009246565.05,1370539020829.5728,4823928808353.187,110656103963195.62,8723396694674.8955,29303932852097.23,80208379279177.47,17589330435159.324,159481714028770.6,158919906271281.75,8377110110012.002,95163598079.57294,68762854220.90431,9194582233382.299,877110107168.1466,3547452455886.916,5645365273250.936,386665789834.2798,14968348344651.988,13223864077183.066,CRA40,M
205,2017-02-01T00:00:00,180561700013518.34,182797328494300.6,196771474126980.2,40324614016625.266,226209638778354.78,29438164651374.61,12.747,5.5329999999999995,4.5920000000000005,26.997,10.284,17.044,1905263155030.123,10886449365250.654,3857111967190.0083,3709879873462.208,3998544091879.354,398319797776.0912,208094017006.25095,276115756208.6659,4255431764966.0996,3917973890468.459,12784619971535.266,14411017426785.734,25083318966800.05,75546223382239.4,1289686890295.8809,5572781298373.676,107765757329082.53,19922425665052.414,25681283855303.863,64677294415803.74,33241547212035.676,165718724761469.22,167978275286717.97,8378367719969.142,73610285117.00507,154174308449.22546,10469594591422.422,2469541918733.2124,2955622423866.539,3840891304897.539,1320225907176.6475,14842975252049.12,14819053207582.613,CRA40,M
206,2017-03-01T00:00:00,273740255920214.25,240416818101736.47,276088578704713.7,73901537006329.55,313796295429100.0,37707716724386.27,18.891,13.109000000000002,10.341000000000001,48.976,4.365,9.193,1905263155030.123,36193820281943.27,3709879873462.208,6384476763750.859,5096284692396.125,208094017006.25095,381167192575.81226,447211610269.8778,3917973890468.459,6765643956326.672,5718052529323.707,14459072880573.443,52154760490463.375,87953689117099.73,1756679410127.4438,10448308748779.902,152663685699736.25,28357334304037.562,24510222727751.445,125442241251437.11,38618753612884.3,252201573421354.3,217549341450499.44,9857882485545.656,98697572873.69624,506708264048.58276,16818391555666.232,3043222763974.392,4037474771546.912,8130868985291.296,1912912751150.1853,21538682498859.926,22867476651237.023,CRA40,M
207,2017-04-01T00:00:00,318406603860113.25,283610441106054.25,345568904766291.1,96318001520009.16,380465255913910.5,34896351147619.406,21.895999999999997,17.774,13.900000000000002,63.77,3.652,5.743,1905263155030.123,61421650372389.75,6384476763750.859,9113884293344.145,7476938995324.235,381167192575.81226,652312073719.1389,489913538669.30334,6765643956326.672,9766196367063.283,29626040029067.31,11423470419581.057,75665148021211.95,92696010745588.58,4144545719894.271,16985582373464.701,174383882009602.94,52134854787560.22,35104803803759.523,136318469647278.34,47156640918478.25,298134917553891.9,260789872451735.0,8668484764418.375,199787377421.54245,606718124374.5636,16540289273032.852,4029037462152.017,3971322256503.234,6967445955276.437,2109169747361.5886,20271686306221.39,22820568654319.22,CRA40,M
208,2017-05-01T00:00:00,386642835863216.75,325561010344572.8,426439054637963.8,132831673818457.73,461301177758584.44,34862123120620.625,26.076,22.974,17.517,73.75500000000001,3.513,5.251,1905263155030.123,97969550697837.11,9113884293344.145,15598397415905.238,11101485348406.904,652312073719.1389,876456373481.0271,691406129399.0675,9766196367063.283,16474853789386.266,43596382601516.19,8065206771155.885,111200106853469.48,90722243493335.88,10678166914469.693,29023708708162.016,193555862977332.0,65866436916148.12,43361074191663.8,180051191854301.62,52045446285123.65,365663580971947.6,299640550368589.1,8122347455202.641,582401509190.2551,754012448026.5125,17492699264395.371,3140424842497.581,5592138491477.058,8962470145542.377,2253220710921.016,20979254891269.113,25920459975983.7,CRA40,M
209,2017-06-01T00:00:00,519203580754529.44,427214564239226.9,597611390672696.9,203200766082343.97,638032003340152.0,40420612667455.09,29.657,27.238,20.327,80.108,3.166,3.993,1905263155030.123,162780153414888.88,15598397415905.238,24737674215910.984,17180929518758.428,876456373481.0271,1307682680457.5913,902671599786.8871,16474853789386.266,26045356896368.574,80361640006568.66,7538676435481.35,177233405769075.12,115827396732871.02,18872974136882.363,40537290035740.72,239908709036489.0,90551507959389.6,71793325748348.53,247196482086740.22,65065301765990.875,494112676814741.6,395640310687710.75,9002676118041.777,899338873710.0135,1045500462110.21,20239155078573.39,3949859993701.459,7182945160941.045,11092867365934.357,3252814438291.6543,25090903939787.805,31574253551516.1,CRA40,M
210,2017-07-01T00:00:00,604796508511668.5,454921160226253.7,616885184922060.2,195816880445539.7,653128457112699.0,36243272190638.625,27.456000000000003,25.868000000000002,19.634999999999998,81.491,4.653,5.124,1905263155030.123,159573608254901.06,24737674215910.984,21414533064484.43,23950965359442.22,1307682680457.5913,1076327111634.0042,1098972806556.511,26045356896368.574,22490860176118.434,6143763249236.125,6342548485843.432,169373888224483.38,114476869668326.02,54848549098761.52,104256583774110.61,136222054011957.33,108045490817883.38,149515693423968.5,252882254710749.72,85510467098405.19,579661198971069.8,426096763633092.5,8032988279154.085,3103515142141.7876,3382617679826.524,9846526993042.158,3290245522468.465,9640936386742.088,10429458059149.654,6233418071235.147,25135309540598.73,28824396593161.18,CRA40,M
211,2017-08-01T00:00:00,595389144195617.5,487751964713692.75,656869790271933.8,204022896376938.78,695627486517721.6,38757696245787.94,27.072000000000003,25.16,19.197,81.003,4.349,4.665,1905263155030.123,165265200131150.84,21414533064484.43,21678729554936.707,23187458994527.18,1076327111634.0042,1422651888532.4849,1036268621362.2526,22490860176118.434,23101381443469.19,58238541916576.94,6945790876874.793,177828349483685.06,149723478917330.5,30996067274851.28,73469092987329.81,223571317117496.25,78302131887018.28,142003636971312.28,268776220622319.22,60791689869652.33,570270924413997.8,457362711233312.1,9289688914117.596,1666170214384.2026,2541841026674.7256,15624437772382.12,2248915303307.8975,9217447419694.764,11037774537519.488,3881198073919.5635,25118219781619.707,30389253480380.65,CRA40,M
212,2017-09-01T00:00:00,514590019103943.9,470304029640066.9,553854010263603.4,128900736551142.1,595556479859251.0,41702469595647.625,18.612000000000002,15.744,12.772,67.648,5.882,6.405,1905263155030.123,87198266955494.47,21678729554936.707,11394981982573.291,17097847166820.008,1422651888532.4849,454301593002.2633,775725109728.5737,23101381443469.19,11849283575575.555,31660179623723.836,10320611788198.754,103082554855409.88,149487448799443.47,11430471780624.396,33935194213992.945,293801879585544.06,48426928169127.6,99587412084368.88,258344918114180.12,34556709975082.953,490194489296744.1,439376473425620.25,10434964643908.906,406720257061.7058,795403016656.5415,21659291683277.023,1810721937862.1814,7646865628818.532,11354440208772.111,1214678645289.3555,24395529807199.74,30927556214446.617,CRA40,M
213,2017-10-01T00:00:00,327687041022802.44,321836285220376.3,354498502346931.75,63777594211084.98,385118574887220.06,30620072540288.312,13.675999999999998,9.353,7.927,51.989,8.285,8.835,1905263155030.123,33157521670796.664,11394981982573.291,4893166564819.809,8861532273500.037,454301593002.2633,223780521922.3822,393757687054.07355,11849283575575.555,5116947086742.19,20574429379537.17,9683988560971.262,48481354019130.3,79453178518239.94,4415110640755.79,18569484214432.754,222245068779130.1,20026941051076.855,48819765794805.13,194795498640100.4,25644036548290.64,312845102423850.0,301123981762981.6,4755858146448.788,117053026280.31372,497860356256.00183,15945672992348.254,578917123302.1433,4153072321055.679,9009302972945.484,496505117710.41864,14841938598952.416,20712303457394.664,CRA40,M
214,2017-11-01T00:00:00,165765946264625.47,189435738841407.0,199704057899257.78,26011378425314.64,222256672228324.4,22552614329066.6,8.904,1.7319999999999998,1.532,13.297,37.742,41.374,1905263155030.123,3458764096248.041,4893166564819.809,3270631588419.918,4351376573785.301,223780521922.3822,162188242078.65213,198755220480.20166,5116947086742.19,3432819830498.5703,25444429416785.957,11606279067796.727,17781834488622.074,67963415414338.586,1314298553956.1538,7281629961298.518,132619946902524.47,17903997527184.53,18274766129360.996,64611139947033.65,26442580236374.16,157760182849855.28,178651591822215.78,4657289886325.332,22995475026.918617,91371313310.01814,8806795443904.428,981848746222.8223,1421172110796.7769,2275253468912.011,533183989463.0939,8005763414770.184,10784147019191.217,CRA40,M
215,2017-12-01T00:00:00,205409310962722.3,223990527987362.5,234221916876326.5,31472018811978.188,262775938409936.47,28554021533609.96,8.035,1.246,1.098,9.272,41.196,38.711,1905263155030.123,2917997278368.2285,3270631588419.918,2825910837692.5415,3877770140386.6562,162188242078.65213,184709853055.45953,151827832261.24084,3432819830498.5703,3010620690748.001,21077015163257.83,16955183076400.201,18819606655425.812,91362028969698.16,1134521386927.8745,6175799489971.315,154367408232953.66,17750583533633.664,25915075175767.14,77630675054945.48,31159394587559.51,192919087048248.6,212576399383208.2,7331569361144.71,24310440284.754684,61007722875.73129,8778002327267.958,1303348585636.8948,1954305535727.4678,3794298244816.3857,657510300874.119,12490223914473.723,11414128604154.3,CRA40,M
216,2018-01-01T00:00:00,173297318517837.47,182190536525463.25,193104586869578.75,32354649451255.203,218794533916134.6,25689947046555.867,10.536,3.451,2.956,20.599,13.433,17.211,1905263155030.123,6664702404699.336,2825910837692.5415,3344761177701.577,2887898068772.4194,184709853055.45953,170016564684.38867,154176557867.62686,3010620690748.001,3514777742385.966,16062077463963.098,12744604565394.566,20344615082890.848,82217064104421.64,856857361297.7383,5081591314812.547,122998284348642.97,16730664339860.664,17651919547528.02,57442674243433.72,27908149351517.617,161471994002528.56,169415210608986.34,7223447085614.597,23819624775.98542,119083067737.49832,10065028085895.48,1305078957782.8044,2130699327842.3635,3177715404173.996,555778877963.08,11825324515308.895,12775325916476.91,CRA40,M
217,2018-02-01T00:00:00,212469237083697.5,201385750314704.0,217500706302810.53,48690872313697.016,254328342636356.47,36827636333545.914,13.657,5.454,4.457,24.364,9.556,19.232,1905263155030.123,11863235980151.104,3344761177701.577,5159225829539.439,4048851235867.907,170016564684.38867,309295887544.9966,339505977371.4378,3514777742385.966,5468521717084.436,2733493185856.082,17771078425718.047,29702992178849.92,82112355960214.69,807344271796.8861,3960178068359.007,136864203252820.97,20386876360633.56,17813138608714.035,87191963124327.55,27153802161089.254,193651373513534.8,182638488294421.16,10156721803729.826,39714856641.79344,105151884583.77667,14920712341231.615,1928509101437.268,2604250109675.1934,6627480780411.83,1182584712734.2559,18817863570162.703,18747262020282.86,CRA40,M
218,2018-03-01T00:00:00,200069176645733.22,182905700412764.3,214016727442007.75,56450472371660.39,240342382579230.12,26325655137222.406,19.999,14.076,11.138,53.364999999999995,5.221,9.784,1905263155030.123,30124817234437.984,5159225829539.439,4079632666932.512,5073593404262.298,309295887544.9966,246106728825.39215,396166093649.9247,5468521717084.436,4325739395757.9043,11818558680142.527,10310532628608.367,42800410142099.57,59277402603830.44,2951884149408.1543,10231398093541.91,103473091027390.47,27160177610337.594,23591840031172.918,90059431996007.48,37119869425004.13,186728410303717.4,167136684632975.66,6239228860797.323,170779341941.17404,335743050592.5151,10450093584908.91,1744145018171.2578,3453584123430.282,5021649412454.729,1694558729508.276,13340766342015.824,15769015779788.64,CRA40,M
219,2018-04-01T00:00:00,253149254710914.5,221469953075704.28,269073758912032.5,73439932916324.95,295548006014882.56,26474247102850.094,21.604,17.455000000000002,13.712,63.951,4.658,7.306,1905263155030.123,46965685813474.86,4079632666932.512,6778160159507.828,7292609824986.152,246106728825.39215,456123606344.7708,476552905792.6677,4325739395757.9043,7234283765852.599,18194928548359.324,8713911005571.693,58129858167754.05,71545575287488.11,4443095003416.085,15307947000267.152,128675641730091.98,35323521792259.68,35220623545456.93,115908242611154.03,35826380305805.66,238085286691169.0,204165740584770.66,6458477309140.504,207060968647.0525,448652936307.7904,11411607087343.383,1637282822423.6274,3932490029521.9385,6519554951873.591,1753054405421.2375,15063968019745.512,17304212490933.613,CRA40,M
220,2018-05-01T00:00:00,382150288514695.9,340022014176484.7,416934329203561.94,110388505611951.0,451967524998186.94,35033195794625.0,21.52,18.074,14.29,68.264,4.356,5.694,1905263155030.123,75355309817326.0,6778160159507.828,11793506059542.012,10588319046489.8,456123606344.7708,624383533815.3203,576662144993.1348,7234283765852.599,12417889593357.332,38410641306619.55,9802974363083.715,89724646865261.2,99941894768472.58,7420313065619.57,30938298619771.4,188442625170514.3,41396730756459.14,71652019297724.39,189665629229647.8,47901218744900.516,361942553374350.9,315416176278758.75,7886624340989.012,290887427076.87775,857854322417.5054,15209711289228.566,1590478805093.9229,7292593535370.982,9872777671844.586,1812645646049.5222,20207735140345.023,24605837897725.945,CRA40,M
221,2018-06-01T00:00:00,533150548756968.0,442850950326976.0,603191975166538.4,186973352351052.78,641562233558942.5,38370258392404.22,26.849,24.636,18.807,79.47800000000001,3.821,4.206,1905263155030.123,148603093958648.56,11793506059542.012,28157785865326.32,18928352027282.35,624383533815.3203,1408140588635.9639,868047279389.157,12417889593357.332,29565926453962.285,75451532389261.56,7196194850080.439,161949161927923.8,124355719670835.11,25245540854247.445,63133159227447.266,211576297727633.2,90940184764162.4,110107954122028.53,230321678205209.56,66155234669379.1,508750741867654.4,413085027373288.25,8659464728744.258,1214664562245.2417,2073590092627.9543,17128151122900.836,3730195314550.966,8191761069239.396,9936556753390.467,3231346199302.2983,24399806889313.645,29765922953687.773,CRA40,M
222,2018-07-01T00:00:00,645548441156131.0,486906122070239.5,739021426910312.2,283803050889763.56,776458817751195.8,37437390840883.625,34.544000000000004,33.337,24.087,86.809,3.064,3.323,1905263155030.123,246365660048879.94,28157785865326.32,26146418113997.074,24348599126627.625,1408140588635.9639,1525744479137.5217,1100394533359.6296,29565926453962.285,27672162593134.598,85829577102160.81,6589655243795.258,255290877844026.5,156436154207755.06,34406496584177.727,81288617815660.55,193994463804908.5,82979988538225.7,162525998869707.2,297739648137388.56,66657171693495.29,618444408699029.9,457584130952288.7,9970683896467.068,1709708036112.5767,2544620658078.259,12715850473554.168,2138644904899.4443,10104200827000.457,12450082997656.312,4792231781283.579,27104032457101.086,29321991117950.78,CRA40,M
223,2018-08-01T00:00:00,567920532602876.1,426434680886184.44,643528601861589.6,243979491181171.94,676407148656903.8,32878546795314.25,33.95,32.804,23.785999999999998,86.524,3.655,4.059,1905263155030.123,211100944385857.7,26146418113997.074,25671223396615.797,24890807081920.426,1525744479137.5217,1220393865458.0688,1151613356655.2578,27672162593134.598,26891617262073.867,68834547338105.28,4602669571348.2,218478180937297.3,122390304760685.28,47259130629727.01,102191859273699.28,121597410978237.27,85287361273403.83,144583198383599.3,234075441530350.66,85939457536112.92,543944966838139.06,399379197527676.5,7672523415426.661,2972809975142.8384,4163965585157.3174,8121280307081.3955,2406576582658.149,8955666244225.83,9732500181494.98,7005726832057.852,23975565764737.11,27055483358507.914,CRA40,M
224,2018-09-01T00:00:00,503616804038978.44,475436992766971.5,598235821738253.4,171332140560871.53,639870593657906.9,41634771919653.56,24.179000000000002,21.68,16.853,75.69900000000001,4.058,4.647,1905263155030.123,129697368641217.97,25671223396615.797,9853053527796.322,17542443838237.693,1220393865458.0688,477828645083.2291,837099876888.9839,26891617262073.867,10330882172879.55,84956822280016.72,9455324459949.672,144647394258106.12,157061787374795.03,15290392566378.16,32817402040591.176,277168581329390.97,53784403524766.625,106769724016415.69,234488858661518.25,44506676040166.055,478152451601671.1,443735373952350.9,11646725834069.89,831387300183.6619,1129069893465.0916,20404664142990.324,2262726394784.7534,8192661333221.316,10425830314987.59,2272906038225.333,25464352437307.324,31701618814620.633,CRA40,M
225,2018-10-01T00:00:00,235334479967738.44,246065574298167.9,276273029563416.56,53090380285835.6,303197141816335.2,26924112252918.617,15.207,9.471,7.944,49.286,8.249,10.98,1905263155030.123,26166268032916.984,9853053527796.322,4586430410543.789,6962881914905.807,477828645083.2291,57632106674.999664,386152116049.7173,10330882172879.55,4644062517218.789,31210542707685.72,10474077832054.064,42013427168894.41,73757986724088.66,2802970130524.449,11517672755323.074,171368911516217.7,22643939379234.844,27808924391929.883,116815756637233.89,27692365945306.375,224735355495880.47,229673171983978.38,4874681976530.9,91273176564.10522,319523692005.29407,13084175480990.28,968366369521.2936,2508449689280.281,4436552433800.479,708503967354.8726,10599124471857.965,16392402314189.54,CRA40,M
226,2018-11-01T00:00:00,213698150180670.1,211056302749235.16,234216250434213.62,51054728084190.984,264779976681732.28,30563726247518.63,15.359,8.749,7.183000000000001,40.135,6.831,11.052,1905263155030.123,20491001836672.355,4586430410543.789,3711059783363.222,4665708951199.369,57632106674.999664,215805668788.79343,314540332744.2843,4644062517218.789,3926865452152.0156,17131957340170.652,13824306723188.186,35972501757156.91,91531154633721.61,1314387107054.0176,8717704926174.578,135941831154815.42,22133281143133.75,25593024982969.57,76291415257281.05,31683445648854.484,198673555960311.0,194532688893693.5,9074245715540.037,50061604015.69741,227514313579.64938,12839729468674.277,1903120707196.0837,3065707315645.3066,3819713484043.3096,568115467206.3628,15024594220359.08,16523613855541.645,CRA40,M
227,2018-12-01T00:00:00,182936305272635.0,184909315600480.56,199718658168891.1,38467655494144.96,226695111713571.28,26976453544680.176,12.97,5.7540000000000004,4.824,29.872,8.792,15.127,1905263155030.123,11491201949464.785,3711059783363.222,2811996721329.464,3259044659870.702,215805668788.79343,149769954884.00446,233638792905.53247,3926865452152.0156,2961766676213.4683,12499113501371.805,12920979985757.688,25903049451119.53,64473286447334.84,739544455539.4419,5135553236950.949,136240019557875.6,16806220775813.45,14236479109198.027,84172444438299.12,19787568873829.043,170587504898398.38,171003611996442.1,5798504988397.811,28177182522.747997,93386823926.46855,11815888814468.213,1499041784839.9683,1754943776628.9243,4957866777072.387,306693830418.5892,12348800374236.635,13905703604038.475,CRA40,M
228,2019-01-01T00:00:00,190331680288890.53,177230664199357.3,200442597383096.56,49135905985463.34,231693211565718.3,31250614182621.766,16.607,8.923,7.166,36.4,6.049,14.031,1905263155030.123,17885291802841.58,2811996721329.464,4627976282834.331,3490157482578.4194,149769954884.00446,429274136969.2004,337304293715.105,2961766676213.4683,5057250419803.531,6879759456898.441,16117751249712.574,33287545696844.9,62424740006472.914,1254899888223.0718,5797099302057.934,114160369788882.53,10516074061994.03,29707694414446.145,95895176584631.22,17404111311865.596,174633089955156.1,162527075403417.34,7775873775459.382,92113918265.86124,129806109190.48833,9562845898485.963,1246610810995.802,4702200561135.307,6546299638088.765,346428418052.84937,15698590333734.438,14703588795939.98,CRA40,M
229,2019-02-01T00:00:00,257122691881984.75,220515523028554.44,250055124234867.3,72826135414609.95,289523162102491.7,39468037867624.39,19.057,13.34,10.331,45.805,3.703,9.082,1905263155030.123,33358097546985.566,4627976282834.331,3664856384227.4644,4411277780613.486,429274136969.2004,428902493575.59436,450854478456.4911,5057250419803.531,4093758877803.0586,-4212562848445.2266,17259710732355.795,47654169463778.41,82363538762032.06,1201447166985.8018,6106592946390.102,149821749954546.47,12619321537087.893,30495264839183.08,131290546822612.36,17217636426146.06,232380000068122.4,198736098386861.44,12239626470691.834,84892993971.22359,211265120465.1573,16217403957559.277,1685044704824.612,4689893736767.505,10606755517880.742,787233953394.9921,24742691813862.348,21779424641692.996,CRA40,M
230,2019-03-01T00:00:00,245958960709614.3,220015278466338.4,249347547455578.9,61028867487367.195,283934703425595.25,34587155970016.332,16.853,10.604,8.519,43.327,5.972,12.305,1905263155030.123,26441711517350.863,3664856384227.4644,7030770347423.385,5093501071684.674,428902493575.59436,684713709975.7886,437325444671.1655,4093758877803.0586,7715484057399.174,4119754453671.09,14180542577246.887,42023398324610.77,76383953776475.75,1771284560769.448,8560408052979.854,145252554554452.06,24860910656489.574,22888638076603.117,117577121554488.3,30380901591720.12,227382394040433.47,200293378783544.75,8553304438070.063,112240412948.83728,300567573536.9561,15028098027061.922,2102885301876.1938,3423596674217.488,7619809355697.612,1157964568565.4133,18576566669180.83,19721899682793.66,CRA40,M
231,2019-04-01T00:00:00,262138725011462.4,243414460606651.66,290876051930119.25,71804972473334.88,319261373814834.5,28385321884715.234,19.168,14.927000000000001,11.972,60.468999999999994,5.405,7.926,1905263155030.123,43419650588619.64,7030770347423.385,9243411916587.695,7822997950500.019,684713709975.7886,592390735278.1968,477996146914.6769,7715484057399.174,9835802651865.893,26815704778275.625,10256292947402.838,55754817608914.12,76054519136375.55,5160558648994.549,14461457396657.707,139459915266916.3,44634752198219.95,37365245465151.72,111622555125764.23,43892103023554.91,246773283857017.44,225877822404617.47,6110821667774.652,336437751767.04456,375267727062.88336,11598005414180.29,2858055335407.3037,3733357424970.4053,6021296424200.132,1868837611116.456,15365441154444.973,17536638202034.195,CRA40,M
232,2019-05-01T00:00:00,393015196226207.75,354515682796929.25,436948070781544.1,123081330788422.4,473824288455611.3,36876217674067.22,23.383000000000003,19.729,15.393,70.039,3.888,5.453,1905263155030.123,86205113114355.19,9243411916587.695,6690620503145.074,10810811790267.926,592390735278.1968,192184353123.8817,631768273552.3226,9835802651865.893,6882804856268.956,44752601889479.766,10253914932013.879,102171885870399.27,103413310957479.28,5640311102101.82,23855698665587.83,230440233809163.88,41919846519693.2,55442369336756.91,203509285900702.5,36562650159977.21,372698142043462.8,328085564407999.8,8394123099505.6045,269596364160.86963,693336042195.5371,18916306528896.797,1663315879799.8354,5960647535188.297,9566279161243.975,1283567960683.4895,20317054182744.953,26430118388929.453,CRA40,M
233,2019-06-01T00:00:00,522548647386412.94,466394199771824.44,608977270457021.9,174674518738202.22,649395989934702.8,40418719477680.83,24.990000000000002,22.046,17.132,76.861,3.7,3.879,1905263155030.123,134255799260521.39,6690620503145.074,20071355778229.242,16556883090910.008,192184353123.8817,856386745747.186,723279583233.0178,6882804856268.956,20927742523976.43,92146289313640.36,9889669099853.684,152184378539048.2,140121966728668.47,11210566661774.066,33617088885094.883,276391135311073.56,65839544736059.94,102871690135228.67,260672091190559.56,46248144031668.17,500250691540382.8,436721536139744.5,9449783535354.596,524334499294.86957,861885623347.9119,18415996221538.008,2630530184995.155,9016697782399.084,9355756502332.488,1715635128847.9924,22297955846030.152,29672663632079.953,CRA40,M
234,2019-07-01T00:00:00,634552083899214.8,453313558492812.06,703165799720600.0,289146742193260.7,741233242344691.1,38067442624091.06,36.846000000000004,35.707,25.302000000000003,86.835,2.63,3.188,1905263155030.123,251079299569169.62,20071355778229.242,21774598728554.586,21300516804307.18,856386745747.186,1139175636639.6824,1075773555063.584,20927742523976.43,22913774365194.27,71826806003984.75,5914453584475.471,259091455902209.25,138053830620737.36,24060746283333.137,44142362435186.445,258051687901955.88,92775161783535.95,74692775489976.17,330381829514450.75,65494535414570.92,605353184353910.5,422299745089836.1,9804576800055.422,1242577366994.2666,1314911920847.2417,19296151795384.418,2872956179675.1943,6189697708245.847,15206454644726.395,4285386532351.4165,29198899545304.254,31013813402975.95,CRA40,M
235,2019-08-01T00:00:00,542011390943279.56,464872481325899.3,627870638630495.5,193817561024215.53,664681028697017.2,36810390066521.72,27.062,25.006,19.108,81.008,4.414,4.455,1905263155030.123,157007170957693.8,21774598728554.586,21344233692564.805,22354608447746.742,1139175636639.6824,874532693219.4678,940040660886.9329,22913774365194.27,22218766385784.273,79173253360903.53,7674766439600.548,169915014545733.06,136154830087297.88,41411371257450.52,65037419248487.7,174398059229582.7,95012905164206.94,139035794847199.92,223042865601444.34,81766165057964.47,519248020101436.8,436611390392197.6,9360739999541.107,2058433742041.5015,1833009221183.3057,12304235627357.758,3297950327197.838,8964769323855.834,8271671293920.521,4933652240446.619,22763370841842.773,28261090933701.71,CRA40,M
236,2019-09-01T00:00:00,458389099665425.7,384162121530060.2,535242486894593.1,184145563055842.12,568084903063849.1,32842416169255.97,30.362000000000002,28.267999999999997,21.032,82.16499999999999,3.452,3.931,1905263155030.123,151303146886586.16,21344233692564.805,13806714870549.172,17411951393567.729,874532693219.4678,799260302066.3569,826032192876.6461,22218766385784.273,14605975172615.53,69463377538051.94,6805633672326.162,162511172688847.16,123771270169443.45,12408320430050.426,30186310520575.84,214749137680979.0,53306949924751.95,72795936795210.36,230364711376878.94,58971204428956.93,437629241991650.2,358924599335196.75,7936294204447.537,475741721767.8887,865224571641.7847,16207120039533.283,1611925034420.0703,4709693983835.873,10346413863266.12,3844966449726.389,20759857673775.51,25237522194863.438,CRA40,M
237,2019-10-01T00:00:00,341587814586466.7,335801453522992.7,381206333706514.56,85032729149282.1,419099684085221.75,37893350378707.234,16.875999999999998,12.366000000000001,10.111,55.437000000000005,6.332,8.491,1905263155030.123,47139378770574.86,13806714870549.172,6139453872397.777,9628404555430.84,799260302066.3569,376245705843.39056,537970986814.0523,14605975172615.53,6515699578241.168,33262742112726.49,12450107636833.53,64332423347154.414,114803638674408.56,2636941407993.4517,13331901695372.574,226450977673727.78,25686455810884.742,50808775960151.164,167864772905739.5,30837761445089.97,321686769086405.4,310734456486962.4,9496384904809.957,82398025051.84981,316612095252.9824,19160095852048.26,1223413875236.44,4740883073735.585,8864634624761.951,1083620085194.6282,19901045500061.332,25066997036030.33,CRA40,M
238,2019-11-01T00:00:00,271367269304886.9,277506897782239.38,301286591450859.4,59854087555885.52,340365167770939.56,39078576320080.23,13.032,6.895999999999999,5.753,34.71,9.029,12.952,1905263155030.123,20775511235805.297,6139453872397.777,3489355015669.545,6252487463790.408,376245705843.39056,264356939174.34207,373733357143.0947,6515699578241.168,3753711954843.887,24153152089760.5,19839971748089.215,39264586285767.1,116425148707497.48,1338939784694.2551,8856931050689.066,184026488509813.6,15356291708014.137,40828870584663.414,110515642274411.2,32338351270251.465,251154013740611.88,258532650149422.72,12265013284375.31,37421360653.85867,170106565721.07074,14283613158963.805,1142024967879.8909,3782454096328.138,6636110746298.762,870759016870.8702,20213255564275.03,18974247632816.67,CRA40,M
239,2019-12-01T00:00:00,166509442314721.9,164680318181343.28,181762592725687.7,40875025523005.86,209073517112104.38,27310924386416.664,14.969,7.463,6.0920000000000005,33.184000000000005,7.467,13.398,1905263155030.123,13564101136589.195,3489355015669.545,2572032789909.249,3267089177425.9287,264356939174.34207,180200518476.58008,244256824642.20245,3753711954843.887,2752233308385.829,10733498356752.54,14432559596169.158,27208406026206.086,65013472368069.625,781027949681.0409,4508603261656.597,105955181301001.88,14974516009139.625,16959679891342.215,68610588118230.62,28286264767547.234,153107179757096.47,151982153909572.38,7206590435461.279,31027092686.577007,99502507518.7897,9721026695370.26,1554502448653.1562,2094190114892.9934,4541667165992.206,851920368821.0872,13402262557625.432,12698164271770.918,CRA40,M
240,2020-01-01T00:00:00,220813179748671.16,183607854467624.75,205437143913457.4,55944126412987.24,238329439575420.0,32892295661962.58,17.348,11.221,8.819,41.205000000000005,5.087,12.281,1905263155030.123,23051830751024.664,2572032789909.249,3184363414776.282,3782516158305.694,180200518476.58008,278770803218.92004,380524148888.5648,2752233308385.829,3463134217995.202,-13442593620412.375,15618572553628.125,35639878336171.91,70895197326530.97,1117353215989.4812,7763795178340.963,115504478979665.77,11583815445008.816,28096202406036.01,110446324240451.66,21894867560817.97,200689132190332.4,166612902162509.22,9239826127859.86,66721562638.73016,287571642278.23773,12030870918626.875,1832742761031.7983,3934575950655.221,8763907027168.86,962783873194.709,20124047558338.754,16994952305115.535,CRA40,M
241,2020-02-01T00:00:00,161306240614210.4,148758340309842.0,168138009387277.16,38145999920519.97,191931356112850.5,23793346725573.344,15.655,8.536000000000001,6.958,37.626,7.648,15.2,1905263155030.123,14352653194946.623,3184363414776.282,5221805403324.27,3785009586101.9805,278770803218.92004,538917530703.5905,313444563876.82446,3463134217995.202,5760722934027.86,4102341606610.881,11089847550358.17,26322445318622.5,52699983869837.92,1412118370783.2134,5846487445400.803,93121137403562.11,17508546201156.008,14795177410825.562,73706439299137.12,27265325480159.508,149761456815531.84,136593758665330.4,5246868937081.368,92969117525.89316,161339754758.54382,9571709923170.264,1441215686419.223,1596103461072.1592,4695359420419.416,903799142743.2671,11544783798678.55,12164581644511.582,CRA40,M
242,2020-03-01T00:00:00,243174086818271.06,231047450558082.78,261168937547830.78,63600853635847.05,295606295368683.9,34437357820853.09,17.000999999999998,11.167,8.98,45.854,5.866,11.477,1905263155030.123,29163495814993.957,5221805403324.27,5819675436372.297,5518627929539.388,538917530703.5905,355273731342.008,449866603323.9199,5760722934027.86,6174949167714.305,17451085788492.105,13982062059161.428,44401833583725.35,78181515470426.6,2268159653665.628,7399451763620.332,154685033848482.2,21325805074095.477,29364524273178.504,117607211988710.58,24629710752406.8,224513984296852.97,210947428527733.12,9004151313151.844,161646632461.95102,251036108919.46948,14807866331587.064,1763156363978.593,4111827463946.574,7641758735368.197,1018681602354.0662,18660102521418.1,20100022030349.656,CRA40,M
243,2020-04-01T00:00:00,245257695531185.38,204633785130693.88,265063684057089.16,87225014105851.42,291709202408242.9,26645518351153.703,26.984,22.855,17.196,69.452,3.459,6.309,1905263155030.123,60579495754697.72,5819675436372.297,6448896061992.346,6985532786536.173,355273731342.008,349518398549.42236,530795245943.56433,6174949167714.305,6798414460541.768,20579050647033.664,8752171329008.947,71524831487998.31,59488218545480.91,4665928133064.244,14149708555192.059,122747663304705.11,37006618029767.19,23295465393712.59,119268241514234.12,36380899675616.56,229912786644674.28,187089956507098.53,5781930991135.086,281059419048.80164,483370631047.7003,12476373949930.768,2088374920667.7207,2874785331617.6235,6991232343660.598,1911609922998.139,15344908886511.104,17543828623595.33,CRA40,M
244,2020-05-01T00:00:00,390593892949877.25,331432575904207.56,444992966901893.6,149178088327168.22,482343405538551.75,37350438636658.06,28.392,25.130000000000003,18.820999999999998,74.96300000000001,2.82,4.202,1905263155030.123,111827649690510.16,6448896061992.346,14309842414026.473,10173279910696.02,349518398549.42236,1199259197815.376,631644130331.1354,6798414460541.768,15509101611841.848,61377019796140.53,9059687805328.484,126342040217173.77,93660422503053.27,7284163104072.0625,21648362385755.914,208999941421872.56,57485973490785.74,43356088704199.195,195312604858837.34,44700891040549.555,368107363238432.25,304341084270693.4,8390152036014.68,357643993320.53735,491836702481.51074,19712395344903.457,3109704625717.214,4910094007848.623,10494836347231.623,2111358287441.573,22486529711445.027,27091491633514.195,CRA40,M
245,2020-06-01T00:00:00,561531547111398.94,464032967596281.5,642626485794074.6,219672686397967.72,682578737709825.6,39952251915750.94,29.953999999999997,27.967,20.842,81.813,2.963,3.496,1905263155030.123,179720434482216.78,14309842414026.473,17234338588073.605,17752331499290.086,1199259197815.376,641311634422.7097,872758513857.9849,15509101611841.848,17875650222496.316,84588403577753.84,8175259817030.714,192494860074017.0,136803313372739.62,10284024813673.22,33880235416814.062,306102604962641.8,58419325820600.49,78199495796220.47,306450105375109.4,38311161559448.42,535552979985263.56,432897287131984.0,9631574199374.451,420482535393.0956,815536506474.7185,22575583298315.414,2100560768390.2878,6409801793633.25,13430895651895.895,1729812836955.733,25978567126135.35,31135680464297.492,CRA40,M
246,2020-07-01T00:00:00,660177824816062.4,523574529068551.06,755945652132914.2,275521491965949.72,798483846896772.8,42538194763858.47,32.486,30.819999999999997,22.588,84.56099999999999,3.019,3.322,1905263155030.123,232983297202091.25,17234338588073.605,21474080940548.29,22690852923843.008,641311634422.7097,976671926832.6687,1040296977828.4441,17875650222496.316,22450752867380.957,100955104099464.56,6880879352692.748,245577685608147.8,176566115089096.75,18326168150368.5,51571382269626.484,289657491837541.44,82454371000596.8,113924431642938.44,320283461733363.25,66985793953369.72,630875330092683.2,488893885584218.06,11439598921394.26,850818964592.3816,1589932861384.0925,21424840142392.586,2578495240587.7886,8066687114902.653,13694467700013.043,4338297262445.386,29302494723379.184,34680643484333.008,CRA40,M
247,2020-08-01T00:00:00,526630818756483.0,472571331430683.1,645974923712962.4,203561595842899.6,681022424146503.0,35047500433540.625,28.243000000000002,26.087,19.836000000000002,82.783,3.866,3.538,1905263155030.123,168514095409358.97,21474080940548.29,17498544874692.512,21015501412327.14,976671926832.6687,432122205232.3205,801266249972.5222,22450752867380.957,17930667079924.832,109934522296103.0,8076916688985.042,182443508946909.94,147262523506601.1,26708584317165.117,56273732866016.7,231477621716937.62,86189702361415.27,100577901297701.97,216763445053292.94,87268762559555.19,506489403787326.0,446032869891359.9,8690147060113.582,1127749922310.0825,1363022605076.3062,14789212525408.355,2672509993736.58,6389225377533.288,7415735310230.528,4232273714071.532,20141414969157.0,26538461539323.258,CRA40,M
248,2020-09-01T00:00:00,513990539861255.8,463368050070150.1,587098671107601.1,161146877978541.44,624668988562135.9,37570317454534.81,23.747,21.049,16.516000000000002,76.68599999999999,4.28,4.141,1905263155030.123,123576560524006.62,17498544874692.512,11781374984332.285,17628671483901.38,432122205232.3205,297958954034.831,710806325300.7546,17930667079924.832,12079333938367.115,67102737591343.18,9801505844498.291,139420098709120.52,142693494183415.7,12059381810410.26,32305465273944.797,295373966839679.4,62044605493405.08,74219239822320.97,255652317846301.66,54244608941737.78,492695882797067.2,435897197414148.4,7616161056591.695,468120122527.4392,760110038144.3947,20455869082285.63,2597607866724.2896,3731749559011.201,10320778102728.24,2815113892177.4473,21294657064188.617,27470852656001.72,CRA40,M
249,2020-10-01T00:00:00,319104723902808.1,344303283737206.9,373084622091813.44,49951031225657.41,398365788816816.5,25281166725003.05,10.502,6.612,5.832,49.388,10.453,7.762,1905263155030.123,24669864500654.355,11781374984332.285,6715028513191.387,8318170448011.1875,297958954034.831,243286112789.97116,257384359364.2113,12079333938367.115,6958314625981.357,44747405022667.35,7920983611749.961,39183206841878.27,90526370241146.58,2431913951120.405,16557302232401.467,258198733478599.8,18136921697887.07,42453379436584.8,183414264301628.7,24102359870438.72,308634858473063.8,327186386736743.75,3273084491581.5444,28657930700.823643,437790853362.1626,14518414733437.715,304630521697.97217,2120629026135.3662,6454359563102.623,449195310189.2154,10469865429744.303,17116897000463.121,CRA40,M
250,2020-11-01T00:00:00,212677579797590.78,228168667632703.34,242083088818209.25,40806893058100.88,271704119103067.62,29621030284858.383,10.952,4.621,3.9539999999999997,27.412,12.498,16.444,1905263155030.123,11185862773242.502,6715028513191.387,3907098233532.7627,4660101822528.808,243286112789.97116,126530755249.21951,255472481285.81848,6958314625981.357,4033628988781.9824,23752264971155.68,12988221593588.36,26513600887993.945,80225395080354.31,1233071628938.5552,7158767278785.615,156672765624052.4,12500481734362.87,34702380644792.113,98742929646771.03,19054171798899.438,198627573740273.8,211662389696682.53,7565178809366.318,24859529197.74098,141765896085.0526,12434869718076.477,845738419121.4532,3736156321224.3457,5497322932744.14,310392367522.2409,14050006057316.965,16506277936020.803,CRA40,M
251,2020-12-01T00:00:00,187333506414196.28,201451997314464.97,209976945387519.5,32951347373317.188,239305158442462.8,29328213054943.31,9.77,1.725,1.4909999999999999,10.995000000000001,30.101,41.951,1905263155030.123,3623134318373.878,3907098233532.7627,2231000459432.408,3518027215449.1294,126530755249.21951,78900067459.34686,204295112293.47232,4033628988781.9824,2309900526891.755,16017896756752.324,15029488358713.723,20513772242392.402,86835752466327.47,817610434674.198,5981230103517.05,145601330480000.78,18697014608965.44,17377958642472.115,63508464859710.766,23435273128547.617,175022462038520.72,187232172685694.72,7664911476163.637,27386302065.51384,151346760971.87738,12046791218026.545,2070245093645.0464,1622441600217.745,2424541044895.005,523205508460.4408,12311044375675.566,14219824628770.246,CRA40,M
252,2021-01-01T00:00:00,180858671181382.5,189793963688521.47,199319725336561.28,31112442734283.07,223788186346298.7,24468461009737.41,10.098,3.3329999999999997,2.883,21.355,15.665,22.04,1905263155030.123,6643981724545.661,2231000459432.408,1838152698417.0024,3357411473382.8804,78900067459.34686,71228731305.35349,196815769949.27924,2309900526891.755,1909381429722.356,15178755134515.232,11957779706731.318,20127061521323.582,78923821696863.5,1009015691602.0657,6334671515131.9375,134057455020556.31,15594398423219.076,16702673239257.293,69099298400667.84,25585367165405.074,169952190035882.34,177354511116820.72,6195198521260.412,37111688533.96791,171425621031.2176,10285678328712.168,1221557552175.4294,1561250055759.4902,3318299451033.0835,555412498695.1145,10906481145500.143,12439452571700.742,CRA40,M
253,2021-02-01T00:00:00,153128369462449.5,151152201543633.22,163924102190196.38,30054848516648.35,187016205554085.47,23092103363889.094,11.976,4.247999999999999,3.589,23.166999999999998,16.257,26.348,1905263155030.123,6962745152759.26,1838152698417.0024,4701011551212.085,4042732667835.3057,71228731305.35349,273002976479.84848,273000972830.93484,1909381429722.356,4974014527691.934,8051210331912.578,11259071175229.59,19630918307530.727,57130741166236.18,1451684439530.8186,7045728060081.066,95974536628955.7,18638055778577.535,18655721762153.168,59961142979742.42,23510229500813.9,142775667984637.22,139592172331453.58,5414466444225.062,61265411831.35918,177721609727.17126,8880995551664.535,1966623992130.7832,1808077572265.7488,2793889431729.2563,809690676418.0118,10352701477812.271,11560029212179.654,CRA40,M
254,2021-03-01T00:00:00,229870226023705.5,209491270936767.72,239499095481605.1,54008412486806.88,269483458341484.6,29984362859879.477,16.445999999999998,10.030999999999999,8.185,44.482,7.022,12.149,1905263155030.123,24024049626927.406,4701011551212.085,7631711743173.744,5441878448675.797,273002976479.84848,701830119929.3247,392293859769.35095,4974014527691.934,8333541863103.068,7004621875400.762,12270899383544.93,39387746158068.84,73468830022582.94,1819430874228.5583,10633957907324.223,134939574395801.34,19861192403141.742,34121692072654.668,111558582338398.4,21598940237677.938,215522562671447.3,192479637580362.5,7229826991901.658,99988973205.79485,295291668659.3086,12045272757737.918,1273004143479.8972,4083837219959.1367,5549540548217.33,782534405502.3816,14347663352258.193,17011633356405.23,CRA40,M
255,2021-04-01T00:00:00,279390168791475.7,258875529530682.0,303713729424345.75,77051050125731.6,337400337511214.6,33686608086868.836,19.206,14.277999999999999,11.389000000000001,56.279999999999994,4.599,8.027,1905263155030.123,43364442038862.76,7631711743173.744,7845150487441.082,6648256179101.92,701830119929.3247,529851891688.6399,483461851812.63226,8333541863103.068,8375002379129.722,22891263294095.72,11817725511051.78,58332080090351.1,81699879391234.45,3337495117149.8564,15110512946477.629,163987461678979.25,31869854588081.984,47163934085481.08,132692781950230.44,23047607964943.39,261373028876024.5,237536498846553.56,8465721895097.288,170632290358.77145,533872203784.57245,13814506507584.053,2079714355211.0461,6495262536717.079,6937831461358.264,858629349468.5181,18017139915451.17,21339030684128.42,CRA40,M
256,2021-05-01T00:00:00,483726132867437.75,402003394290371.7,529351801811533.9,172236032176878.7,571150651619620.5,41798849808086.72,27.372000000000003,24.641,18.592,75.732,2.924,4.513,1905263155030.123,130437182368791.97,7845150487441.082,14032306786040.537,12303112184839.957,529851891688.6399,894219466800.2775,791172372931.0822,8375002379129.722,14926526252840.814,55265967665436.97,9324733311379.422,144895997765028.75,122515563843005.66,8501663000805.108,20497011510928.195,271398185069061.16,55129809725414.87,55227685102319.016,258773565267927.72,35295964088279.41,456915950347276.44,370423497260464.6,10510499907163.396,478649156707.8643,574382442455.11,22705836317968.965,2470528806719.037,6495714504347.29,13254771363823.76,1899697050882.918,26810182520161.305,31579897029907.035,CRA40,M
257,2021-06-01T00:00:00,598728149344854.8,520886882280940.9,693130302632904.4,217744305947760.0,738705401710001.5,45575099077097.19,27.139000000000003,24.839,18.902,79.069,3.393,3.87,1905263155030.123,172169206870662.8,14032306786040.537,20262694786939.48,19472984487955.07,894219466800.2775,1130027863278.507,925444529238.8971,14926526252840.814,21392722650217.99,100794136204126.12,8319035879237.16,188106760899605.6,156931145925288.1,17304233175432.588,40826892690300.83,285720546844332.2,71521877948020.14,134329653762015.3,300704907199891.56,47406413164579.3,569984823763500.6,484760846946359.4,11706226404590.447,733773270330.848,1100260672400.6208,21656617143887.8,2480260495105.837,11345125284148.947,13456578009257.223,2390519636213.916,28743325581354.125,36126035334581.51,CRA40,M
258,2021-07-01T00:00:00,568067790256793.1,468355093837083.5,669084298512295.1,230858562159187.12,704887499858024.2,35803201345729.09,31.037,29.153000000000002,21.674,84.491,3.563,3.634,1905263155030.123,195055360813458.03,20262694786939.48,21711493417664.39,22419364110057.09,1130027863278.507,909635062425.6553,952634552183.9243,21392722650217.99,22621128480090.047,96571070223620.5,6250634252500.738,207660643288349.97,116696730312908.56,51236128344508.6,78598479072785.64,177133671059353.38,115043498730792.8,107829686425861.92,235661191132747.44,103512675976556.94,545999899249234.44,439712161806280.8,7435169956498.501,2459212229183.966,2378029148906.7324,12348944353886.666,3667596058310.4287,6517829418705.345,8587095843842.991,7316946029026.727,22067891007558.656,28642932030802.703,CRA40,M
259,2021-08-01T00:00:00,640364396634213.1,519251547611975.6,741620157324467.6,266909728145459.03,783415153424170.4,41794996099702.78,31.974999999999998,30.354,22.320999999999998,84.341,3.204,3.497,1905263155030.123,225114732045756.25,21711493417664.39,18501079252900.586,23269655477786.15,909635062425.6553,858478012665.1412,1058149447324.5214,22621128480090.047,19359557265565.727,100740311808994.38,7667713407868.667,237136335138760.47,174004549155223.88,26473945197564.14,58125459136568.0,267176566822889.0,90213319642238.86,131251116475147.52,289157310755909.56,61081114437206.0,611500638689940.2,485982742932806.6,11846523956643.387,1326967616611.9346,1917820122379.6235,19516097211842.37,3070239135724.238,8475996831532.686,12029174729525.662,3949743019181.9766,28863757944272.91,33268804679168.97,CRA40,M
260,2021-09-01T00:00:00,420170426030616.44,377734987472601.1,500425557997480.44,157149880407862.03,532498019976951.8,32072461979471.36,27.33,24.994,19.021,79.591,3.844,4.329,1905263155030.123,125077418428390.67,18501079252900.586,10348390685074.766,16025594747583.34,858478012665.1412,186077157848.20547,752043105128.3611,19359557265565.727,10534467842922.97,73816890447732.62,7463093283137.395,136765471378290.34,123772802985689.19,11447791979499.553,28446853360391.91,213872848757952.34,52228442566248.734,76171796587512.27,196196396101380.03,51819258609151.22,400644495013709.9,353311695934115.4,8658067984136.379,379360045371.9154,525495777834.95074,15963587776703.09,1670679336089.05,5909396522078.263,8671687918846.161,2170947194332.4866,19525931016906.543,24423291538485.754,CRA40,M
261,2021-10-01T00:00:00,383705047202203.1,388888094619528.56,452845365772368.56,101864795403218.5,488740230574952.25,35894864802583.66,18.381,14.568,11.892999999999999,64.762,4.957,5.044,1905263155030.123,65969930600634.84,10348390685074.766,5002137059734.898,10548797142058.723,186077157848.20547,334398134915.9844,447250736537.15247,10534467842922.97,5336535194650.883,65955045369688.23,11278035245772.22,83237565515000.5,124677206706361.66,4718769044116.1875,19113038733225.062,254139829948945.5,22999100096223.688,76011372791572.53,198474548936022.9,29735691412998.867,365263894471833.3,364605663197633.1,8326107947555.317,132698234049.31004,424113018269.49554,17515454609335.508,1031235556373.1322,5862874431335.472,8659696208171.841,771404147175.1351,18441152730369.785,24282431421895.426,CRA40,M
262,2021-11-01T00:00:00,161241846312184.8,180679298847181.1,190408910791147.06,23392749291583.484,210375434177462.44,19966523386315.35,8.584,1.799,1.603,14.646999999999998,34.948,34.903,1905263155030.123,3426225905268.1313,5002137059734.898,3186005386281.869,3991323018516.9326,334398134915.9844,169074790151.61108,166090437344.7773,5336535194650.883,3355080176433.4805,20882223422047.016,9995651743998.379,16345403409849.484,71440821313608.36,1192024104173.953,8528223948922.967,128573353235927.72,14405905790471.738,15698489312238.709,60153947512363.7,25413635342675.344,154528898565366.78,170877501995015.72,4038854803790.823,19030924646.039146,97303102140.84512,8182430606797.573,585936741219.0035,1144732951057.974,1990853099667.3455,455602369663.77997,6712947746818.018,9801796852165.367,CRA40,M
263,2021-12-01T00:00:00,191893091263178.16,191664784965163.28,206757708517731.03,40823091537262.45,234757771207126.6,28000062689395.54,13.107,6.202,5.179,31.411,9.098,15.234,1905263155030.123,12823028847866.914,3186005386281.869,2475985959242.3154,3763168225152.136,169074790151.61108,171535849748.44394,262570037162.34485,3355080176433.4805,2647521808990.7593,11887164182409.336,13345607212821.078,27099857220151.406,64469940234947.15,1420338512977.381,7899509204104.005,132836707551232.8,11466900075966.205,22168505825447.523,94502582221201.33,20756313448679.57,178338931736218.72,177181865338337.28,6842635938917.338,44935845441.98879,107794669330.78932,10987236234016.29,563554990617.9198,2768967173732.3105,6040173928093.386,681780373635.4215,13554159526959.432,14482919626826.01,CRA40,M
264,2022-01-01T00:00:00,176418560800149.1,160061154472334.62,176772432861900.88,42456375562697.53,205380386790291.8,28607953928390.93,15.459999999999999,7.8340000000000005,6.317,32.618,7.981,18.077,1905263155030.123,13848421634306.602,2475985959242.3154,3509565178136.174,3565153179507.802,171535849748.44394,478350846168.9944,336470157590.6441,2647521808990.7593,3987916024305.168,-1168590478193.457,14002790025038.023,27328526268613.99,58413794648176.3,1327784605968.9775,5400385506024.725,104084698795515.31,14475098003532.285,19459560158654.848,83172969198080.69,21062297855011.57,161462247355814.0,145934341415150.72,7015760824169.943,84897183995.32948,108442936052.32596,10988553219788.873,1637631500659.5647,2235865124872.3315,6194478183453.2705,817497528527.3816,14956313444335.104,14126813057183.916,CRA40,M
265,2022-02-01T00:00:00,166748860081465.75,148656992497782.38,173112229808202.6,51579082293118.37,198641996176090.4,25529766367887.812,21.238,15.048,11.593,50.504000000000005,3.64,9.252,1905263155030.123,26049315925230.555,3509565178136.174,2621800044302.771,3386094645631.6475,478350846168.9944,160420889534.8958,358655976594.07227,3987916024305.168,2782220933837.667,6751753251079.676,10436524938225.701,36766257806244.66,54354134311262.5,925942031987.0973,5171784952860.053,99382055076634.25,14727879819126.191,14794695487920.068,78160587357512.3,18621479361113.75,152414386440761.03,133724171957655.16,6497944830375.9375,57720021567.25154,222349577063.31238,11699591368108.703,1617261803525.6345,2515976961008.0596,5996917429739.832,659532189443.2024,14334473640704.717,14932820540127.219,CRA40,M
266,2022-03-01T00:00:00,234335514735782.0,246850625826938.8,270201038454037.44,45218579723459.84,298318469506007.9,28117431051970.473,12.215,6.329,5.422,37.819,9.593,11.279,1905263155030.123,17101148671489.371,2621800044302.771,6403844578493.885,5292161165509.149,160420889534.8958,405254046932.839,259250458164.67987,2782220933837.667,6809098625426.724,33643137454235.24,11654779811992.322,33003965241650.04,81754202193753.25,1939091430985.7603,8791913682614.053,169959756748204.56,39454776443172.53,22529591973214.492,92280428823967.27,36364788481488.69,222281321143507.1,230793228633893.5,5709224165662.512,67655979618.41553,199932568440.3699,13149353857984.156,2954099921150.0093,1865819601984.1257,3190936937022.014,974567753458.6079,12054193592274.906,16057397193045.305,CRA40,M
267,2022-04-01T00:00:00,303497111984792.75,267062499148140.16,333209133264034.25,99611779283925.5,365100383598611.0,31891250334576.72,24.912,20.324,15.645999999999999,67.984,3.204,4.773,1905263155030.123,67720528949348.78,6403844578493.885,5346627534352.539,7232347374304.639,405254046932.839,369430811669.7025,448918678713.1996,6809098625426.724,5716058346022.241,30192875833291.703,9311845725306.764,83009980379141.84,83609206246326.98,2189401106468.9119,13302328250081.906,176179739067233.7,46858177275393.83,19749377068707.094,143530855355139.22,46734008108130.234,287300567126941.94,244852525350539.9,6676256927533.492,116904190374.86917,378098048056.39276,17560918803828.764,2975593665537.212,2203397635885.4336,6166596216723.724,2328753167511.1826,16196544857850.82,22209973797600.25,CRA40,M
268,2022-05-01T00:00:00,409446869353038.1,326801616788871.6,445504437267651.9,147361617079996.28,477385836466602.25,31881399198950.375,28.68,25.921,19.478,78.365,3.35,4.334,1905263155030.123,115480217881045.9,5346627534352.539,15192911641611.844,12480150601454.723,369430811669.7025,613248874812.5471,672684386760.3862,5716058346022.241,15806160516424.39,42925067487281.56,7007051033343.379,127771008127962.81,80275104502953.08,14045853996699.37,29798369062639.797,190494890044736.56,74632944878654.62,55744248453501.234,205519272768426.9,42255525003140.02,390225691212674.4,302540517498077.2,6116468936859.1,688114095701.9176,888136067793.8962,16591099038793.07,3573515109322.677,4978449813024.694,8643058026388.082,2003436343274.7493,19221178140363.754,24261099290794.434,CRA40,M
269,2022-06-01T00:00:00,521043764214838.5,426512157863683.0,607617503425891.5,216974443392862.4,645491735101392.9,37874231675501.41,31.895,29.476000000000003,21.72,82.544,3.053,3.354,1905263155030.123,179100211717361.0,15192911641611.844,17346703063992.455,18229024106016.4,613248874812.5471,773097028560.0234,834389132529.2798,15806160516424.39,18119800092552.477,86882244942333.61,7061915054103.119,193797862091054.3,122204474764181.94,15862621021350.574,40435310909542.74,227429505251748.3,87622414501869.17,94109626332663.81,248218231612249.1,59071185665082.05,498480431787842.94,396472938270844.75,8705601732572.041,750066989038.4735,1210172170787.4116,18138620205358.86,3167467081572.4805,7385675455957.199,9480091442063.607,3764856942483.715,22563332426995.543,30039219592838.246,CRA40,M
270,2022-07-01T00:00:00,517992234583008.7,478859140084966.94,619384983275782.6,164767963519174.4,656504214305603.4,37119231029820.8,23.098,20.608999999999998,16.279,77.472,4.862,4.547,1905263155030.123,127648732489353.61,17346703063992.455,25012862819443.605,20019935369951.094,773097028560.0234,1283531980563.669,780148898683.0425,18119800092552.477,26296394800007.273,96692232698766.66,8284634073217.8,143064045347411.38,147924317582674.12,40188270219752.59,51812979279505.53,218245182122936.3,100471422815220.58,105537791071285.48,196852693762405.44,87336831694953.25,497061413439805.7,451308075108927.6,9815733896860.61,2115516482107.364,1333652276228.799,13473535924697.78,2939118908163.843,7102006999560.004,6842316061949.752,4860005569674.184,20930821143203.004,27551064976039.332,CRA40,M
271,2022-08-01T00:00:00,626283531635018.4,574960885836256.5,738650732503713.4,198966007001907.7,779783641938925.0,41132909435211.72,23.241999999999997,21.368000000000002,16.833000000000002,79.327,5.161,4.74,1905263155030.123,157833097566695.97,25012862819443.605,22603958452542.01,26274203737983.086,1283531980563.669,1285259568804.0566,1005524767773.8096,26296394800007.273,23889218021346.07,104103274989272.88,9256314979724.707,171677223101597.75,155202891973454.28,62247371795472.55,131741516625728.81,190409984706716.06,80339702150550.97,230486033754510.5,232994168965538.0,61226160692874.46,600278279715272.1,544369550949573.56,9706334435212.73,3604358617749.826,5370259057979.867,11487428253508.951,2272961621814.6343,12488717341955.203,8655696804739.022,3010830673468.987,26005251919746.254,30591334886682.97,CRA40,M
272,2022-09-01T00:00:00,493254228240322.5,409361894359715.44,552548872163976.5,189410773232135.8,591615460471962.6,39066588307986.19,29.396,27.209,20.263,79.375,3.545,4.557,1905263155030.123,150344184924149.62,22603958452542.01,11749601443389.158,17767410521985.676,1285259568804.0566,476538435219.12506,951485656499.4644,23889218021346.07,12226139878608.283,54788772900804.7,7601786793690.485,162425639439948.56,134851015123359.9,11657408397433.676,23702823924318.176,248225715621214.78,60876541723616.414,74088576227206.33,248123973245644.8,44401931034784.016,467554354016939.3,378373631280638.8,10658667877607.07,458821209176.6623,692291354678.553,21840508171915.8,2591746074666.675,6036549200786.082,11757168916430.91,2652384497198.059,25699874223383.207,30988263079076.605,CRA40,M
273,2022-10-01T00:00:00,401560272908712.2,365608660377397.0,449943274586232.25,128737528855514.94,486391671211660.8,36448396625428.5,23.511000000000003,20.511,15.948,71.688,3.435,4.689,1905263155030.123,92289132230086.44,11749601443389.158,5051087751842.396,10225054119360.012,476538435219.12506,92635877593.52759,581631487817.2437,12226139878608.283,5143723629435.924,49255103449598.86,9852432202321.09,105786855002506.72,102931258691701.73,3692222148347.234,14224298969007.951,255187820539511.34,20309061206989.15,55816300753451.305,241621518623224.34,24408988390573.277,379086137490923.1,339105331831883.1,7975348812773.52,124622562990.57256,342160250114.28516,20785785793934.4,790807346766.8328,4734010407207.237,13365819008134.451,858909781381.6667,22474135417789.09,26503328545513.88,CRA40,M
274,2022-11-01T00:00:00,183334950458118.66,209428316245521.53,220410156946275.03,30363232298961.9,246084025056713.88,25673868110438.824,9.058,2.128,1.87,15.443999999999999,29.42,34.294,1905263155030.123,4689364188523.075,5051087751842.396,3272695653474.9414,4598718430789.893,92635877593.52759,113694502871.94989,223357908022.50375,5143723629435.924,3386390156346.891,29025396502836.914,13305454109994.04,19963864544851.406,84523470994709.81,1095888986153.5464,5933959169460.766,147152266018820.44,21017177018579.703,25063755690793.188,61553611398851.38,23861686052181.547,173028218581601.7,197173596747948.7,6451793891815.272,20681804614.574062,41130512370.66391,9601612055829.475,1660392947718.339,2263659601465.133,2153414524612.6914,368766035663.6548,10306731876516.967,12254719497572.836,CRA40,M
275,2022-12-01T00:00:00,153316796082377.94,167172192015353.66,175856730561110.5,23433897934338.55,195744592577602.7,19887862016492.18,8.372,2.016,1.779,15.132000000000001,26.926,28.124,1905263155030.123,3546035917846.369,3272695653474.9414,3296687490505.965,3080015436902.622,113694502871.94989,298799685938.3629,134046326698.35062,3386390156346.891,3595487176444.3276,17610528870919.516,10254661985177.488,14722251400627.2,72576126733651.55,1016598313561.5961,6237964561683.758,118611404415959.06,18050649170770.48,14368702974614.256,47854103585432.76,23841085965842.402,144718844051538.53,157837791669977.3,5342693552976.603,24172818266.33302,62393355750.3186,7823216653750.777,1423744653673.2363,1035839095174.0044,1769120468439.2449,451171778185.2162,8597952030839.402,9334400345376.33,CRA40,M
276,2023-01-01T00:00:00,170902424504278.34,185961505619683.8,198405051470705.88,29549642798002.99,221559161359529.06,23154109888823.164,9.610000000000001,3.2230000000000003,2.806,21.643,15.207,20.622,1905263155030.123,6395532909179.823,3296687490505.965,4489543755613.295,3137235203355.9814,298799685938.3629,251133943304.7208,177273654582.52283,3595487176444.3276,4740677698918.016,22599804547058.953,11790872016424.648,19066106024502.555,72792415652107.84,974716421390.644,4545868412388.557,128391671026736.06,9721004819886.693,27259813879075.117,73658398532333.19,18223200363388.16,160717687416716.28,174849401690590.0,6205991205377.194,36846561406.13734,79164398508.01688,8325799682677.277,611331379255.7782,2480746611670.3975,3288250104421.0825,268711073339.98706,10184737087562.07,11112103929093.8,CRA40,M
277,2023-02-01T00:00:00,190606101708818.84,181679752882538.75,201128353155521.2,46116740658384.7,230543783573656.25,29415430418135.08,15.455,8.304,6.755,36.215,7.093,13.487,1905263155030.123,16701310240249.627,4489543755613.295,3993432565906.791,4230959671588.0107,251133943304.7208,412069809506.49524,335194898484.0802,4740677698918.016,4405502375413.286,7439786090464.801,13374525750773.14,31084002564931.07,73933734156063.06,1427039378499.7285,6556884477472.318,116458435981248.8,21620047785987.33,19795217637674.64,73713831139147.25,28370225027260.152,175824497558669.94,166050918024683.3,8106681806798.014,56093898958.28065,221383885364.3341,11738702457062.22,2562980564003.262,2472032149017.2026,3890557893983.304,1362006352817.7388,14781604150148.914,15628834857855.443,CRA40,M
278,2023-03-01T00:00:00,223290843812932.34,200382778568045.7,241690589784690.47,69142158573899.92,271404074759318.47,29713484974628.008,21.786,16.314,12.684999999999999,57.025999999999996,4.306,8.887,1905263155030.123,39428673599271.914,3993432565906.791,7229415685831.7705,5476926331463.19,412069809506.49524,633646604533.6466,470992978752.3114,4405502375413.286,7863062290365.417,19978168269337.418,10504180052519.566,52654053848387.81,65510616462955.47,2271491753824.1914,8378033907206.178,137445524669518.83,22157549101857.71,18687965516773.836,111168609424907.38,23402138310354.043,207214808896926.72,181807120250470.9,7238910656397.226,138459743358.81555,239722474066.8041,14760146127849.098,1352010230323.932,2513649024713.6357,7245391555217.651,1163403421653.2407,16076034916005.611,18575658317574.79,CRA40,M
279,2023-04-01T00:00:00,279215709078045.75,261054222108247.4,306958377842457.5,73599358388523.42,339532999895403.9,32574622052946.39,18.319,13.364999999999998,10.780000000000001,55.741,4.995,8.466,1905263155030.123,41024736335577.03,7229415685831.7705,9312818104645.607,6830977483216.249,633646604533.6466,844723568963.5652,482364285339.1218,7863062290365.417,10157541673609.172,25157728749022.438,12088975069639.943,56232261043907.36,83855652090231.48,2543755410512.23,8531932992249.982,176828388847088.25,28120750712267.637,39943773781790.836,141973922543214.25,22097380654513.23,262482258337963.34,241413298693904.53,7416139467517.375,138919478036.10468,197525200085.96796,14175871104490.133,1365809918233.954,4617045632162.811,7753976154245.113,709087199653.8247,16733450740082.41,19640923414342.875,CRA40,M
280,2023-05-01T00:00:00,389155850326738.0,347661308902806.8,429187426533388.75,119097478251960.6,466590108087137.56,37402681553748.78,22.381999999999998,19.035,14.899999999999999,68.595,3.782,5.605,1905263155030.123,81694796698211.81,9312818104645.607,12351289633050.5,9965678279292.016,844723568963.5652,396146590226.43884,615465085184.6035,10157541673609.172,12747436223276.94,42790149823948.41,10119661044577.887,96061701916475.9,103129241108822.36,6175139333381.9,22444026460121.914,214749775585427.28,45627571955871.84,68625976575779.336,195763958035400.78,31223543489273.85,366964797560216.9,320774434983862.4,9354079645413.88,307621488077.30707,638719157299.6116,17079045138826.57,2332080261332.574,8537592610083.107,9866173702475.06,962614681957.4668,22191052766521.13,26886873918944.453,CRA40,M
281,2023-06-01T00:00:00,492445857672344.25,410445624128384.2,573686683121603.1,190776701259193.16,611344060612477.9,37657377490874.78,29.329,26.69,20.03,80.26100000000001,3.216,3.863,1905263155030.123,153119323768318.38,12351289633050.5,23584040169416.176,16415089187151.049,396146590226.43884,1272573119904.5269,821599324131.3594,12747436223276.94,24856613289320.703,83228267290402.08,7788079715840.873,168253743478932.1,115304398569030.69,19130987414728.715,33029402463544.438,242596822005672.97,85279561603023.19,59780239700392.93,236705683846711.3,60340850352460.16,470319046482309.6,381848899473254.8,8095809364840.304,963445083669.6658,897681288638.4965,19365271033344.523,3229691637349.334,5836557957223.194,9903628899206.492,2431450580891.995,22126811190034.625,28596724655129.38,CRA40,M
282,2023-07-01T00:00:00,608688605312321.6,501952641111960.06,743327993684443.9,273430960431324.25,782367324552428.6,39039330867984.75,33.054,31.533,23.053,85.722,3.007,3.28,1905263155030.123,234391629563339.5,23584040169416.176,26417834970253.39,22739144024270.688,1272573119904.5269,1347733730334.3132,1033459411030.8595,24856613289320.703,27765568700587.703,130564620774244.9,6951355922936.379,245697758816944.56,165597921203104.75,29249400760356.008,55265563239201.96,226674583292312.2,108929060297745.45,125147219628808.31,252435432077794.25,90141196215769.5,582227976817846.5,471212399897246.0,11341558841884.414,1322062990128.56,1688771280065.5632,15325602337988.129,3717682321557.1963,8331628185450.259,9712616050967.979,5760947701147.12,26460628494475.15,30740241214714.066,CRA40,M
283,2023-08-01T00:00:00,580519114675477.5,478959177266622.1,694770589030985.0,257520396349685.7,730932515928047.8,36161926897062.72,33.534000000000006,31.861,23.244999999999997,85.958,3.372,3.573,1905263155030.123,221358469452622.97,26417834970253.39,12575430052468.227,24076341019928.11,1347733730334.3132,348493367714.06213,1062956718808.5507,27765568700587.703,12923923420182.29,104956886763362.19,6063930883229.561,232985484358013.72,140919202583535.62,36484592770473.46,76180695521127.55,194561157371623.44,94620611886488.39,131835176754555.69,245611426422988.28,86328747723850.44,557331936414139.9,449209674620503.06,8276633493992.727,1881395879610.862,2792430820367.7114,13620949358992.701,2907822519252.3667,8369404356698.397,9210291427724.863,5877753050817.093,23187178261337.668,29749502646119.055,CRA40,M
284,2023-09-01T00:00:00,426474490472071.8,426030940470782.4,521307443819098.5,122957488542627.48,556147891410780.9,34840447591682.39,20.105,16.903000000000002,13.677,71.665,5.433,5.444,1905263155030.123,88117040950945.1,12575430052468.227,15335806463936.531,15958642896492.943,348493367714.06213,688562563717.7529,666289601640.1802,12923923420182.29,16024369027654.285,90773936557127.6,9285708621878.25,104806873290466.03,129733857628376.66,13261571472170.658,30911229950945.95,249393532013994.97,51822949300337.44,80069017268043.17,196204331707964.38,58440643310487.125,408672368587624.44,401164764064695.94,7753289947363.006,379486409452.5348,587032150066.4397,16934100479116.086,1547993733424.7925,5679661926194.517,7913806053593.151,1872927591323.2722,17802121884447.39,24866176406086.41,CRA40,M
285,2023-10-01T00:00:00,299832331406708.75,308086382988935.5,367575084115609.5,88192943731419.9,398774076898756.0,31198992783146.5,19.898,15.504999999999999,12.504999999999999,64.62400000000001,4.957,6.246,1905263155030.123,56993950948273.41,15335806463936.531,6270302083585.371,9113254893956.125,688562563717.7529,237720564135.36353,478447796398.0719,16024369027654.285,6508022647720.734,55731656150566.58,11041050393322.168,73138620868777.66,86079669550541.4,4432314424032.236,12948623907321.156,213869928296716.9,26558565745580.36,44499220495232.96,159879711904341.34,25364697947264.418,285466571107784.25,288166161163246.5,5766669323687.1,172030486428.52057,365234453087.3793,15071809551028.11,1136667443677.1675,4075552179626.081,7097189078472.843,600829608606.2587,14365760298924.488,19920221825688.97,CRA40,M
286,2023-11-01T00:00:00,172950147193463.38,194593039156973.8,208871371643549.97,30464481694190.863,232481889871666.66,23610518228116.668,9.854000000000001,3.2809999999999997,2.864,22.498,20.672,25.22,1905263155030.123,6853963466074.195,6270302083585.371,5029162840108.155,4722739482171.411,237720564135.36353,380503117052.7471,240074715930.77606,6508022647720.734,5409665957160.902,27398498739024.824,11897195532043.602,20581989225488.33,63846292590727.945,2378417545531.559,7917236071299.342,133685714324021.81,23880471866133.32,19620527235275.01,67661374760735.59,27575560473125.11,163305375288896.2,183260219577953.5,4562915041495.762,93508365600.905,56324850420.99581,9213123646250.014,1068263405903.2987,1685068618295.5225,3957268606747.1147,341118948873.8814,9644771904567.172,11332819579020.32,CRA40,M
287,2023-12-01T00:00:00,175868889204295.5,194644061429678.38,209828815350189.34,35232292002446.77,235288579874219.6,25459764524030.234,11.559,4.657,3.988,27.737000000000002,11.234,15.188,1905263155030.123,9772527478416.537,5029162840108.155,3491678533773.0674,3541495486900.634,380503117052.7471,238836289820.95114,199498755708.11353,5409665957160.902,3730514823594.0186,26868548570232.543,12660737944790.908,24253265676156.29,69105092701793.14,1280894111674.0195,6104446177118.345,132827742689522.22,23943731736282.33,15039230467567.768,66117095379863.94,32936003871495.98,165270365995057.75,182083871140260.0,5646562011768.289,24299386200.546906,60818522153.41267,10036506371596.275,1722702654998.685,1685317111758.0547,3168440020317.35,814067419863.5015,10598523209237.738,12560190289418.379,CRA40,M
288,2024-01-01T00:00:00,118372797388195.27,125427360852730.05,138971492072084.81,26726644458737.53,159001688267740.75,20030196195655.938,13.193,4.819,4.041,25.055,13.723,24.791,1905263155030.123,6696448263081.592,3491678533773.0674,4102968224416.543,2964368992419.913,238836289820.95114,535067660254.65796,223135628846.2027,3730514823594.0186,4638035884671.201,14658532788693.559,10602128838248.324,18334162692091.17,50799536377107.484,927417055537.5829,5649425355350.87,80078934226696.44,17019544542252.955,11250986331627.918,36750645636658.56,24277023541715.156,110219151911369.86,116534361155577.1,4510338832001.145,32354667850.653,86479468955.44449,7206369144451.813,1675159968613.032,1113674336411.5042,1881667207255.785,540601548438.98627,8153645476825.406,8892999697152.957,CRA40,M
289,2024-02-01T00:00:00,215715669002420.16,200763416401803.6,222511109694023.72,56900383033787.7,256401282041054.34,33890172347030.6,16.835,10.341000000000001,8.235000000000001,40.439,4.991,11.472,1905263155030.123,23010210686757.1,4102968224416.543,3338604287656.616,3960286416933.164,535067660254.65796,175196042853.5465,379274771228.7058,4638035884671.201,3513800330510.1626,6933722531979.512,14665420509859.553,37458644798881.02,79112785640144.0,993093156256.1049,5249938580934.678,135280075149312.45,14028474150550.383,25096345904874.023,98417800056139.06,20344346397043.504,196808998427768.12,181713860607486.1,10085741084172.336,62787786254.589935,226351925593.41028,14739335151501.848,1594805391170.498,3546847320315.9233,6999772173715.781,700585536245.1462,18906670574652.023,19049555794317.508,CRA40,M
290,2024-03-01T00:00:00,272645696606312.2,259914814530691.9,289909584596345.0,65835309346903.125,328825754216562.9,38916169620217.88,15.354999999999999,9.285,7.567,40.888999999999996,6.411,11.825,1905263155030.123,26919139726685.242,3338604287656.616,7760447223683.992,5567131538142.456,175196042853.5465,614478244150.5978,427859573595.2005,3513800330510.1626,8374925467834.59,19049382788389.37,16019812977587.785,44516201240448.59,91410239625690.38,2300567542103.05,8762794965430.675,166923149089701.4,26269077138609.895,34680137208426.312,125059672812980.25,33729082291981.617,251501784542711.22,237632936132212.4,10247268130039.68,125149624774.8859,286601939344.7466,15701601838606.045,2099019073547.2483,4507605126704.793,8511022920669.309,1947521808393.781,21143912063600.984,22281878398479.504,CRA40,M
291,2024-04-01T00:00:00,314552178086095.2,276029607653572.28,330294281303414.0,87001258666447.88,366338658235453.3,36044376932039.3,20.546,15.428,12.211,58.57,4.574,7.899,1905263155030.123,50956881734408.58,7760447223683.992,8355217014807.992,7768613077279.972,614478244150.5978,651248369860.9192,559051067090.0117,8374925467834.59,9006465384668.912,13065851218719.992,13439671626961.773,67862913570250.33,94116259902083.25,3511621743387.2354,14435737623070.414,175067164927096.44,37029408993158.48,36067151449212.89,150446904715736.1,39430212598659.14,296028311234048.25,254076150718355.7,8635559079266.901,212822351892.03192,425464105408.5064,15749570034299.027,2051207166772.9888,4306980113385.5723,7411636500598.555,1684084435639.9736,18523866852046.953,21953456935216.6,CRA40,M
292,2024-05-01T00:00:00,364830557430620.5,319336103010152.25,417328927717908.8,123832841649106.8,449121987054768.2,31793059336859.36,25.314999999999998,22.054000000000002,17.008000000000003,74.32600000000001,4.023,5.393,1905263155030.123,92039782312247.44,8355217014807.992,15092905936396.766,11944194088156.727,651248369860.9192,922172775229.5391,667128310435.435,9006465384668.912,16015078711626.305,53553941218736.63,8124202098939.491,105646603234050.1,82088754514006.11,13152723550863.008,36549732240787.164,162030234653892.75,59042491403462.14,64599420540213.6,169614589227169.28,56807039802492.555,347295567385424.7,296589418547461.94,6221701607237.2295,571202736056.489,1004850417951.9547,13584501169122.234,2624601965633.2095,5940507090435.122,7683836054373.388,2650473467076.4946,17534990045195.781,22746684462690.34,CRA40,M
293,2024-06-01T00:00:00,520888760121050.3,453325722203716.75,629866403112986.4,213934667486664.2,668249113642044.9,38382710529058.56,30.220999999999997,27.871000000000002,20.805,82.059,3.047,3.441,1905263155030.123,175551956957605.62,15092905936396.766,16781257350943.867,17827967269122.78,922172775229.5391,662434708004.4668,839107267079.117,16015078711626.305,17443692058948.334,109417532387594.1,7130073290082.641,190349626089297.2,142297930968279.34,10837402523047.48,31261337324780.008,286805103791409.0,89372535901837.62,66182250876373.81,235294087304015.88,58910762481915.0,498225891498912.9,422735519672745.3,9917683628731.973,414385927993.0596,769375040474.6975,21277905593177.65,3650244423978.7764,5952866223238.834,8325565528952.0,2945044786561.905,22662868622137.45,30590202530971.445,CRA40,M
294,2024-07-01T00:00:00,648920604184132.6,560573291767712.2,809111072458695.0,288278340388818.75,849731254066856.2,40620181608161.19,32.32,30.608999999999998,22.567999999999998,85.909,3.1,3.202,1905263155030.123,247658158780657.56,16781257350943.867,20105904712503.54,24768375352035.367,662434708004.4668,822730470180.5271,1066004104590.0922,17443692058948.334,20928635182684.066,162795789487972.94,6721960463006.231,261507366653453.7,175148462865317.88,31641917286169.57,73113624011134.64,266097094890787.78,105284245493085.06,123997022519124.8,269265732787234.44,105761766396655.66,622812065156772.0,527497801092737.8,10417336522437.117,1454803104466.7126,2541359466670.175,17668732344292.043,3108558212233.414,7511906965144.459,10041284826019.895,6440048261071.166,26108539027360.6,33075490674974.383,CRA40,M
295,2024-08-01T00:00:00,515673395174875.6,486244350499264.0,636610625323842.6,171773111216149.25,671396439347542.9,34785814023700.297,23.665,21.518,16.946,79.74900000000001,4.714,4.278,1905263155030.123,136987297192448.95,20105904712503.54,25160132637008.652,20828936054493.977,822730470180.5271,1116626772372.0864,787754683687.2131,20928635182684.066,26276759409380.74,112906376743533.98,8220057631934.619,150655271806963.56,122507110980467.61,47286573452212.34,80756719317333.97,179252893499844.53,92678420511070.67,142142002002516.2,199436035426998.25,92113751925297.38,495378286235870.5,460795220879870.44,7701919870095.141,2264971937358.7207,2697670700181.5815,10270449948785.71,2673875820428.419,7832168931671.232,7221642548300.013,5081538801577.93,20295108939005.152,25449129619393.594,CRA40,M
296,2024-09-01T00:00:00,510542868661768.9,488182870283140.06,618856831058707.8,171302550979853.72,656785854185795.1,37929023127087.39,23.610999999999997,21.552,16.878999999999998,77.858,4.685,4.958,1905263155030.123,133373527852766.33,25160132637008.652,12913771313448.148,20830216674768.6,1116626772372.0864,379311141749.7639,918478836745.1243,26276759409380.74,13293082455197.912,98029852519954.66,9189086777279.258,146120814670177.97,153282290102919.16,25087523024245.176,56563139258377.414,201129318036292.47,50009208737620.72,183675991049459.0,226623121025547.97,49929412965085.03,486477759124465.25,459822245075081.7,10033985057901.033,1254549127757.9517,2200732977823.162,12730101329098.998,1551929950718.1711,11882095425861.438,10278461550861.287,2493879325339.9873,24065109537303.656,28360625208058.375,CRA40,M
297,2024-10-01T00:00:00,318762470903822.94,336207474236474.5,387819155405311.2,81638685143393.0,418011281223715.7,30192125818404.484,17.205000000000002,13.266,10.959000000000001,63.017,5.583,6.241,1905263155030.123,51446559324988.516,12913771313448.148,6217523161607.301,9264572499218.965,379311141749.7639,215890012450.51312,431551900384.6845,13293082455197.912,6433413174057.813,62031893376499.95,8645072164144.996,66725321649038.414,100017818765366.84,4223508322289.9473,16809529213680.586,227681551894579.12,31463268836989.918,44008472302598.3,155937801735180.75,38962778075198.16,304228418551218.1,314876310594665.5,5942232403246.91,129386476202.4401,379003260079.6532,16888641769078.6,1441327343189.364,3319071478626.355,6771489346088.903,994063917901.5972,14534052352604.83,21331163641808.992,CRA40,M
298,2024-11-01T00:00:00,170559365349116.47,200734098369635.44,211687249250522.25,28804254402048.305,234380884905536.7,22693635655014.43,9.443999999999999,2.887,2.541,21.214,23.855,26.496,1905263155030.123,6110618747033.873,6217523161607.301,3339206024889.7935,4858985898736.22,215890012450.51312,94936336423.02325,224874235734.11163,6433413174057.813,3434142361312.817,33286080954807.855,10220211067820.676,19992433106767.727,72786202338811.67,1725875702951.0215,9703143008358.805,128189721894674.97,22409304142753.062,22539939623122.457,57064784576362.875,35900072898116.28,161963434066286.4,188355610118864.72,4916090393414.684,48179862882.50472,211165840082.64136,9667660024617.223,1270536063450.0437,2077843350378.5923,2198138985882.6963,584805012892.409,8595931282830.065,12378488250770.727,CRA40,M
299,2024-12-01T00:00:00,167126909005803.38,190976265347659.44,199815598478335.97,27165920602788.46,222768342946765.22,22952744468429.25,8.985999999999999,2.109,1.856,15.509,24.223,29.057,1905263155030.123,4213176134359.212,3339206024889.7935,2929626504852.4814,3292166627870.884,94936336423.02325,145023920467.94244,164547332111.58087,3434142361312.817,3074650425320.424,27703040540222.875,10761600608766.686,17955826565018.688,73300215985455.36,832643045840.0,5789130014915.322,132932915442463.98,11900344608937.717,22519658326677.14,67022060695148.23,22644928593483.7,158011751304456.62,178930145408464.8,5818355127175.07,20046911286.97401,160807188501.20056,9090167215439.992,702130423651.6597,2546121063403.177,2433864962018.821,389784749064.47876,9115157701346.752,12046119939194.621,CRA40,M
300,2025-01-01T00:00:00,184492058345620.88,202522846295968.06,214938300482976.2,34857393488679.42,242591528829107.8,27653228346131.62,10.144,3.3520000000000003,2.884,20.668,14.703,19.761,1905263155030.123,7204165142547.802,2929626504852.4814,3921878093174.3467,3416895751937.28,145023920467.94244,270307651536.99557,191342740012.30856,3074650425320.424,4192185744711.3423,26352488412285.93,14073212670832.89,21803284117595.484,84025955625462.06,1216852748615.5764,5957933245707.768,132398956450114.9,18947350660159.977,20989289578908.32,62651733363675.07,34608039494567.54,171582972895004.88,189213138272206.34,7772432958284.883,63900763883.420334,155994989293.67282,10283562732017.967,1649352792156.1484,2083120460140.045,3331304710881.292,879124067720.303,12909085450615.996,13309708023761.734,CRA40,M
301,2025-02-01T00:00:00,193188838316308.84,185126430423098.12,210566200035981.12,48635185313753.36,238004483868641.62,27438283832660.477,16.097,10.067,8.178,43.583,5.075,10.29,1905263155030.123,21196901481092.883,3921878093174.3467,6788829705989.292,3841749179273.4854,270307651536.99557,715087116342.9786,324565349188.1723,4192185744711.3423,7503916822332.2705,16446224665503.094,11480027281554.623,33894109341656.582,74539154444009.47,865509252212.835,4957688639523.962,129492303749081.5,13248901869184.955,19057349055424.367,85972325043030.66,20468098931616.54,178718069995749.06,169883260988335.25,7810580525266.084,40755401754.69893,177148364171.53802,12157939654340.262,1077750940556.2601,2287069382919.302,5405288490565.896,757404995748.6064,14470768320559.78,15243169434762.867,CRA40,M
302,2025-03-01T00:00:00,275035384568210.4,267195178480942.38,297350668171325.06,66581758115821.34,333340970043168.1,35990301871843.09,16.082,10.288,8.405999999999999,45.946,5.157,9.537,1905263155030.123,30591456243978.254,6788829705989.292,5553824923524.312,5089098862495.071,715087116342.9786,349045845420.86456,392138664704.1143,7503916822332.2705,5902870768945.176,21150204103323.113,12423653177211.016,47819267616069.61,99679120301805.52,1846872241341.1877,7942041561824.781,186604165221473.47,26040317781777.754,22848582927471.6,123326501539393.61,32677955241444.902,256987981184801.66,243977575631731.16,9007498979742.25,106468620100.89958,334983704289.7569,19068689904631.383,2134968119203.5122,2775417643853.1514,6569952580173.236,1267026680625.7815,18047403383408.758,23217602849211.215,CRA40,M
303,2025-04-01T00:00:00,306027975606961.8,286165543540448.1,350818681719905.2,98690551180010.69,384661357810705.7,33842676090800.516,22.994999999999997,18.485,14.426,65.708,3.38,5.354,1905263155030.123,64847875089210.17,5553824923524.312,6689133710712.414,7307049485598.275,349045845420.86456,349182520341.84735,482226902141.9962,5902870768945.176,7038316231054.262,46120888484805.57,10786306997064.406,80671191042138.88,85951373922207.67,5447293281665.733,11679141103975.602,189676692707663.0,51717224749417.21,25816473491432.492,139009921538910.4,42517897486292.64,288357661314510.9,263458356967053.88,7542972671484.1875,274213215578.26074,350705704868.87994,17468525686799.105,3294367866308.9565,2966934226130.281,6482268049788.921,1997513444886.6091,17670314292450.945,22707186573394.258,CRA40,M
304,2025-05-01T00:00:00,419173467852829.8,358401218107286.75,475039423370061.4,148418060878304.22,510822965378959.06,35783542008897.66,26.767000000000003,23.711,18.066,75.89,3.159,4.412,1905263155030.123,112634518869406.56,6689133710712.414,16285136318050.78,11479595661093.37,349182520341.84735,1081268455874.7576,667929928227.9552,7038316231054.262,17366404773925.537,62190357666734.805,7902620264921.887,127152722232824.83,88537361484801.36,13238931822524.543,30755379863062.58,221926752152103.28,69706123953266.86,46263192245905.44,209258446426561.44,50172688598652.516,398257311727692.25,331601564819185.75,7199113455356.104,675054905499.6959,770720863716.3165,19583959818401.16,3122755328110.4595,4572720612463.961,9823566477954.672,1967917951736.2095,20916156125137.555,26799653288101.027,CRA40,M
305,2025-06-01T00:00:00,471692520814219.44,418397255018769.56,586159240496086.8,192705776213464.8,620080360868917.8,33921120372831.0,29.274,27.089000000000002,20.387,82.39699999999999,3.055,3.418,1905263155030.123,158784655840633.8,16285136318050.78,22225111827178.223,16171886098252.139,1081268455874.7576,1272918724229.9363,753724428431.5594,17366404773925.537,23498030551408.16,111621015822666.56,6592298243785.475,171592777054954.53,107137169375482.34,19226681972225.63,31585453006773.9,228078589709468.88,101987204492675.55,53754022807765.48,210950963236652.12,91282057124493.97,451660790111583.94,392341351613954.0,7223344792948.853,859496418492.1018,808202221133.1333,16405583339948.309,3918523229183.3447,4888717512655.428,8081660459370.194,3902106133719.7373,20031730702635.523,26055903404815.58,CRA40,M
306,2025-07-01T00:00:00,568012890925755.2,498727216406051.7,684906592241464.8,210002360135751.16,721422404497317.9,36515812255853.16,27.156000000000002,25.330000000000002,19.386,82.612,4.198,4.035,1905263155030.123,173486547879898.0,22225111827178.223,28547108480609.316,23495479314383.305,1272918724229.9363,1374307658082.1206,940801174271.8689,23498030551408.16,29921416138691.438,110624258947477.69,6778845157126.559,185994926795448.16,125000098174589.11,61562602371659.98,106057080984330.11,160106046706221.1,105166523118606.23,152914658242244.4,209054674032156.8,95781249645281.78,545278376309682.25,470364556965407.25,8856560059921.309,2830403006479.7812,3219629103124.4194,10416234587645.98,3456435838950.668,9754250789408.018,7201889614076.652,5361771057110.641,22734514616073.05,28362659440644.42,CRA40,M
307,2025-08-01T00:00:00,608287880967843.6,528997792837550.6,739042599213531.8,252448999409532.34,780195885836595.2,41153286623063.47,30.141000000000002,28.59,21.311,83.698,3.497,3.959,1905263155030.123,211295712786468.88,28547108480609.316,20710418424915.016,23836056876655.83,1374307658082.1206,1375769039206.674,1124487116317.106,29921416138691.438,22086187464121.69,124170395981606.11,6358732880598.275,222753172654324.56,165884282464740.34,47468054449108.234,77540145788898.92,206554127835623.38,84617312139773.83,161010509886342.94,251924621477304.94,80546315963217.58,579966361870718.0,495579008134292.1,11753738313150.398,2912002898805.7812,3910661396997.8003,13641035950122.064,2665348308160.4785,11044705531169.191,9991771078816.986,5821040323161.453,28321519097125.664,33418784703258.49,CRA40,M
308,2025-09-01T00:00:00,430973955285173.9,421538737666918.1,544606092677429.2,154295162212604.8,578784403951975.0,34178311274545.75,24.587,22.056,17.187,77.849,4.261,4.708,1905263155030.123,120116850938059.06,20710418424915.016,14451813131043.568,17059370157074.674,1375769039206.674,790259752953.0564,785361816527.2432,22086187464121.69,15242072883996.625,103837518739678.25,8099888786488.949,133903704614571.28,138041381339243.31,15444679915866.219,32445394962092.023,248185564418074.22,43180408199219.98,78244598124321.73,198291082225791.62,54375732473552.22,411958266726347.0,396250574931814.4,9062242374045.227,637708019958.2534,713312736447.3922,16661733548707.264,1253424952940.5234,5459162661011.718,7986708495393.711,2529558505426.495,19015688558826.85,25288162735103.73,CRA40,M
309,2025-10-01T00:00:00,386705674707187.2,401336386112775.4,463271612399969.44,100666365481471.08,501697415604467.25,38425803204497.84,17.008000000000003,13.435,11.036999999999999,61.829,4.921,5.976,1905263155030.123,62240562276973.234,14451813131043.568,9861067358414.879,9880338675160.693,790259752953.0564,650366726652.2047,499942719893.915,15242072883996.625,10511434085067.084,72140634883631.88,11056373360203.047,78793222046421.8,121601039402010.97,3148391693809.143,13782842683397.707,264791472612834.06,21749291695819.492,77188997671794.22,208489617243862.78,29488461016695.336,365622791025090.94,374617322995132.75,8919494839340.39,101497533332.66273,366564608651.33966,19035739171404.43,806276824767.0281,6760209545907.8125,10990547409337.47,821616866997.6907,21082883682096.23,26719063117642.598,CRA40,M
310,2025-11-01T00:00:00,160863393446809.4,196736267873240.12,208288765807207.75,25516783925045.12,227022447920648.84,18733682113441.086,8.801,3.257,2.9010000000000002,26.583000000000002,19.115,18.118,1905263155030.123,6783101811604.034,9861067358414.879,3351282886707.915,4321883301670.451,650366726652.2047,116016169721.6116,170689934119.1383,10511434085067.084,3467299056429.527,35611841209397.2,8486692255271.676,18332188735707.47,60670409575028.016,1150949815818.7466,9505186968046.52,137268865118271.98,16112867010498.041,18961239993992.02,68040701430551.414,29224239256709.582,154329164984123.97,186605294184792.34,2927074148848.874,17843021816.706974,222532441553.62738,8329498748169.719,949486696889.1263,1311573483026.0315,2435135175393.8184,472058435435.34076,6534228462685.446,10130973688447.797,CRA40,M
311,2025-12-01T00:00:00,168235478500593.9,191358728595916.47,199048257587049.3,29698350747884.28,226991740527601.28,27943482940551.973,8.02,0.882,0.767,5.909,57.461,63.409,1905263155030.123,1754867807332.309,3351282886707.915,2866469956023.322,3252778266084.866,116016169721.6116,149554004808.9005,149561634983.9538,3467299056429.527,3016023960832.222,24426842807057.566,16652530193482.17,15964457777370.455,87510693368667.36,833222692084.8298,5003245566770.616,122050173124849.12,27507899645758.965,18156697911925.734,34595763118604.75,39177236124795.86,154617601699801.7,180217329853655.56,9031331324691.256,11241154112.676903,74166765645.95924,8667494592545.81,2765612366698.6216,1380850279839.3708,1746766343756.3777,1081812715763.0471,13617876800792.213,11141398742260.904,CRA40,M
