,time,INw,OTw,GMv,GMh,AWR,CWR,CEv,PEv,PEw,PEh,RCv,RCh,dxy,SP,Mv0,MvT,aveMv,Mh0,MhT,aveMh,Mw0,MwT,SE,ME,MC,INv_W,OTv_W,INv_E,OTv_E,INv_N,OTv_N,INv_S,OTv_S,INv,OTv,INh_W,OTh_W,INh_E,OTh_E,INh_N,OTh_N,INh_S,OTh_S,INh,OTh,datasource,peroid_unit
0,2000-01-01T00:00:00,115567034499222.44,113610495655328.11,121281517948449.28,21848923625442.043,137246446364351.97,15964928415902.7,11.372,4.852,4.111,26.93,10.926,19.979,1233003697983.694,5883995209539.344,1557274043175.2527,2332690795994.091,2073916975679.263,45125989433.828514,309713717855.6704,158008249010.87332,1602400032609.0813,2642404513849.761,4967460846885.699,7201370824694.875,13792175370479.236,45679812010141.625,576481198299.4998,2895017941912.9355,65686836282073.96,7405439807395.916,21434088625745.938,51575142474242.97,17459245675856.56,107555412233693.45,105156651781975.95,4227987107270.1274,18962574918.063328,37872584280.14155,5788378172958.235,570504545173.2098,2234058489840.454,3175258028805.4995,412444635635.40063,8011622265528.979,8453843873352.153,CRA40,M
1,2000-02-01T00:00:00,127913590602829.78,126287990741852.44,134670950359808.84,25239824967069.656,152364519555532.16,17693569195723.316,12.107999999999999,5.603000000000001,4.719,29.898000000000003,8.508,19.04,1233003697983.694,7546255771346.34,2332690795994.091,2894692893810.8843,2213886647455.6265,309713717855.6704,320940075560.053,206437381372.52673,2642404513849.761,3215632969370.9375,6493884365890.172,6555220375584.2,16305675468724.58,39999028780316.29,477983573390.6771,2306172420925.07,75872951932004.48,3453366786305.875,28524119939800.32,73530586834793.14,10595526552077.887,119289154822340.38,115470581997273.38,3678279008908.3125,30956663991.392456,54824384419.72395,6872325785636.654,270401217549.79666,3763429913824.534,4620931169611.572,150696381126.4796,8624435780489.406,10817408744579.06,CRA40,M
2,2000-03-01T00:00:00,168673453107339.4,156578512415221.25,166649581207922.78,30313492696708.336,187265397905248.12,20615816697325.344,11.466999999999999,5.819,4.9239999999999995,31.991000000000003,9.63,18.838,1233003697983.694,9697675999382.99,2894692893810.8843,4041201810981.704,3012675659341.788,320940075560.053,163827287543.80136,245549011978.99536,3215632969370.9375,4205029098525.5054,-1407868563580.6016,7372961070755.921,19108895320745.47,47944871091759.16,1263541818339.2314,3911875207033.761,94914780849816.66,6626946455633.322,31767514554002.727,99306103052510.38,15553646854037.012,157789795806936.6,143499484076195.62,4372747873553.447,49870791243.133995,69669677026.3891,8708076656489.598,474423115640.10205,4061161990971.589,5966816634182.88,259918900321.30164,10883657300402.816,13079028339025.621,CRA40,M
3,2000-04-01T00:00:00,245457095875565.03,194315337671259.62,224930582149483.78,57026719579958.46,248493973130109.53,23563390980625.75,18.998,14.877,11.867999999999999,58.68,4.315,7.481,1233003697983.694,33463328599332.71,4041201810981.704,5043488399307.49,4813335708414.716,163827287543.80136,355240789411.88654,347706940333.68604,4205029098525.5054,5398729188719.377,-16484729514778.82,6048215662647.4795,42731690607483.02,62031987007454.125,1993251790395.7148,6869851343723.287,124527029814229.31,21754751922598.13,29354435594590.68,140669303916857.88,21280685943477.543,231325894190633.4,177155403142693.25,5270843338491.0,103460321091.50433,216319815679.38467,12459455905740.836,1396584231647.3499,3982639326979.301,7247454299113.905,614378974754.741,14131201684931.639,17159934528566.38,CRA40,M
4,2000-05-01T00:00:00,284201162794868.4,226629909030000.62,284582122542562.5,81199591191766.95,306956626026004.06,22374503483441.594,23.261000000000003,20.671,16.082,72.44500000000001,3.843,5.021,1233003697983.694,58825087708325.36,5043488399307.49,8727709917495.037,7293253454823.312,355240789411.88654,443988733700.76556,396967069778.46857,5398729188719.377,9171698651195.803,5026803405934.016,4959411305053.207,66195607039754.45,61857762905690.125,6060322703456.859,15652879586107.629,123098107616543.5,36784581405487.18,43739243731832.66,155257195534982.84,36761131533479.984,269552419432267.78,209658805585313.0,4523590583220.989,282765066385.9043,431791599866.26245,11516988231263.947,1960247377801.386,4083080378749.129,7733113801711.975,1088269768288.628,14648743362600.613,16971103444687.61,CRA40,M
5,2000-06-01T00:00:00,414644988871858.06,328321087358495.1,415154964811055.8,112916425339551.44,441562758850577.75,26407794039521.953,22.462,20.838,16.381999999999998,76.613,4.054,4.509,1233003697983.694,86508631300029.48,8727709917495.037,13570519649530.422,11689095745145.695,443988733700.76556,892244854384.7943,541768706682.58887,9171698651195.803,14462764503915.217,5475795639386.016,5525129657239.993,93253777330927.38,87094637065770.78,5833806293918.758,13229912794997.746,181087633219690.3,44284126079712.125,96157480817428.56,250817653656454.12,25251747499560.406,395426329596934.75,308330667830598.0,5563032822820.15,238850171549.1349,305795072880.89124,12088617126306.422,2187136083708.836,5969892149181.233,11162695295513.41,1693060080860.3662,19218659274923.29,19990419527897.156,CRA40,M
6,2000-07-01T00:00:00,455769782212955.5,304788397488755.6,441251543190357.9,162754771450186.9,466025941428192.25,24774398237834.39,32.033,31.269999999999996,22.844,84.77799999999999,3.369,3.928,1233003697983.694,137980373212352.52,13570519649530.422,14971375316727.188,14994377045258.672,892244854384.7943,1002153519976.5991,728427256206.5117,14462764503915.217,15973528836703.787,-11490247179058.703,3917382620228.699,141346632482504.06,76241156485837.31,37225978400382.05,83282031631366.38,91756880216618.4,54410649320127.195,118466711619044.06,221320050662326.6,37483965155082.11,435253888099657.44,284933535391126.6,4972151552038.069,2744922246874.916,4271345381828.0044,6916025600258.734,2566650466134.529,6757622996820.72,8705746713297.452,3436291253674.655,20515894113298.055,19854862097629.023,CRA40,M
7,2000-08-01T00:00:00,420819897351625.9,283591822380907.75,403263554174846.9,146481906552291.0,428047433419184.5,24783879244337.656,31.236000000000004,30.178,22.137,83.081,3.522,4.334,1233003697983.694,121698027307953.34,14971375316727.188,14173206143593.639,13824507808737.482,1002153519976.5991,927162421715.9424,708856234944.0605,15973528836703.787,15100368565309.582,-16403207934158.922,3393287368021.5703,125961955104945.61,93581788609873.0,11945789900974.332,30975671151960.555,137448586369382.34,52104518261521.96,85024646096702.75,224640121400901.56,28709370559248.207,401302099424257.06,263128392926307.66,6312893202692.904,633090498522.8335,1068322343587.5381,11570111241238.322,2796214384986.7207,5906779628731.625,9340367996101.637,2353448086107.327,19517797927368.797,20463429454600.11,CRA40,M
8,2000-09-01T00:00:00,313617310588739.7,275108744180851.4,346863224909993.7,100484864857528.47,369923724585461.5,23060499675467.812,24.454,22.320999999999998,17.307,77.051,3.822,4.615,1233003697983.694,77424365182060.66,14173206143593.639,5381125179417.211,9863323291958.46,927162421715.9424,234489912347.08472,496240921886.0119,15100368565309.582,5615615091764.296,29431045300627.086,4376452761294.4194,84822912551551.38,73817090464672.77,6196766978197.471,13897938009700.738,141944687430945.1,29434734169979.887,86992253269436.52,181732758060125.2,21525479500446.03,298882520704478.56,256659187179025.12,4912122169831.03,279255603658.47546,416726436873.1098,11027654106704.518,1622968646829.1978,6086459559542.014,7782972630727.812,1056187731921.2643,14734789884261.148,18449557001826.27,CRA40,M
9,2000-10-01T00:00:00,170754968297246.6,193227334638379.1,205336377386949.75,24864464089043.84,220685245126375.62,15348867739425.855,9.199,4.634,4.134,38.269999999999996,15.493,13.25,1233003697983.694,9515596349617.984,5381125179417.211,3363492595781.183,4755570787185.536,234489912347.08472,92166364650.52872,169469620508.71402,5615615091764.296,3455658960431.712,29828006559417.906,5113807988787.144,18888443538777.64,50118499483844.91,2874577405151.167,7875020497098.515,104891993921126.73,16397575620023.662,48787828211983.77,90622342058360.39,26530041714129.234,165013437659327.47,183084441252390.9,1936399936778.9673,60632830910.64119,69397259430.32478,6799965440245.728,638452438402.4849,3088767725615.1084,3097281003307.336,193527389216.70593,5741530637919.113,10142893385988.184,CRA40,M
10,2000-11-01T00:00:00,153255116343495.97,161249078334387.16,169106811058201.9,25425437204377.6,189147107322087.12,20040296263885.227,9.663,3.184,2.768,21.18,18.776,23.753,1233003697983.694,5385140940492.374,3363492595781.183,2172621883231.443,3370467370347.9326,92166364650.52872,152274221346.15646,177655259668.20117,3455658960431.712,2324896104577.5996,12248340075529.432,9232038507139.303,16341094375983.068,62562385933247.4,1077428238687.3655,4866824386566.872,96972029804515.34,10944322512032.082,31290727004229.35,65889407047905.59,21252909751555.31,144262939879751.97,150593094798987.38,5171463519311.749,30542246075.082504,45139516904.04614,7601553423877.197,1006712278788.3666,2787769927303.334,2768861148739.8433,236117938144.15512,8992176463744.006,10655983535399.77,CRA40,M
11,2000-12-01T00:00:00,110466983691350.89,119502527023871.14,126265100686625.08,16155937112850.729,140195411720963.61,13930311034338.521,7.353,1.763,1.5630000000000002,13.776,28.509,28.718,1233003697983.694,2225626078512.207,2172621883231.443,4068850911615.644,2046802014958.3018,152274221346.15646,351276206656.04877,85908107495.64967,2324896104577.5996,4420127118271.692,13356400424726.547,6988495063864.728,9284262514956.041,50531631407424.08,736568760825.6688,4390910255130.6504,70447838578840.88,11232934036436.021,18699635947581.598,37592107615811.62,23027943972805.254,103747583314802.36,112911987260053.39,4151667168172.698,13218692952.9964,23953343692.713097,4702774785041.428,1175505263339.9138,1509066329215.047,1368274601343.206,365479956608.2767,6719400376548.531,6590539763817.747,CRA40,M
12,2001-01-01T00:00:00,126247718773722.11,136604480718804.11,143469181100294.75,18682139365718.082,158476738755874.1,15007557655579.328,8.258000000000001,2.561,2.266,19.669,18.362,25.0,1233003697983.694,3674581710138.754,4068850911615.644,3390559060367.535,2176499420844.5603,351276206656.04877,87531212999.00291,123472197350.41753,4420127118271.692,3478090273366.538,13089306810315.602,6546730263935.996,11847437499767.426,53524769578335.01,508472148787.2077,2922184313649.8887,86801004627408.66,5818375733178.961,21588007902367.664,57498963489263.65,19333699861596.258,119764293114427.5,128231184540159.78,3624108372004.7607,22000214188.18177,37401429684.86081,6016025656063.1045,462748888919.72076,2192916387866.8708,2359166968685.264,142353920526.17084,6483425659294.606,8373296178644.328,CRA40,M
13,2001-02-01T00:00:00,131601546670555.25,132804637401029.25,140207318057491.44,21192991979132.832,156235445854163.56,16028127796672.107,9.753,3.6839999999999997,3.2,24.371000000000002,13.983,22.33,1233003697983.694,5164864182460.725,3390559060367.535,2479463459824.372,2579251632609.242,87531212999.00291,182854742045.76172,171620803824.89212,3478090273366.538,2662318201870.134,5552182841438.324,7093945568976.435,13674544682287.719,49281815474484.734,633698396126.7393,3011943789392.448,81258906407449.34,4964809655095.952,26654158637855.93,66912061667736.016,15506546473947.322,124170630586709.14,124053309915379.34,3581205103265.0073,27511489524.874237,48309814700.94554,5633354137523.967,406436337396.39136,2756318830906.2793,3394964828483.7656,334143027694.78546,7430916083846.11,8751327485649.905,CRA40,M
14,2001-03-01T00:00:00,167644818646796.12,148707753445983.66,163053042401826.34,35346260923155.44,185655510429100.62,22602468027274.29,14.559,7.815999999999999,6.422999999999999,36.054,7.597,15.101,1233003697983.694,12743792895881.148,2479463459824.372,4024270220706.8413,3122917797371.387,182854742045.76172,390600147784.4077,258668232786.59128,2662318201870.134,4414870368491.249,-4440720138310.178,8793585113123.588,23739301501502.13,45704917415457.375,1078578415052.6675,3225722435032.733,95016717796131.2,9817846654649.64,23852354020655.758,97472227462048.8,15341820447777.748,156220713967188.56,135289470679617.38,4912747093737.691,90268856981.34164,54078289415.8536,9164530075463.604,792683688005.355,3636016444601.0894,5664595608448.646,527467389320.2501,11424104679607.547,13418282766366.285,CRA40,M
15,2001-04-01T00:00:00,217862433842203.2,188120058982393.78,209223350149398.22,44996952308661.01,232034522689136.2,22811172539737.973,15.084,10.604,8.727,49.305,6.306,11.216,1233003697983.694,22185779768923.035,4024270220706.8413,4285766095783.244,4663241895942.284,390600147784.4077,210181005255.75198,345607007360.5294,4414870368491.249,4495947101038.996,-7475518358338.629,7859074063558.373,31559442542145.03,58869716748089.25,1485290520826.5593,5230499923029.053,120302789547361.34,18964240763979.824,31174096122813.66,121751066788373.52,20415965320468.37,204815524223471.62,173378141511469.94,5143971552478.186,87408751706.81425,103044134043.19629,10397390513672.748,1452787188044.3071,3527981030105.033,6347106744165.882,729137175439.2507,13046909618731.57,14741917470923.846,CRA40,M
16,2001-05-01T00:00:00,283300976904907.9,225478451205084.9,282100183153287.8,82079969846858.0,306327629758453.0,24227446605165.156,23.572000000000003,20.508000000000003,15.886,70.48299999999999,3.715,5.369,1233003697983.694,57852523241692.84,4285766095783.244,8179255295003.217,6933213637276.566,210181005255.75198,572827468436.6733,417506424814.1451,4495947101038.996,8752082763439.891,4286133204270.797,5601680283263.12,66495415506665.01,61390635127752.3,4437591877210.43,14797733092183.926,124709244352290.2,36142511894290.29,41793694113915.375,155595723455744.12,36484982008203.55,267926603569970.62,207425512351619.56,5053297562852.397,214441128659.98276,441521310901.2674,12060975845785.168,2203741718944.1978,4415717340958.311,7675812742239.375,1361804538061.8855,15374373334937.236,18052938853465.344,CRA40,M
17,2001-06-01T00:00:00,359172396281039.56,275821995878399.44,364901896376478.5,119036479598095.92,388530318164519.9,23628421788041.39,27.766000000000002,26.146,19.715,80.15,3.437,4.259,1233003697983.694,95408057810054.53,8179255295003.217,7503557424662.727,10929283014732.33,572827468436.6733,159166685720.67914,564422818378.9083,8752082763439.891,7662724110383.405,10968298754357.906,3725419670508.4033,101320178505228.67,70775953474079.9,11974296661965.008,20884252932405.926,144618750355636.78,42450852505363.67,65066801404214.945,207917863744759.47,34418312024770.402,342028922656609.0,256078160446587.12,5101846511321.816,576867194918.2288,532562638450.82324,12476895848360.594,2154513163617.778,5019663406899.759,9354551311040.164,1670408981633.7156,17143473624430.582,19743835431812.297,CRA40,M
18,2001-07-01T00:00:00,397428547055798.5,297385081175985.7,407375920427598.5,127659435596670.48,428850843546022.8,21474923118424.297,27.378000000000004,26.064999999999998,19.846,83.178,4.029,4.1,1233003697983.694,106184512478246.19,7503557424662.727,14857792656766.637,13799976063620.242,159166685720.67914,690753336749.2456,585187765558.8663,7662724110383.405,15548545993515.883,14026868481565.86,4386668863052.903,111530547513468.3,82035393524935.52,30212726610178.562,52048546675724.6,90810537723653.17,48546279009156.77,107404929021687.84,198828606448500.1,52559386901843.984,381458825658317.0,280987580257363.56,4753190350200.994,1647225222444.876,1800246814040.9478,6093841868160.891,2193482719878.9202,4917672253329.982,7222801513360.64,3738761574686.3735,15969721397481.502,16397500918622.123,CRA40,M
19,2001-08-01T00:00:00,395336714353253.44,302776908053989.06,412297765158077.94,135620202969769.81,437161215968825.75,24863450810747.844,28.571,26.863,20.214,81.667,3.818,4.231,1233003697983.694,110756752159021.97,14857792656766.637,12257257687172.04,13639454126449.889,690753336749.2456,729652778459.374,629872125580.4552,15548545993515.883,12986910465631.414,15635310331873.11,3598271081261.768,117799126367943.53,81109706073793.47,20397769608706.414,38021704906364.06,122849435812250.16,54975494152142.836,99521443037694.8,204099485955876.1,39472732644310.99,378206391088176.44,282241381102962.4,5113070558222.14,1293460762951.5498,1376751143476.4143,9913791698571.396,2925935960900.553,6089593036154.449,7714565602477.921,3238681453349.282,17130323265077.027,20535526951026.676,CRA40,M
20,2001-09-01T00:00:00,323045981038495.06,293040466070215.7,343587100286018.75,73691528471648.52,366745687720594.44,23158587434575.68,17.016000000000002,14.707,12.11,68.574,5.862,6.377,1233003697983.694,50532941037072.836,12257257687172.04,8504034134081.453,9874667626113.744,729652778459.374,518159587646.0984,447552081493.8818,12986910465631.414,9022193721727.55,16562709324889.586,6218228878817.936,58464799049833.266,71052865836174.27,3791024579643.483,9677819858607.23,150503989152174.62,17692412260866.836,110999348717418.9,210125806439490.9,11323904652867.016,308548904395139.2,276618267102104.03,4067094560644.168,146769527996.04773,236651356439.0522,9990710106984.162,832324953737.5614,5901146571166.69,9361005772535.098,383572761964.7299,14497076643355.879,16422198968111.629,CRA40,M
21,2001-10-01T00:00:00,214954595290386.5,212332681003384.84,237017205380315.84,41394372967696.77,255428546507483.38,18411341127167.52,13.604,9.697,8.254999999999999,55.522000000000006,7.441,8.121,1233003697983.694,22983031840529.254,8504034134081.453,4390568056614.3735,5516544530157.744,518159587646.0984,262732353436.68494,250868925491.30762,9022193721727.55,4653300410051.059,15992224241851.107,6198797267952.507,32243767826094.977,58978049792152.23,1974054908071.1138,7046043656009.841,128150526093315.97,11424850491000.14,50767792855086.27,128873205797268.6,19490495641133.16,206322149736430.8,200382869497606.53,2992211584869.9385,40351623355.11184,94486357384.26343,8421911549214.198,450041132265.9401,3175306466164.078,5095706479435.557,312241867044.9333,8632445553955.699,11949811505778.322,CRA40,M
22,2001-11-01T00:00:00,109332259328820.52,129879560726081.08,134701118267371.34,13192456814678.365,145235111399348.16,10533993131976.795,6.694,1.974,1.798,20.151,29.686,22.783,1233003697983.694,2658463682701.571,4390568056614.3735,1719995322232.5002,2630653208277.014,262732353436.68494,27853868443.66108,84121346030.8811,4653300410051.059,1747849190676.1614,20300313860587.242,4590164620177.863,9017536862413.043,40361196218647.914,1275322537045.5942,4276595301458.291,74873431104613.38,12029938060451.805,21528937288346.566,48752342149433.875,26285895152720.28,105420071729991.88,123963586082725.81,1940586049891.6724,22896653503.13993,32153508846.196007,4040505166295.104,435376337849.4764,1623426979036.0356,1504071702241.2927,229145844520.99146,3912187598828.6377,5915974643355.271,CRA40,M
23,2001-12-01T00:00:00,112882804905881.75,123509365452332.08,127520833943542.62,19210708451641.133,144725630579732.2,17204796636189.57,8.911,1.5730000000000002,1.367,10.442,31.924,41.506,1233003697983.694,2005911815451.5635,1719995322232.5002,1205019159618.7964,2065718413843.3145,27853868443.66108,52211403368.82863,111904618773.81644,1747849190676.1614,1257230562987.625,12141853734213.361,8595994077117.127,11363040487295.363,53639498128212.266,714120918747.9158,3365907624517.9385,75119625265778.02,7815767325423.061,22155101326897.75,40241817731826.375,16963926785204.79,105062990809979.64,114952774296628.47,5371810843453.685,14763109855.23516,22936667278.651974,6364990250275.84,929576638774.758,2037120990454.5283,1495489946395.0122,139716805118.00708,7819814095902.107,8556591155703.61,CRA40,M
24,2002-01-01T00:00:00,119837900961619.14,117956073048208.23,125668630468881.77,23771618451231.953,141060675725531.94,15392045256650.164,12.408,6.668,5.607,35.25,7.77,14.319,1233003697983.694,8379573194581.789,1205019159618.7964,1291718188960.5796,2100297809800.0996,52211403368.82863,9588047285.480015,161267412289.39365,1257230562987.625,1301306236246.0596,6541820954429.322,6210881873117.321,15592414567960.297,39011275145590.78,906531106941.3905,3026870739496.8154,68369746202883.68,5863459164445.808,22381051241159.617,63809303432182.91,17127169160976.201,111710908481716.31,108784497711960.88,3675961965489.3037,34465986941.97503,54648020823.65471,6266700478143.287,538134740055.05096,2446236690811.651,3858247753534.818,424172180350.44946,8126992479902.827,9171575336247.361,CRA40,M
25,2002-02-01T00:00:00,138076306947327.17,141007109575259.22,149797875805431.06,25926973061847.02,168581702898850.34,18783827093419.254,10.415000000000001,4.769,4.0649999999999995,27.551,10.497,17.391,1233003697983.694,7143145968427.765,1291718188960.5796,2404147144176.3145,2677944569539.909,9588047285.480015,262846219813.72025,184860532065.1383,1301306236246.0596,2666993363990.0347,11439635724103.791,9306778964057.217,15600820995543.836,47182094165209.305,938960052485.8578,2484296395599.6157,83698472175432.38,4254536375015.8086,33015014744006.83,73838815992484.73,14140460693785.844,127759742928309.47,131792907665710.9,4500837670911.36,70401252008.685,38700638849.10814,5321781218781.684,388824491545.5462,3540967308454.0264,5388201217711.688,281052130303.92053,10316564019017.703,9214201909548.316,CRA40,M
26,2002-03-01T00:00:00,166089448255929.44,150509312781620.53,164066133986739.78,34331520915177.6,185533023743436.72,21466889756696.938,13.519,7.840999999999999,6.483999999999999,37.472,7.823,14.319,1233003697983.694,12864631158480.664,2404147144176.3145,3865474714754.405,3246253021618.2,262846219813.72025,279675594833.9582,247593983130.50266,2666993363990.0347,4145150309588.363,-1237347370229.918,8698749842065.442,22179810810162.37,52913238059697.11,1144091735814.8887,3708080807289.641,92994424804841.03,13213176414412.945,22756394991175.703,84366089089328.27,21125936929991.38,154200584370727.94,138020848461823.0,5617163059450.269,48569200561.007484,51105888443.6545,9154105642932.002,1429669144146.6804,2513315612464.088,4790925793160.91,772473863840.4359,11888863885201.512,12488464319797.533,CRA40,M
27,2002-04-01T00:00:00,229493557786200.03,196735604323666.3,222718707019048.7,52740344321451.305,247576108094785.06,24857401075736.367,16.677,12.519,10.122,52.868,5.131,8.512,1233003697983.694,27882943245714.938,3865474714754.405,3684555752145.0034,4769242549015.817,279675594833.9582,272928293727.5172,329620131030.52246,4145150309588.363,3957484045872.5205,-5062676480534.609,9740235294384.902,37142784430861.32,64973795545355.6,2060536621156.2036,5153192062722.635,106995508123712.98,21099435146574.434,43128908880263.68,122949250735791.34,29706413210909.492,214175673490444.0,181891366836042.38,6397752159717.6,132119725705.80405,85522804591.62895,9004887543076.799,1870913928054.9688,4119412530750.415,6963695403391.825,1587817688090.9187,15317884295756.023,14844237487623.938,CRA40,M
28,2002-05-01T00:00:00,258225784957618.9,213572533285707.34,252253187753288.53,60222705047305.26,274558995589565.8,22305807836277.273,18.281,15.031,12.134,62.961,5.124,6.87,1233003697983.694,37916897211027.984,3684555752145.0034,8098527180754.673,6267164924479.944,272928293727.5172,460805197585.5127,350144516780.92346,3957484045872.5205,8559332378340.186,-2134506128415.9062,6312693758597.921,46114436166920.375,65178110468182.02,3328064311594.2227,11882195283148.684,107359640910159.88,29977147208468.656,45012809446130.87,137352991411162.16,42339709737728.53,244390444370961.53,198040224405613.5,4794556008277.789,143904866806.23663,264656078644.0556,9829408814085.104,1818226817988.8877,4194637899787.028,6957901681746.636,1364357299415.472,13835340586657.367,15532308880093.84,CRA40,M
29,2002-06-01T00:00:00,350439030603963.7,271426379036017.9,350369396449513.1,97335521740562.84,372717169144194.4,22347772694681.188,23.293,21.401999999999997,16.749,77.03999999999999,4.27,4.874,1233003697983.694,74987749045881.66,8098527180754.673,14380825017824.71,10672015176956.832,460805197585.5127,839178654461.7759,507577147954.606,8559332378340.186,15220003672286.486,2635768771882.1562,4458282515053.102,81612503920836.81,70188055905425.72,7326901581783.459,21111712784543.41,141490878113631.5,36790365024804.21,83897417282672.94,207086684267049.84,21660870532763.69,335176817981823.2,254376067510851.6,4318465590720.942,333075771911.83,649706007942.5321,10158778154227.818,1850413723308.8127,5788207740571.088,8443627300168.23,770249858455.5848,15262212622140.516,17050311525166.32,CRA40,M
30,2002-07-01T00:00:00,424118278203053.75,284185784579363.44,415000706338636.94,152259148246688.5,436839870512107.7,21839164173470.67,32.388,31.426,22.991,85.65700000000001,3.488,3.939,1233003697983.694,130419984073217.83,14380825017824.71,14143810339538.828,14673353111103.941,839178654461.7759,691967367040.3414,690565394093.3121,15220003672286.486,14835777706579.17,-9896735516179.812,3409693895447.1235,134408614330717.94,67739856068627.61,16658953344872.898,53355989798364.09,104608081382338.75,51147275596942.75,114640837500955.38,234863801477610.47,30540409440213.145,407106922941544.94,266448281668380.2,3296609611462.6553,907312836550.089,1878746443026.6438,8042617587017.788,2324880282336.838,6178563905521.275,9511118924682.662,2609008581894.0757,17011355261508.799,17737502910983.227,CRA40,M
31,2002-08-01T00:00:00,339946591407819.06,236020966938210.75,347448238582359.75,129740302887322.34,366824012537835.5,19375773955475.734,33.213,31.764,23.128,85.066,3.682,4.157,1233003697983.694,110364528931846.61,14143810339538.828,11708224572696.145,13106976402458.164,691967367040.3414,546754383203.3704,616605941674.9742,14835777706579.17,12254978955899.516,3858105711558.6875,3149151821079.8247,115398914822645.39,48840320239003.02,34142207635327.56,57740418357196.49,59254945379913.41,59450157160401.35,68991511641442.77,160266274953581.53,57952434530334.49,326297170710182.44,220341099187018.25,3178776059774.5415,2141794755094.3765,1749597865678.6387,4618838463837.236,2599319068030.1226,4029428686314.131,6121727704153.314,4889805845946.744,13649420697636.617,15679867751192.488,CRA40,M
32,2002-09-01T00:00:00,336590515558188.5,292519666458763.7,355059361754218.44,91665862334470.58,379849329682484.0,24789967928265.547,21.044,18.834999999999997,14.97,72.956,4.463,5.371,1233003697983.694,66875894406205.03,11708224572696.145,6941731365883.541,9949161723513.49,546754383203.3704,253036590507.22418,498891532448.9313,12254978955899.516,7194767956390.766,17744834307271.445,5417553506399.738,74717341760929.81,73950057239313.67,7401281195776.796,21188651133897.336,135758136220303.78,22913732555719.098,111519241106966.4,202136308438920.97,18721630104358.137,320188749367851.1,273400288627405.1,5328819212541.634,296085929104.2529,453109534082.68164,10819735765519.895,1347378070032.4863,7482532393114.385,9272459373680.592,521023743620.0527,16401766190337.393,19119377831358.586,CRA40,M
33,2002-10-01T00:00:00,149014375529200.62,153483925346015.12,172930616188017.8,30931128325277.39,186838057523756.62,13907441335738.84,14.613999999999999,9.844,8.351,55.037000000000006,8.559,9.786,1233003697983.694,17023686989538.55,6941731365883.541,3302678665029.894,4700269318190.004,253036590507.22418,177089002777.16122,223912676005.8518,7194767956390.766,3479767667807.055,17778236517769.38,4603107194237.901,25271257315696.555,41457190177453.305,2936409230846.615,7596850668468.594,95531748688510.4,13541353353267.172,26362932343127.2,81012146910937.9,19525589944807.168,143607541110127.0,144356680207291.38,2299592985935.3657,127323488954.82468,78938741119.98235,6515409441992.622,617143399459.571,2209040867192.1685,2411159292558.6924,275471340584.14874,5406834419073.612,9127245138723.764,CRA40,M
34,2002-11-01T00:00:00,147328287934941.94,152077327989916.84,161599473678759.84,21723523540665.48,175432273078236.12,13832799399476.29,9.083,4.883,4.304,36.323,12.033,13.099,1233003697983.694,7890724141189.19,3302678665029.894,2747813812574.284,3165010932636.619,177089002777.16122,95029127288.48854,143554902831.61728,3479767667807.055,2842842939862.773,12002839468219.832,5833986345925.002,14678115802531.49,46929805502091.22,1585389749015.699,5241320044267.863,96665063964976.47,8699972317758.002,21888370297026.812,79588871335468.03,24034720052635.09,140459969199585.11,144173544063654.06,2308551317659.991,51939597563.431984,40488284951.80849,5992387005249.629,338599642242.62,1690844080077.8582,4180679490502.408,168613243371.87497,6868318735356.828,7903783926262.794,CRA40,M
35,2002-12-01T00:00:00,113196778698589.47,121147442628840.12,128832456836842.25,20014550110996.773,145216614577385.1,16384157740542.834,9.51,2.818,2.439,18.139,19.277,26.632,1233003697983.694,3630392370453.9395,2747813812574.284,2789135920807.9883,2257469643383.1704,95029127288.48854,377044629058.7226,129954808179.08641,2842842939862.773,3166180549866.711,11904393910708.535,8650647080480.973,12252344318197.287,50921881558343.47,561753892929.9781,3965745793308.524,67102729709273.05,8877537452790.596,22433218527139.48,41764437228635.89,23693274468494.484,105529602033078.47,113790976597836.98,4643880361735.234,15890108758.214174,44507466619.42111,5219904073275.943,966808249777.5232,1692316876996.34,2011980587378.8184,428354971972.6383,7667176665510.997,7356466031003.136,CRA40,M
36,2003-01-01T00:00:00,108996024831870.89,113220883268097.47,120706365402192.39,18985190247681.64,134917501448718.88,14211136046526.48,9.242,3.955,3.418,25.146,12.484,16.911,1233003697983.694,4774054201155.159,2789135920807.9883,3338630029959.139,1922496761111.308,377044629058.7226,355177102460.9129,108515706121.4994,3166180549866.711,3693807132420.0522,9526539219935.082,6846814416170.665,11155996632030.69,44641428156468.53,493648736793.50574,2146039556453.8533,69099843612915.58,10039156689549.719,17142328435876.174,44717251442806.55,19475917954617.305,101543875845278.66,106211738740202.56,3952316966695.577,12216215435.300953,24763794930.385677,5045012792439.754,1006208604274.2805,1703463081795.6243,2468859620691.9863,248452438224.22528,7452148986592.2295,7009144527894.904,CRA40,M
37,2003-02-01T00:00:00,136285987745197.83,129342979898742.62,138321110742466.34,29444257025211.914,159011933305041.38,20690822562575.04,12.318999999999999,6.328,5.218,29.729,7.886,16.752,1233003697983.694,8753434462636.877,3338630029959.139,3001959005310.4946,2465456879174.033,355177102460.9129,162182792695.82425,218206558148.91083,3693807132420.0522,3164141798006.319,1280761281767.9492,9465566592230.459,17039245016061.975,44700993712956.28,1010043936508.4763,2404729244367.7437,72163891691694.84,6833625646792.478,30635765489449.973,70296804234392.29,14470205603440.6,124236152838508.8,118279906721093.88,5609141083098.518,68309805295.21066,36652217215.982025,7088258397993.353,1283894375070.831,3503071770055.4365,5120147231303.697,403433204304.74805,12049834906689.027,11063073177648.748,CRA40,M
38,2003-03-01T00:00:00,170587479734816.22,153003525770711.66,162946352704029.8,30675667837462.33,184673433272976.44,21727080568946.64,11.346,5.492,4.622,29.171999999999997,11.021,20.78,1233003697983.694,8948587268515.688,3001959005310.4946,3708261931078.141,3181311558678.0483,162182792695.82425,288273109956.10126,249937563136.3511,3164141798006.319,3996535041034.242,-7802973452560.953,9185617058624.06,18487755402606.46,50965598285384.69,1226488345099.8472,3462931008217.7007,84542568971674.62,11711270063373.748,36307044160156.234,92421950735680.06,18674233893414.48,158561750092656.2,140750335370345.2,5304877612506.237,54393764696.11322,62441918461.54689,7762401916768.728,1418696137456.0703,3600080645103.161,5239713973736.188,836314073798.4705,12025729642160.043,12253190400366.473,CRA40,M
39,2003-04-01T00:00:00,210369280362576.53,184684391002420.3,205991981695734.94,41836579471729.47,228622873597271.88,22630891901536.953,14.029,9.324,7.75,45.906000000000006,7.097,10.849,1233003697983.694,19205687570192.516,3708261931078.141,5909936214300.426,4543623327154.955,288273109956.10126,478744900554.37537,289387741799.6012,3996535041034.242,6388681114854.801,-4087055716143.133,8650466126594.941,28899335353401.805,58295154634014.7,3503701349129.4316,6513645626068.496,107862639372173.06,20017107144283.055,36048877423564.67,112894401949838.7,23767491983165.516,197720309354204.97,171182710128032.7,5183638617736.133,272271714006.42535,163460767102.52557,8936980210753.89,1810469788438.672,3368500919578.085,5491401835094.237,923928030049.2344,12648971008371.566,13501680874387.637,CRA40,M
40,2003-05-01T00:00:00,254695405015174.4,222747782464867.56,255420069830917.97,53521226202591.266,277494672077010.53,22074602246092.535,16.097,12.312,10.179,58.755,5.967,8.342,1233003697983.694,31446623956498.73,5909936214300.426,7052068076623.628,6052731539838.184,478744900554.37537,280416580577.2108,352585650073.6757,6388681114854.801,7332484657200.839,442804948537.90625,6300120128771.844,41114284826170.266,65822475893161.13,1946288587702.2358,8053889989340.117,130284607460891.78,16254212174402.633,59254346485988.03,152636630482403.9,15768474393542.012,242767208539307.78,207253716928124.06,4504800820752.632,81582759364.6566,203862751086.49133,9327714940806.426,880077913154.1001,5761207270361.316,6339454990873.399,323560566211.0886,11928196475866.623,15494065536743.486,CRA40,M
41,2003-06-01T00:00:00,393383464880152.0,288704367806939.9,389869960216173.8,128358037772101.53,415076122878112.25,25206162661938.375,27.866000000000003,26.458,19.905,80.363,3.199,4.106,1233003697983.694,103151875110163.16,7052068076623.628,13310356285934.28,11000125683209.127,280416580577.2108,767477471075.959,588307757882.2002,7332484657200.839,14077833757010.238,5218127136760.516,3652126965221.163,108641794348940.83,76191820168767.47,6085830577716.793,20376513553690.4,171827046823183.38,41840293942052.72,70904118477513.75,235539010373057.88,19100813702884.79,373947638037568.5,267917809581298.7,5419647785526.22,260923123386.0196,625696143844.0083,14287849547555.855,2178061371854.0264,5466962357685.424,11212421541359.232,770823197013.9156,19435826842583.49,20786558225641.215,CRA40,M
42,2003-07-01T00:00:00,426243683274835.4,315051826764497.25,435030446672731.0,145717739545869.25,460306821838745.9,25276375166014.89,28.784,27.686,20.739,82.65400000000001,3.415,3.991,1233003697983.694,120441364379854.36,13310356285934.28,14748975643518.264,13269877416026.596,767477471075.959,875995588818.7732,646045922005.2612,14077833757010.238,15624971232337.037,10796645344843.094,4409117276497.23,125220906565414.34,98943478110990.17,13152363015352.805,22588033903172.336,164907158767476.22,47396952381330.73,74529391729260.02,237585863369963.2,42471650951709.37,406514327765456.44,295060564463798.44,6648973169860.186,644848370299.436,668479549858.3777,12216732315968.674,1893484014503.0562,4437283491897.979,10518418775157.31,2692398122532.7583,19729355509378.93,19991262300698.844,CRA40,M
43,2003-08-01T00:00:00,441599260130645.5,354930473806894.5,467836895831653.44,140300999126354.52,495067229068216.5,27230333236563.03,25.511,24.169,18.593,80.59100000000001,4.107,4.334,1233003697983.694,113070665889791.48,14748975643518.264,14617533604703.244,14980463413079.953,875995588818.7732,889257892714.6519,658686727387.6205,15624971232337.037,15506791497417.896,26283699831121.375,5280758459012.446,119349205304891.6,108984920132968.56,17024580172810.695,30512577268350.87,159750560403118.62,45808088831982.36,129755456579125.12,236217875664699.6,27339559767004.21,421523461898001.4,333870156922058.6,6706432433059.631,1204333279409.0693,1508383992209.728,10962566535245.893,2270323328870.6196,6861491439906.093,9590658478504.172,2031925630274.8413,20075798232644.152,21060316884835.895,CRA40,M
44,2003-09-01T00:00:00,344653816731454.75,288079652026256.94,371723095445296.5,110327941108270.64,395250435137634.1,23527339692337.625,25.037,23.351,18.007,78.675,3.912,4.741,1233003697983.694,86800601415933.02,14617533604703.244,8213859774568.322,11318915230563.54,889257892714.6519,370894129128.2174,571576649653.8564,15506791497417.896,8584753903696.54,23304399117013.812,5516735046829.708,93069294160850.97,82600990162141.97,5815917170275.838,14537016660834.562,150384842373950.44,29841174629746.01,87928787351865.34,201305246224027.2,26310394613785.59,328284427676749.75,270439941509877.22,5013971349840.909,236814836251.60242,341114110074.7021,10988811689859.416,1676734951577.7463,4919444413585.453,9337568643211.658,1494639576683.2297,16369389054705.016,17639710516379.703,CRA40,M
45,2003-10-01T00:00:00,224235748925603.12,233355046836152.75,253027529601246.8,39095679664967.31,270944254820386.97,17916725219140.15,11.44,8.37,7.249999999999999,54.172,7.529,7.114,1233003697983.694,21178954445827.164,8213859774568.322,2928582836903.029,5143831625877.619,370894129128.2174,66707066471.0057,202496387598.1585,8584753903696.54,2995289903374.0347,24708788356054.27,5648118020522.457,28945800060337.707,56433590013313.06,1906646868621.8247,6057587692410.788,145557346907346.12,9829490061463.117,56918914592514.51,142136095682914.78,16770238335523.633,214456763450101.75,221153146704006.06,2834270666396.9805,57185276674.245384,77925693850.64706,8969710250935.266,428358431122.83954,2933562169061.259,6438430684130.922,241442435475.91107,9778985475501.389,12201900132146.68,CRA40,M
46,2003-11-01T00:00:00,120325952127841.25,137211724933900.94,143693242182795.53,15915176109376.32,157498921930545.6,13805679747750.055,7.517,1.468,1.322,13.255,41.535,39.955,1233003697983.694,2109496361626.2646,2928582836903.029,2321017669465.4854,2920607190763.2764,66707066471.0057,99670005256.0117,117061822679.10979,2995289903374.0347,2420687674721.497,18420666939033.418,7064832779710.055,10801676542213.094,50145041879716.7,772673147124.9797,4647598875550.903,80567999393390.58,7075767363840.532,25469363918096.496,53410751508040.88,23760511512504.887,115279159627149.03,130570547971116.95,2902294818439.0005,18062928328.99034,42752725049.32703,4479731743375.616,352336874315.2792,1957275657721.2625,1749408082888.615,186106633358.12012,5046792500692.222,6641176962783.989,CRA40,M
47,2003-12-01T00:00:00,136567888948484.9,145065972500938.2,150980121309901.7,22309490076398.207,169216066092168.8,18235944782267.117,8.819,2.698,2.351,18.259,18.119,25.435,1233003697983.694,4073545294131.088,2321017669465.4854,2109448348749.537,2380948514618.399,99670005256.0117,117021763473.41267,139262473021.1271,2420687674721.497,2226470112222.9497,12377411284085.82,8607972310718.545,13315651168289.111,48981725355557.9,953138580725.0581,4193212460982.784,84359248159968.6,7958847346854.542,30708144392276.93,66539934882236.61,19534490659892.43,127673720045631.83,135555021792863.03,4199742385910.793,39915040676.20409,33986775922.767654,6556435346705.8955,883828551005.9158,2717379621517.764,3776611190013.6084,197220699175.2995,8894168902853.084,9510950708075.164,CRA40,M
48,2004-01-01T00:00:00,132198896303420.2,129539515461417.72,137260905428526.72,28652182387093.85,158740081414466.34,21479175985939.645,12.148,5.226,4.3229999999999995,25.035,9.661,20.449,1233003697983.694,7173006401154.208,2109448348749.537,2362679699870.233,2235437484941.327,117021763473.41267,220113690532.10483,197148951590.54373,2226470112222.9497,2582793390402.338,4869948837331.107,9943957141789.494,16673815420856.812,45814711335432.69,1007987697498.2725,2028076947046.5288,77411776655678.56,10871803640793.057,21774272347823.51,61622959177384.3,18030373606799.336,120337551100656.58,118224410307799.67,5595534313004.097,72229426077.19775,18065099827.38051,7736815858081.507,1487671694670.3235,2805427594250.5396,4760074095261.827,700632275208.7971,11861345202763.629,11315105153618.041,CRA40,M
49,2004-02-01T00:00:00,103486126652499.81,107972373090432.7,114741951610595.55,17655958956626.188,128648453237072.97,13906501626477.43,10.064,3.2680000000000002,2.8320000000000003,21.236,16.951,26.099,1233003697983.694,3749457330148.7583,2362679699870.233,2702363901552.806,2191623385510.685,220113690532.10483,147451067533.1804,140597820865.72235,2582793390402.338,2849814969085.9863,8502725346765.294,6278863171200.52,11547402006353.771,40136129088170.234,972805197611.9163,2557698298148.625,64044620371346.74,11333083501262.467,13537529591682.68,43570772505178.17,21937230542047.63,97597683392759.5,100492185702688.97,2982582230253.6616,27766870793.328156,27363398142.353214,5626636678355.668,1015687876276.5652,1447969194912.9624,1862809755067.7336,377814643681.7723,5888443259740.313,7480187387743.73,CRA40,M
50,2004-03-01T00:00:00,188333825277545.34,182825967290044.72,198882923201960.72,33705608867875.938,218207855243365.56,19324932041404.86,12.206999999999999,7.231,6.183000000000001,42.666,7.648,9.888,1233003697983.694,14380676826471.08,2702363901552.806,3329108806145.505,3547781100687.334,147451067533.1804,223032796198.95673,191123476170.4358,2849814969085.9863,3552141602344.4614,9575145472228.95,7551404434834.358,24278341916142.047,63789361017617.0,1661883839584.655,3917608290398.495,122419517406600.78,15653012279739.02,20659410017054.863,95694027805590.1,26534661216432.87,179054009393344.62,171275472479673.2,3762520555696.6885,54163859347.06212,49884712740.92912,9164721935951.857,1241337429229.3142,1617135340614.7876,4226073186533.779,714473674457.833,9279815884200.71,11550494810371.541,CRA40,M
51,2004-04-01T00:00:00,209252838132614.44,169237731936798.75,202757337183571.4,55389621512854.664,224038316144681.72,21280978961110.312,20.508000000000003,16.822,13.213,61.57899999999999,4.475,7.451,1233003697983.694,34108642551744.35,3329108806145.505,5645489206616.422,5088221645551.727,223032796198.95673,311769519746.64575,352971421746.23865,3552141602344.4614,5957258726363.067,-3501346520052.711,7261743487770.524,41581581993749.37,59781296664049.95,3111586928417.593,8712297877468.569,84178547330106.66,18710374360617.113,35157303730890.125,108463862507572.45,33082827993791.258,195667831409708.1,155530265983205.62,5719871533589.8125,222318769867.42422,238822836586.19537,8202879675630.717,1303520290534.9314,3537076641575.1235,6322792062195.403,1745190866519.861,13585006722906.342,13707465953593.125,CRA40,M
52,2004-05-01T00:00:00,272633514198780.38,237450521738012.25,302013852564006.4,83232414573686.27,322646649222205.1,20632796658198.742,23.785999999999998,20.727,16.249,75.211,3.454,4.167,1233003697983.694,62599617915487.52,5645489206616.422,7963991939397.145,6974782683575.349,311769519746.64575,407945498185.32416,350626355796.81964,5957258726363.067,8371937437582.469,29831304165938.812,4986011458074.519,71838178588535.86,71046093609825.98,2449576064227.0186,9640825623835.209,143702187885724.56,29723268610412.477,52670964762905.42,151140859889302.97,23388953323216.344,261551047733376.62,222211682036073.38,3932902135742.176,97206356309.18208,205992988765.99356,10214028081427.545,1416495861428.6543,4396170049584.3003,5527075479466.931,531435214617.86255,11082466465403.754,15238839701938.89,CRA40,M
53,2004-06-01T00:00:00,403404004826010.94,295982925751768.94,390621445202403.9,123498397945542.6,416950575141041.4,26329129938637.453,26.493,24.876,18.9,78.681,3.394,4.364,1233003697983.694,97169268006905.14,7963991939397.145,12305642961141.969,10992301618157.324,407945498185.32416,662163468262.8193,589018859437.5565,8371937437582.469,12967806429404.79,-5655942075514.5,4511552311488.229,103488290648379.34,81189361063314.14,5594075123785.969,16260524351792.91,173070367806812.47,41137304535252.63,78795840068232.16,245214653076673.3,17367228594051.957,383801843027033.0,274827511592882.56,5673315354555.781,264249333927.6191,447912484761.2358,14105592479333.377,2129698023509.5547,6056282283371.368,11351235936151.352,729290062254.0343,19602161798977.92,21155414158886.4,CRA40,M
54,2004-07-01T00:00:00,420449453668597.3,277720389824780.5,431618534181170.5,179711905115330.2,454374422980853.1,22755888799682.562,37.105,36.364999999999995,25.674000000000003,87.33800000000001,2.709,3.414,1233003697983.694,156956016315647.62,12305642961141.969,13653434885204.205,13715417765429.35,662163468262.8193,696891526724.5437,720199128430.3029,12967806429404.79,14350326411928.748,15609472454354.781,2150328218791.549,160153378525352.22,76714083525939.25,14020429020168.305,34036481844870.812,127514900375632.73,63199386944158.234,79015627126600.31,227603138231913.88,37260764248212.71,401553090546882.2,257811720770614.06,4686361832704.319,904327675705.0742,1152348960228.2886,10518905744856.816,3272182567496.632,5032913605547.508,9785469761285.898,3452522028057.0513,18896363121715.137,19908669054166.45,CRA40,M
55,2004-08-01T00:00:00,377409376984919.9,310798454908977.3,411608430569363.44,124913579370277.83,435468128279181.5,23859697709818.062,26.138,24.551000000000002,18.834999999999997,80.899,4.168,4.522,1233003697983.694,101053881660459.77,13653434885204.205,12565966390413.266,13585413305856.219,696891526724.5437,597753680001.6589,614175221808.0303,14350326411928.748,13163720070414.924,33256353243003.39,3920901111708.954,107585052188080.34,84792841023804.16,18700961785031.71,37699711651250.836,124700074300509.02,39724523986232.06,116424117239727.39,198560664668159.9,31632258665601.746,360777741329446.94,291457411990869.9,5396374186131.513,1200168312549.2148,1530034239837.3118,9396052208267.008,1921170572839.9124,6634636562979.765,7784056656664.199,2110185834311.445,16631635655472.936,19341042918107.434,CRA40,M
56,2004-09-01T00:00:00,282200388090028.94,272798800322646.2,317405777009343.5,62619977288928.44,337959791929449.8,20554014920106.33,15.564,13.253,11.068999999999999,67.17699999999999,6.706,6.571,1233003697983.694,42065962368822.11,12565966390413.266,9624971456273.912,9402453382610.17,597753680001.6589,620539163361.9539,383937009991.04083,13163720070414.924,10245510619635.865,29746165150660.29,5515289502046.111,49400191485121.59,67968811800196.055,10258982853912.922,16123960263289.258,136430178570889.62,27732342381895.895,77262390141848.14,157753241520842.56,34429062501297.207,269578355966223.78,258380614067947.94,4081656838545.784,390348244420.87756,269421927289.98346,9096851595469.191,1136842360648.2864,3768963467088.52,7134110997321.129,1162022947719.651,12622032123805.184,14418186254698.238,CRA40,M
57,2004-10-01T00:00:00,224810438431767.28,220216626902207.1,248000378115512.66,52420918528176.375,268369952697769.84,20369574582257.207,16.037000000000003,12.924,10.668999999999999,61.141999999999996,5.057,6.252,1233003697983.694,32051343945919.168,9624971456273.912,2732173555799.7495,5228413452519.49,620539163361.9539,133672843133.38716,269342456302.22144,10245510619635.865,2865846398933.1367,20077868195656.258,5516085706047.709,39771393690581.914,57800810713209.48,2618051466134.9917,7314579098278.899,126298264632081.6,13193469703030.727,61504728022473.0,134472593243015.7,15075766748441.414,212781452757534.78,205496810869131.0,4402709383173.025,102463358250.44972,117583693668.08997,9549892667429.934,1047042748332.9225,4864119637685.426,6461649849058.473,203340369710.29828,12028985674232.51,14719816033076.107,CRA40,M
58,2004-11-01T00:00:00,101915968083143.4,111753725354862.16,122278528794575.53,21285603219533.69,137101982564905.72,14823453770330.19,12.354999999999999,5.285,4.501,30.359,12.946,18.289,1233003697983.694,6462149449203.502,2732173555799.7495,2699230013970.911,2788720849613.0283,133672843133.38716,205033332771.4842,164145077066.57535,2865846398933.1367,2904263346742.3955,16338323668731.523,7336326639712.356,15107667223588.795,39643121913051.61,1549019305763.1323,5575589965004.974,61449698036624.84,12580462748374.639,13486398494812.338,38072530303900.66,27986515719815.5,95871704930331.89,104471631557015.81,3350607017208.8896,43057678432.658394,34343194364.478767,5476084790686.386,1162617417779.5645,1182710846595.747,1496695523458.5774,580240482131.5586,6044263152811.511,7282093797846.35,CRA40,M
59,2004-12-01T00:00:00,137721869739201.89,140717646070814.5,148311347255774.78,23481727301015.445,168978202956143.28,20666855700368.504,7.889,1.8980000000000001,1.6389999999999998,11.987,24.865,28.976,1233003697983.694,2814871600646.9414,2699230013970.911,4598961955740.852,2257810083846.8696,205033332771.4842,284571777500.9051,109629016324.14581,2904263346742.3955,4883533733241.757,7789918318758.913,11676612982492.123,11700410169594.893,62229694036173.14,893570277857.5713,3568387199516.4526,79483738571087.6,18878376361361.24,18435205926482.242,41469128343502.0,33199460355011.62,126145585940552.83,132011975130439.03,6834236915287.439,19404125311.10163,16216329903.319077,6355261601383.345,2100904720378.467,1921537489236.4883,2624925833079.8423,409467724444.54083,11576283798649.068,8705670940375.476,CRA40,M
60,2005-01-01T00:00:00,168853368867279.06,168287943259217.66,180645100291738.0,34378072020541.438,204894594866544.0,24249494574806.0,11.286999999999999,5.607,4.71,29.462,7.337,13.582,1233003697983.694,10128577445735.438,4598961955740.852,3748173580010.3345,2397132436768.286,284571777500.9051,417233983368.08466,184896322959.04813,4883533733241.757,4165407563378.419,8845025667810.709,12052310510487.691,20388933533460.23,58846537964443.375,622290223142.1965,3156369840404.526,101775353633470.69,4962923470096.3125,33915594964709.4,88182970882754.55,20194754356945.137,155148802157698.75,156507993178267.44,5975542085697.062,42202780078.62539,38155223125.18236,7770201248270.601,380917048820.62744,3610070427270.897,7309952351937.434,357475625330.09906,13704566709580.305,11779950080950.22,CRA40,M
61,2005-02-01T00:00:00,190908135164183.28,168260331461915.38,177483726984251.0,38184254726997.82,205102817234798.84,27619090250547.85,12.009,5.953,4.899,27.669,7.478,16.639,1233003697983.694,10565164476449.969,3748173580010.3345,3296736542588.126,2821839613462.3447,417233983368.08466,265128629877.34045,261605249716.92618,4165407563378.419,3561865172465.4663,-12686181616730.865,11965897690144.47,21314722910273.53,65325706505196.195,739334789714.1443,2499968096413.719,108439438931180.3,5498030409095.777,29057049924708.184,101132132320121.38,14636443885786.727,174455837330827.06,152872267531389.34,8737454046238.768,60836567074.137375,50582888688.87858,11379132718927.95,833153720633.4606,3501657327783.583,6831107177795.1,446437316740.37427,16452297833356.207,15388063930526.043,CRA40,M
62,2005-03-01T00:00:00,215129164204291.9,183842903336505.4,203264194975254.56,48795449177478.016,229052266525834.44,25788071550579.895,16.067,11.318999999999999,9.128,47.150999999999996,5.144,10.039,1233003697983.694,23007377626898.12,3296736542588.126,3210846474088.1978,3817394478105.5537,265128629877.34045,243924291912.89456,310455322650.6179,3561865172465.4663,3454770766001.0923,-8385977647352.734,9095961572105.137,32658630851222.8,57082884273904.984,3104770214314.83,5058949314751.331,113969080822242.0,18382221323106.68,27918094765689.58,118733419596151.03,22402771847697.15,199257474507914.03,167394717649943.56,6254128135612.579,248349667226.24545,124807412676.65158,12017687534452.145,1939093316427.5972,3240918014725.8,7553660831661.042,941230470157.6559,15871689696377.871,16448185686561.848,CRA40,M
63,2005-04-01T00:00:00,216933920291605.7,184640344339837.25,212262288056117.84,50958310089251.57,235586545734429.47,23324257678311.633,17.595,13.019,10.498000000000001,54.229000000000006,4.919,8.603,1233003697983.694,27634052410939.938,3210846474088.1978,5546290039634.401,4531522122915.8,243924291912.89456,525716247614.0845,330194071518.02405,3454770766001.0923,6072006287248.486,-2042288019581.1172,7525788206370.025,37348406900973.734,57144122359817.8,2419413465635.424,6095692619020.547,112850814705383.39,17107878076912.17,36376664270950.875,123220248339490.25,17720698673540.04,203567941395240.75,169367591115509.72,5342711850431.238,211772808683.61703,236089299974.8519,10206192521508.223,1281152324586.387,4277811780992.4263,6506025421372.463,576976113143.2523,13365978896364.94,15272753224327.518,CRA40,M
64,2005-05-01T00:00:00,233064945226097.47,205343749827286.94,249604069761790.78,62380149750886.96,271031075044071.75,21427005282280.977,19.933999999999997,16.407,13.126999999999999,65.65100000000001,4.629,6.631,1233003697983.694,40953144468605.984,5546290039634.401,8482797909065.451,6115527731324.091,525716247614.0845,470424417603.32526,364980640280.91327,6072006287248.486,8953222326668.777,16113165109215.77,6979014840594.956,49755088049521.05,68097872136534.445,2661727716332.058,8604433988148.551,117740198131087.5,19050209426093.953,53075929165060.836,125213084221568.7,17888328790723.863,220965599772345.62,191366183803204.25,5340808669988.633,190808503558.16934,324719134146.002,8372847843022.447,1351675133474.3396,4943411431038.833,5082142516142.856,470498246463.22406,12099345453751.832,13977566024082.672,CRA40,M
65,2005-06-01T00:00:00,303880584576239.75,255399684174077.2,327956219609307.44,86263244300087.47,348362823763945.4,20406604154637.97,22.633,20.081,15.899,76.344,4.405,4.533,1233003697983.694,65856640145449.5,8482797909065.451,13421265744341.887,9670110691993.904,470424417603.32526,708536399891.5231,414653159167.3341,8953222326668.777,14129802144233.41,22552319560851.562,4607455457104.606,74225881988530.17,64119555720559.69,6515661572770.31,14436956240401.703,142980300558180.97,38115010058694.01,68670754228773.88,175642124662630.4,22142355516710.207,292313646682285.8,240309071876435.38,3751356843769.5605,290105846157.3557,432353208428.348,9080197878528.215,1699493493980.9473,5088179324302.3,5683734347775.109,632129248653.948,11566937893953.965,15090612297641.816,CRA40,M
66,2005-07-01T00:00:00,402651157459905.06,307928027379822.4,430094277615329.56,142799224012458.3,453848140420710.6,23753862805381.062,28.904999999999998,27.679,20.78,83.366,3.786,4.212,1233003697983.694,119045361207077.25,13421265744341.887,16545811103079.97,14540216643549.143,708536399891.5231,837834675484.9534,673871476704.1812,14129802144233.41,17383645778564.924,27576074761326.125,4215887559757.091,124320579702566.27,89252085000979.05,20358075833831.023,35410325226742.234,117726489213368.72,47776597219520.125,117780080766349.95,212442042102663.06,33363240996133.69,384881049549904.5,289227886809683.4,5653355418296.363,1209708039234.0503,1404500592575.8381,7854036505881.863,2088871532427.9514,6900697251361.981,8623380366700.385,2735698773661.13,17770107910000.54,18700140570139.023,CRA40,M
67,2005-08-01T00:00:00,427178503549511.25,322064793713774.06,455643900096231.7,162247639157504.2,479103246827404.9,23459346731173.203,31.378,30.459999999999997,22.462,85.541,3.232,3.577,1233003697983.694,138788292426330.98,16545811103079.97,10956927579423.19,14467593577487.943,837834675484.9534,409305958056.95856,667247648944.4608,17383645778564.924,11366233537480.148,27657170349508.984,2701996968545.947,142970222607604.72,85935432037288.36,16935625944953.184,35804244910914.59,143189237467996.38,48917600331922.305,110147814282665.55,238081644394971.47,31444072213588.633,408738921675096.75,301716749909203.75,4994064356655.062,988807458117.9965,1281098976857.954,10747639577440.35,2452130941058.6016,6127163986595.438,9712287599842.914,2484432782416.509,18439581874414.53,20348043804570.293,CRA40,M
68,2005-09-01T00:00:00,297890307302819.7,278700829117956.4,335066163665694.6,78104467460469.39,356271732056434.8,21205568390740.203,19.23,16.980999999999998,13.771,72.85000000000001,5.28,5.373,1233003697983.694,56898899069729.19,10956927579423.19,7480813771128.029,10013607125987.172,409305958056.95856,303103740583.8624,424626372592.0447,11366233537480.148,7783917511711.892,34127104859097.668,5355038172314.992,64431947254451.51,72173552790488.4,12259325239947.086,19358263808572.59,121848893237977.39,26609174172092.117,98624597224317.84,166486102283705.62,30420586937872.75,284627093054858.75,263153402640115.06,4764411078377.496,423287599211.8784,346849801346.6809,8484557304879.9375,1243292539004.7346,5631430254269.346,6908660829232.009,1008151319480.1676,13263214247960.92,15547426477841.33,CRA40,M
69,2005-10-01T00:00:00,227354551126256.16,217671848572154.72,248759794686878.7,53633063031308.46,268239630188202.34,19479835501323.688,17.069000000000003,13.729,11.294,63.678999999999995,4.845,5.806,1233003697983.694,34153227529984.773,7480813771128.029,3076367486341.1616,5338168888322.139,303103740583.8624,217829777305.72034,266519225217.21448,7783917511711.892,3294197263646.882,19980804727818.36,4813515201807.663,42460069150593.11,53355319103358.54,2082269738818.6313,7535487710098.087,132493522822108.66,10568203060429.4,52514219249511.555,145025651112238.62,16133346239505.598,216484660986124.66,203223358049944.44,3194239644190.7656,63782842384.89914,109746995906.7656,9950119118053.564,454673138711.06616,4349444113336.67,7111230361322.892,85144448435.15471,10869890140131.488,14448490522210.287,CRA40,M
70,2005-11-01T00:00:00,110616681738848.98,132258721764505.36,138531255581153.4,13840880240744.736,149797993001486.53,11266737420333.121,7.2700000000000005,1.8579999999999999,1.6889999999999998,18.598,29.491,25.501,1233003697983.694,2574142820411.6143,3076367486341.1616,2313975440675.489,2530501067129.176,217829777305.72034,69217778011.87431,91171119462.9251,3294197263646.882,2383193218687.3633,23305178801108.473,5084348761691.523,10071729256602.293,48809550580057.516,500638303504.91516,4603838151241.692,82334564957437.58,5617686783592.764,24118631370400.61,48034285017120.3,19191716252532.535,107065360532012.27,126145550883875.64,2188295533224.3782,12562006948.432436,33426523848.136093,4346620825960.093,232448668694.02203,1663288293396.8062,1097150481070.1868,90699754324.39351,3551321206836.723,6113170880629.725,CRA40,M
71,2005-12-01T00:00:00,107800189096756.33,121881371463306.92,126075355486199.14,13528431031434.398,137983922977883.0,11908567491683.873,6.292000000000001,1.2850000000000001,1.16,11.974,35.316,30.677,1233003697983.694,1619863539750.526,2313975440675.489,1561504801235.3901,1845396087523.2861,69217778011.87431,39670449897.39853,66790676097.94694,2383193218687.3633,1601175251132.7886,14919027938746.55,6568199502362.892,7933176761080.414,41088646489622.73,552842659568.0154,3387993461389.0366,79760306724265.05,4567599245033.81,20725879020060.25,53229913408368.65,15541645519990.04,102274152604414.22,116580673923883.34,2670512086562.9414,13683925563.459839,11735271370.937017,3778347805602.079,441672171646.97205,1331457753247.085,2402116962761.261,177208055010.95874,5526036492342.111,5300697539423.583,CRA40,M
72,2006-01-01T00:00:00,144673043962344.88,151230414540316.4,155034650115997.94,21613419168128.62,174682246076837.1,19647595960839.15,6.161,1.268,1.113,9.095,32.956,35.091,1233003697983.694,1965823207289.4727,1561504801235.3901,1904808756108.8557,2089833129790.7788,39670449897.39853,72165799852.95375,92718631854.72177,1601175251132.7886,1976974555961.8096,8898993090090.04,11923071816512.346,9551785164046.514,73337114550348.8,761171135297.1864,3886410562362.149,86070432164685.08,6170943581570.999,36059772742277.8,49256611713878.195,20686680153582.5,132651080408160.16,143578056195842.56,8201418849768.361,24875897903.509575,36526828864.452995,4689139817128.407,892305270514.1495,2648439747401.7427,2891712605037.7437,289902882040.1883,12021963554184.709,7652358344473.848,CRA40,M
73,2006-02-01T00:00:00,171240382614572.6,153646497293711.9,165013253848810.62,33449651994423.023,187380710316680.12,22367456467869.477,12.485,6.715999999999999,5.584,33.131,7.943,12.228,1233003697983.694,11082195526553.547,1904808756108.8557,2743301433865.3184,3143718216453.3813,72165799852.95375,187261890668.77344,201654628749.65573,1976974555961.8096,2930563324534.092,-5558101025734.867,10202276107881.588,20601373590552.54,63120941461772.06,1140146031957.8037,4787061169115.602,96209082555906.27,18402547872747.51,20834066153194.3,72153719506919.89,23485284083334.414,158464270010555.06,141668578824392.78,7034385035789.526,41576079328.916115,64893049531.51167,9208857835495.941,2335377046105.7637,2042841448044.9688,3341457472590.728,684643106449.2843,12776112604017.53,11977918469319.111,CRA40,M
74,2006-03-01T00:00:00,167455369005428.53,153130078636881.44,169378676380434.75,37116175032003.91,190813953238418.75,21435276857984.016,14.787,9.258,7.593999999999999,42.248000000000005,6.307,11.481,1233003697983.694,15680898174019.893,2743301433865.3184,3571494719488.4624,3190326117960.7515,187261890668.77344,207379559653.0419,241972674804.2992,2930563324534.092,3778874279141.5044,2203918760080.201,8858628607481.123,25046371714914.71,50045750753167.18,1005290255230.755,4254119885721.1934,97647374846717.02,10634780772502.062,25891636065237.88,90638176167617.7,16216508778845.947,155572827579008.12,140760809946031.6,5288474794762.692,59942872240.787605,52671082466.541565,8663498683742.353,922142827981.6508,3236512102697.2583,5619252721209.536,409315032169.4443,11882541426420.42,12369268690849.842,CRA40,M
75,2006-04-01T00:00:00,217099414264636.28,186459866991516.4,210014552980233.34,49338201907821.79,233470818490191.2,23456265509957.844,16.699,12.324,9.979000000000001,52.458000000000006,4.982,8.627,1233003697983.694,25881936397863.945,3571494719488.4624,3711317556286.8965,4297768491783.1006,207379559653.0419,92577471838.99683,310127561592.27167,3778874279141.5044,3803895028125.8936,-4732590126271.551,8136778272742.875,35070278197806.016,58887668570601.3,2787825647116.188,8331562167946.457,107858517365036.66,16626679312594.967,35506710911316.74,119192960063130.84,25079903302670.844,203038870114273.56,171232957226140.44,5849521718192.775,156091005844.51834,212037175751.0315,9983500498210.55,1164434226411.07,4154230307245.2847,6834551030007.853,933087954075.6154,14060544150362.73,15226909765375.969,CRA40,M
76,2006-05-01T00:00:00,272296161936771.9,222167234777942.53,289372291439151.44,85777311755247.25,310466411103777.7,21094119664626.234,25.219,22.353,17.241999999999997,75.408,3.397,4.339,1233003697983.694,64683192090621.016,3711317556286.8965,10029293375908.215,7087144577263.817,92577471838.99683,520355463951.3106,377275135274.7219,3803895028125.8936,10549648839859.525,21300018743525.28,4773197657700.104,72976329828275.5,59810774572023.5,4618053692258.051,10640702400430.318,132386048894358.73,40013685850749.09,36326796750535.97,149122594658436.25,33035768897814.96,259587757481639.16,206366668234967.72,4143846246974.8706,191074150307.0685,190288114671.0163,11281236472419.344,2297288783144.535,3098154053926.759,6076981310342.333,1230101866321.6313,12708404455132.754,15800566542974.8,CRA40,M
77,2006-06-01T00:00:00,377438569724871.7,310996676560513.3,390825759746213.06,102221029092265.69,415841279165042.0,25015519418828.92,21.723,19.753999999999998,15.659,75.52799999999999,4.282,4.708,1233003697983.694,77205509673436.77,10029293375908.215,13492050496528.727,11020386048183.94,520355463951.3106,610678908856.9958,504885390485.2947,10549648839859.525,14102729405385.723,14316697074604.64,5841729483891.973,84900143715250.97,77415817911569.72,7065984379300.508,16155291338136.988,164745884828960.7,39098763564224.63,102017945575538.6,227968166997876.94,18603750750633.56,360638039811808.25,292433565534433.4,4740611141227.959,353076635427.1278,444738776291.3054,11091014825093.875,2158533868628.6958,6036480530946.187,9456646126915.451,1082539034612.7645,16800529913063.41,18563111026079.953,CRA40,M
78,2006-07-01T00:00:00,373588740126858.8,298172497664782.4,394661451198458.06,112705108816112.69,415268958365595.4,20607507167137.344,24.907,23.336000000000002,18.151999999999997,81.716,4.728,4.593,1233003697983.694,92097601648975.34,13492050496528.727,13382987387842.406,14047021251081.697,610678908856.9958,602424131563.8842,568573224653.2628,14102729405385.723,13985411519406.291,16564041300919.5,4811579970252.915,98299469211153.73,57240951439289.33,38693936265513.72,61012076268490.42,79029783121601.98,46072994290930.23,110873474931049.02,195467757432046.9,54381800281297.16,359793779430756.9,282978994599461.9,2722645571521.133,2442926700050.2646,2393728085725.138,4342965891278.602,1491823714694.4905,4620045063859.947,7186763324161.196,3787565410131.699,13794960696101.959,15193503065320.514,CRA40,M
79,2006-08-01T00:00:00,375924475639276.25,289595496849906.0,380894621100008.25,113815549089329.81,404391853596848.3,23497232496840.08,25.602000000000004,23.712,18.257,79.355,4.794,5.298,1233003697983.694,90318316592489.73,13382987387842.406,12035024258149.197,13967057532703.014,602424131563.8842,545524611779.2533,643140778994.2589,13985411519406.291,12580548869928.451,2584475153641.703,4698632046861.194,97517175830152.69,66266984345749.625,42073918731797.88,65257731341132.96,70106004995012.92,50173176970010.22,116708114420960.56,178530633854770.12,42454382863935.03,360228526511663.0,271342421011706.4,4662396804796.725,2780701967694.716,2346848649040.426,5048290847325.591,2094054381197.0479,7290207188509.133,6592649292579.038,3133875834670.131,15695949127613.234,18253075838199.57,CRA40,M
80,2006-09-01T00:00:00,305255834248835.9,282747604464851.06,344732734459044.75,84878837665850.19,366889901332393.94,22157166873349.21,20.494,18.194,14.6,73.896,4.847,5.029,1233003697983.694,62721670792500.98,12035024258149.197,7479687539374.775,10133643857446.736,545524611779.2533,300782608873.95844,438073176653.0471,12580548869928.451,7780470148248.733,35413362286836.445,5712375560536.572,70649451158757.6,66982781182255.28,10494568898831.475,18871906437544.07,132910963887830.78,28675122661174.258,95792537152443.5,177042162072548.94,27405525821806.664,291571972353522.56,266603595760912.4,4030908747312.3623,411842431939.7012,379327438769.6362,9487937351677.326,1393862066888.3777,5191950257134.141,7879763642342.966,1052278663187.5095,13683861895313.342,16144008703938.678,CRA40,M
81,2006-10-01T00:00:00,161902460535176.22,168124441211878.0,191078150398566.8,38279213715849.08,207506605056012.1,16428454657445.305,16.187,11.436,9.527,57.083,7.12,8.376,1233003697983.694,21850759058403.773,7479687539374.775,3027513071276.8237,5018536581338.827,300782608873.95844,110031186100.56241,246007139968.26453,7780470148248.733,3137544257377.386,23429813844234.203,5315196342383.671,30929423244373.08,41770468143126.88,3295366441714.0728,7777339176064.734,94911828588445.72,15572186660601.287,40768550898989.305,89733458692781.3,18145468153767.832,154853452672574.2,157121214082916.94,2726358742312.6147,115858677049.25406,92961856446.55504,6984182052290.612,857664180479.5522,3725865690732.7085,3372023083363.318,177320708888.48746,7049007862602.041,11003227128961.062,CRA40,M
82,2006-11-01T00:00:00,147343247546981.88,145971825475816.16,153331823440428.03,24993303961192.008,171145711412173.5,17813887971745.473,10.054,4.682,4.026,28.725,14.204,20.197,1233003697983.694,7179415989446.534,3027513071276.8237,2127272173596.9558,3399154685118.068,110031186100.56241,59012480489.35073,201389900359.88663,3137544257377.386,2186284654086.3066,4856734314989.744,7570935552770.647,15416665729500.37,48941957963125.586,2032080111366.8599,6105937281638.792,88902632508813.73,7588669787553.643,23862847641541.973,75240075469072.78,20990325275608.117,137876640501390.8,135787885537330.69,3707688231561.6064,88935442348.45534,53009861353.48396,7886197453860.596,545473655280.49744,1973301101478.121,5160435297395.488,235505940798.30084,9466607045591.076,10183939938485.473,CRA40,M
83,2006-12-01T00:00:00,137390672163237.4,142977738562495.47,151088911166802.25,21455853915497.004,166921604983277.28,15832693816475.027,8.903,3.7220000000000004,3.259,26.208,13.306,14.241,1233003697983.694,5623160099021.977,2127272173596.9558,2141123622316.4949,2413645669770.18,59012480489.35073,70874661045.28705,107630859428.2682,2186284654086.3066,2211998283361.7817,11235940127555.5,8279982323163.672,13451885814256.367,63642490723402.164,1014490034249.2236,5290691645607.229,79810355685820.44,11688873275693.936,25819324616270.074,48823660897782.79,28851731393889.66,129445716542486.12,135495901730229.39,4711143217460.804,28385008836.891853,33824497808.217144,5135198069006.094,986298415306.073,1949554473581.165,2213689490176.192,368699280841.91364,7944955620751.286,7481836832266.064,CRA40,M
84,2007-01-01T00:00:00,107664874432638.78,111270427112995.22,116667459836833.0,12902903673382.934,128259342233460.86,11591882396627.854,7.251,1.124,1.012,10.161000000000001,47.382,51.146,1233003697983.694,1311021276755.0796,2141123622316.4949,2009992126241.704,2003828850884.6394,70874661045.28705,108314478412.9854,90124984741.14735,2211998283361.7817,2118306604654.6895,4822882278404.416,6411032226696.795,8459576289114.143,48731683352259.92,849607595653.184,4697955819172.694,66084504159401.11,7382305528054.345,16285515769458.223,42480477009928.32,22978263896964.63,103292421709415.28,106197891421477.14,2550048317639.888,22321934859.014523,52331029461.71857,3625936185286.1606,363776898236.05145,985680106033.7698,1406296477885.845,438597465339.12744,4372452723223.5034,5072535691518.072,CRA40,M
85,2007-02-01T00:00:00,125740731551311.05,109279227718316.73,124809358121403.36,34044615971435.676,142368407877862.9,17559049756459.559,17.96,13.209000000000001,10.378,48.423,4.307,9.781,1233003697983.694,16485566214976.117,2009992126241.704,3247401653777.908,2535712998827.5996,108314478412.9854,317781354500.00806,239949828149.30234,2118306604654.6895,3565183008277.916,1470938785605.0293,7108275841548.236,22415721309720.03,37540345260769.11,1590909585757.936,3945365044757.606,56542362397865.56,6534632511570.99,25005998203705.484,66199808550910.69,16006964970576.443,114220151368008.39,99146235157905.42,4979151630421.573,120596715592.67065,87444172734.87656,6152135569643.907,686200443788.7312,3383752740060.54,5767783936357.478,476507535114.19244,11520580183302.658,10132992560411.31,CRA40,M
86,2007-03-01T00:00:00,168449205487441.06,163465081947972.66,178503145761090.94,34368248262246.703,199316436905492.16,20813291144401.242,12.661,7.593999999999999,6.368,39.44,7.152,10.584,1233003697983.694,13554957117845.46,3247401653777.908,3687240166325.737,3127051513268.8984,317781354500.00806,71041053260.64255,192836729926.62497,3565183008277.916,3758281219586.3794,8763931789685.516,9492198292444.21,22600875445488.93,54740731671155.62,1303842155845.4897,3409477473713.299,94919881986078.5,13988559259864.252,35193569851212.73,84860845620450.16,20797736156139.58,156999614025183.3,152215030149276.28,5166427074989.739,58807382268.71243,56038525116.45701,6885624320174.835,1237717784793.451,3750052704645.4004,4989408077358.117,555567391607.4392,11449591462257.764,11250051798696.387,CRA40,M
87,2007-04-01T00:00:00,179452877697975.75,151409686277696.94,181474686986316.8,46316179937607.484,197842519416495.2,16367832430178.371,20.335,16.503,13.147,64.661,4.379,6.473,1233003697983.694,29948347507429.113,3687240166325.737,4234956287062.9546,4371855990733.502,71041053260.64255,105730687718.19821,269237691268.99255,3758281219586.3794,4340686974781.153,2487561842345.0703,5189032065866.257,36903114098150.83,39632552146223.02,3944431831433.684,7451922417828.59,82566779030158.16,28934548831298.99,17603371510275.723,94091829516429.16,36222034229235.48,170110852911779.75,140336616601103.03,3206438139009.899,179512832700.93552,176172119936.7847,7704399172941.781,1759364417761.3967,1842241723325.3142,4200050109487.9287,1346915947625.8708,9342024786196.01,11073069676593.902,CRA40,M
88,2007-05-01T00:00:00,280339676576754.97,240207965584128.38,279872073312810.84,61494206336736.3,302104373529064.8,22232300216254.0,17.294,14.029,11.501,63.847,5.69,6.687,1233003697983.694,39261906120482.3,4234956287062.9546,6947709300968.934,7205837775512.93,105730687718.19821,309991178465.0182,352882145118.13184,4340686974781.153,7257700479433.952,2047208632508.539,6237395880347.388,48401311585155.11,51763015245029.086,7839897756879.967,16397243892196.395,118103198223509.66,26335935459324.273,72442479760847.6,172856317916342.2,26137476685449.586,267352512512891.97,224523052426686.8,3436393519869.998,466559765812.5835,394880217433.69324,8545191388647.412,1415232332078.444,5914377540001.576,7740657994480.859,758784462979.9984,12987164063862.994,15684913157441.57,CRA40,M
89,2007-06-01T00:00:00,340298726642546.6,291014049089904.06,361553666153665.7,89823960874541.44,386422446653641.44,24868780499975.727,20.681,17.965999999999998,14.39,72.31400000000001,4.365,4.657,1233003697983.694,64955180374565.71,6947709300968.934,13767779390128.15,9451835560929.178,309991178465.0182,660662575973.1344,420129643244.2987,7257700479433.952,14428441966101.285,22841244308590.492,6205396576660.93,74774559020975.08,78897356170440.56,7679946198857.197,12248129009202.418,158562857533964.5,51261223515563.29,60435266585461.55,183152607272239.03,46333257424279.23,325559315967445.3,273011327742562.44,4936020821434.266,290239012547.3332,230120347097.24295,11418644435533.916,2414654478602.3687,4333468238862.321,7158615027967.465,1960369660398.0752,14739410675101.342,18002721347341.645,CRA40,M
90,2007-07-01T00:00:00,449054971397127.56,324388490231914.75,477192412931754.5,183846074020972.47,503447988239266.75,26255575307512.22,34.238,33.025,23.84,85.719,2.755,3.178,1233003697983.694,157590498713460.25,13767779390128.15,11068631474701.217,14003731214296.762,660662575973.1344,480851189747.68585,673252890836.6135,14428441966101.285,11549482664448.902,30045058246595.062,4131017157735.1665,163378998185167.9,87122315161420.03,17699308885138.406,30578372020204.086,155606904466098.1,63000493207322.77,87727585777341.39,248547377748349.28,41710984143307.516,429248558137296.1,302744783271885.4,5503414456363.74,956461714311.3811,845454176555.8005,11201823579426.639,2805640138945.6978,5663854287894.363,10651904487966.182,3821567378397.0127,19806413259831.42,21643706960029.395,CRA40,M
91,2007-08-01T00:00:00,403052338221878.56,298294657723000.7,422712047049302.1,146018158548481.44,445823274318111.6,23111227268809.547,30.337999999999997,29.076,21.611,84.172,3.75,4.13,1233003697983.694,122906931279671.89,11068631474701.217,14771365328082.818,14868363717998.518,480851189747.68585,869315915735.54,682331376626.2831,11549482664448.902,15640681243818.36,22240449360163.453,3647432514893.7085,128240502836399.0,74205018611956.28,31813440447972.77,54848476058631.43,84689205003517.81,56785942090224.9,120962498927837.89,199916096938731.22,42235034505491.89,385755533699543.8,279700178884820.38,4627508120692.617,1971008271379.123,2423001574972.4536,5949057865105.043,2904121187489.278,7248207506371.377,7342173639180.416,3426205195324.761,17296804522334.764,18594478838180.305,CRA40,M
92,2007-09-01T00:00:00,351773054971630.1,306669613998618.6,373855481335392.94,97205283379117.36,400032627971291.5,26177146635898.547,21.129,18.999,15.078,73.07000000000001,4.478,5.076,1233003697983.694,71028136743218.81,14771365328082.818,7769287950251.963,10601185480384.912,869315915735.54,268651766909.96582,500782260110.25165,15640681243818.36,8037939717161.929,18321954243550.83,6333917135253.731,78991157120257.23,77692147372637.42,8730112708699.896,17370028997132.008,148806100047320.4,32177948301663.074,97955877218299.97,207188119957073.06,31602946290563.48,334428244628505.56,287095036264883.75,5293460780780.904,313121291065.2262,295007111133.2904,11642305068512.83,1690756538062.2092,6174397128082.736,10065585913148.184,1444754246074.0574,17344810343124.588,19574577733734.85,CRA40,M
93,2007-10-01T00:00:00,223364923312162.84,234380880729711.34,247877596996000.72,29780850867566.39,266299530466006.94,18421933470006.22,8.51,4.582,4.091,38.141999999999996,15.377,13.242,1233003697983.694,11358917397560.174,7769287950251.963,3257579042057.6353,5634231747285.992,268651766909.96582,129905106056.90295,202172501935.79602,8037939717161.929,3387484148114.538,17724419246061.28,7435815699767.751,21095349888413.297,51926619502514.03,3657733733445.58,10810061186344.121,124878019664460.67,8849974283360.932,76659030012381.22,143361419127700.62,18329884655242.305,214948074099919.72,223524668065529.78,2228845846191.1465,126027723521.16742,174373192692.11356,6979573727265.876,394211507610.9983,3616434753013.1826,5619418665748.869,134176460381.33446,8416849212243.127,10856212664181.559,CRA40,M
94,2007-11-01T00:00:00,123035376470899.14,126058599148703.98,136699248369795.64,20717021173977.484,148667578645256.97,11968330275461.326,10.927000000000001,6.4,5.558,42.229,10.118,10.729,1233003697983.694,8748690898516.158,3257579042057.6353,2518856221323.3076,2950698833258.8447,129905106056.90295,142965267964.4659,130368264407.89064,3387484148114.538,2661821489287.7734,11046250917494.234,5010415416676.926,14936742590588.285,35279674415482.8,1810115326757.7744,8262362803836.425,72826400692553.81,12174605525081.436,17279602271518.201,61668360249166.19,27327531267054.254,117385002993566.84,119243649557884.05,1843372850549.8938,33348818802.646957,50426013866.93527,5126014667108.163,880491535759.4597,1261094987005.786,2876083077156.007,394491117903.3384,5650373477332.296,6814949590819.935,CRA40,M
95,2007-12-01T00:00:00,113812594130682.88,124045173717945.22,129704209742683.8,15285495148924.34,142423404134003.53,12719194391319.758,7.022,1.9789999999999999,1.77,16.789,25.328,26.672,1233003697983.694,2566300757604.582,2518856221323.3076,2348585072727.3228,2096717664158.3765,142965267964.4659,110409505752.53455,92000381594.30208,2661821489287.7734,2458994578479.8574,12596053434059.004,6811835105853.7295,9107400731724.748,49029539871140.72,1161893067687.5764,4327221382291.33,72846830747085.8,5309560053224.007,26027107505269.53,49111143674791.695,18212392618188.812,107777464981447.75,118248223938231.72,3761039828603.9707,27191525054.568886,27948973881.372253,3797932907989.2236,373600043244.0608,1760793578148.0815,1872540303505.7234,211031768521.6215,6035129149235.127,5796949779713.496,CRA40,M
96,2008-01-01T00:00:00,193705723000876.12,171930950743548.12,177549971181053.38,37490038227809.86,206129612876400.28,28579641695346.902,11.318,5.019,4.144,23.767,7.989,15.953,1233003697983.694,8910396532462.957,2348585072727.3228,1080060568951.8911,2296333401588.536,110409505752.53455,90710602719.25107,191056612996.059,2458994578479.8574,1170771171671.142,-14152599131673.727,12932074584007.57,20095816377173.43,61995675298668.65,747959390622.4738,3719293587025.3384,101567881190877.17,3962522978858.4756,42466085749722.19,106744418791439.77,11592167903706.215,176421910655992.22,156374094234928.06,8392730396781.172,38900022452.6741,63422650864.57242,10176545109916.627,651196245820.5918,5106134338283.39,8176463051417.555,235277037967.38147,17283812344883.89,15556856508620.07,CRA40,M
97,2008-02-01T00:00:00,116962900133307.03,115499402207872.66,122223027402031.44,18612737767745.54,136077933993682.86,13854906591651.432,9.825000000000001,3.893,3.3779999999999997,25.562,12.823,20.979,1233003697983.694,4757831176094.107,1080060568951.8911,2282757431248.2607,2103811667913.1086,90710602719.25107,101947322561.78455,143413584725.69818,1170771171671.142,2384704753810.0454,4508266832798.631,6185930033903.669,12007896998096.508,39072827467842.36,770877982000.1738,3321207286297.088,66243249070860.734,8551512082138.132,22885325188231.8,59503223130099.69,18032920731593.973,110448769966377.25,107932372972686.67,2736467983584.325,32874945681.013687,73279907512.81224,4908989079935.322,677382725593.6656,2281144595263.984,3026999550238.9785,344020614305.65857,6514130166929.781,7567029235185.979,CRA40,M
98,2008-03-01T00:00:00,174817315830087.66,142095065937672.56,163076877963186.22,40872303540641.36,183401824185061.0,20324946221874.812,18.273,12.6,10.075000000000001,50.27199999999999,5.331,10.328,1233003697983.694,20547357318766.547,2282757431248.2607,3857280982518.1143,3533232257311.4653,101947322561.78455,388244710327.1954,285240344470.9489,2384704753810.0454,4245525692845.3096,-10314071634613.277,7261502597145.148,29799729957398.02,48431662858686.17,797879698918.3113,4901301900615.087,91154081906835.3,14430232790109.914,18148241845510.65,96083492019994.92,19319663572005.82,163846689569406.1,129419867023270.1,4612104106128.108,37384832259.1456,84588324676.6732,9535022223906.287,1084580100050.6296,2544961767539.0957,5189353729826.14,557830090697.9324,10970626260681.55,12675198914402.46,CRA40,M
99,2008-04-01T00:00:00,205862951417001.75,181473274542796.53,205668270253349.7,43578957967488.52,228193501719172.44,22525231465822.75,15.653,10.237,8.447000000000001,48.312,6.428,9.768,1233003697983.694,21053726501665.773,3857280982518.1143,5395336854345.273,4511233843752.637,388244710327.1954,310505330698.86554,285638089635.30133,4245525692845.3096,5705842185044.139,-1875633880340.5977,8821959690276.838,32192425301054.895,57926376420698.63,1238883544577.1313,5830027112562.371,113771560662705.89,14681683005966.75,37187629142596.625,116426576921667.55,15882434748069.842,194864663460895.3,168080508097949.5,4553200758744.319,67707122644.780846,104117066589.01556,9271970151545.451,1086651408144.8295,3677411143025.343,5254318722628.2705,375678027631.46747,10998287956106.436,13392766444847.043,CRA40,M
100,2008-05-01T00:00:00,266700668941693.25,211028395911810.88,276929505869706.0,85525667193425.5,296733152369207.75,19803646499501.75,26.301999999999996,23.732,18.132,76.845,3.731,5.328,1233003697983.694,65722020693923.75,5395336854345.273,8183791145637.987,7910116068352.251,310505330698.86554,498762571524.4693,470618785296.4155,5705842185044.139,8682553717162.457,13026459196159.71,4185316833834.4043,72836885906399.97,49338312418303.11,8559245764219.243,19645694945652.406,111517962979502.67,33976143200785.332,60904213463955.57,151362242420625.75,14927406609990.537,254322392985366.6,195908828817668.03,3582694413769.7686,636373462058.2853,900259716866.8638,8275631119729.082,1977996185647.383,5807324195672.159,5917325640042.646,400238316683.3346,12378275956326.662,15119567094142.86,CRA40,M
101,2008-06-01T00:00:00,360939662567186.56,269394782262651.78,388368303884960.06,140404269974442.58,410992867198869.5,22624563313909.453,31.695,30.326999999999998,22.274,83.88600000000001,2.974,3.615,1233003697983.694,117779706660533.12,8183791145637.987,14147915159964.504,11674325216837.826,498762571524.4693,868869211469.8519,591319333065.7003,8682553717162.457,15016784371434.355,32569057010270.25,3486883926279.7637,123094416638503.6,72794546790372.16,11354587370764.902,19205336220898.234,143720230278257.06,59791490602171.18,51312525159169.56,192337198189330.47,44738629278300.445,344128571802772.06,251125972086491.97,5043015013359.559,538145426408.2544,523660385286.8953,11189659105860.64,3068485802815.8574,3554004929371.2363,8175929562952.204,2987000714519.6855,16811090764414.516,18268810176159.816,CRA40,M
102,2008-07-01T00:00:00,406342136372977.1,290006950289687.0,422056994887237.75,159038413234062.8,444785620743392.0,22728625856154.297,33.344,32.297,23.457,85.709,3.173,3.688,1233003697983.694,136309787377908.52,14147915159964.504,10156077607041.137,13951368029255.605,868869211469.8519,517662484585.4631,675650424615.4177,15016784371434.355,10673740091626.6,15631557014810.703,3373306935347.7866,140731623426730.61,76827003873237.08,22840379089006.11,38310989597078.3,117578468782432.12,60858917232243.01,85027167601302.58,212907305074556.38,45723278380725.18,388904215777114.75,271169293853466.0,4905960858964.53,1420914210573.7256,1305181271657.7715,8635529999255.047,2710380695299.261,5132712846881.444,8516397769940.8,3648499379510.799,17437920595862.363,18837656436221.016,CRA40,M
103,2008-08-01T00:00:00,431360208891541.6,299594983566708.94,428190985306572.25,162340376305470.3,453642582240878.9,25451596934306.656,32.866,31.968999999999998,23.180999999999997,84.322,3.081,3.874,1233003697983.694,136888779371163.66,10156077607041.137,9872908901874.193,13606191005393.562,517662484585.4631,512560144996.4762,712792567735.5165,10673740091626.6,10385469046870.67,4835283001575.094,2934230527161.018,140727899100138.23,87941351732691.69,17122437439526.412,26435074870060.805,148381496486856.6,56037819568870.72,79738418633520.16,239851147999171.75,32347824744656.664,410265394170795.0,277590177304559.8,6428746036912.154,1037993787973.9993,906229568286.0466,12341781068638.39,2965024190192.202,5681067894595.984,10794814925356.207,2943963510940.76,21094814720746.61,22004806262149.133,CRA40,M
104,2008-09-01T00:00:00,321200212520052.2,296814286367315.75,356701992017617.44,85965722841335.56,381866234966505.5,25164242948888.08,19.662,17.044999999999998,13.735,70.72800000000001,4.902,5.574,1233003697983.694,60801479892447.484,9872908901874.193,8232614081524.863,9935011334833.41,512560144996.4762,308320545213.63214,470663854190.997,10385469046870.67,8540934626738.495,34571019319578.89,6376081174877.254,70134932797574.03,73825996708856.86,6340440948300.004,15518925143005.824,130312715728448.45,19922957202643.47,126315506356142.36,196614103566780.97,15365782105627.771,305881982621287.1,278334445138518.56,5246507884850.563,232883154016.10712,284675571384.53,9217472790229.86,958495512098.1204,8829108799932.795,8828550930431.842,200376484618.39944,15318229898765.057,18479841228797.164,CRA40,M
105,2008-10-01T00:00:00,230886467026495.2,213816876630834.2,242196133180676.06,51521629410330.086,262008991723545.22,19812858542869.188,16.567,13.092,10.796,61.545,4.877,5.569,1233003697983.694,31708770867460.9,8232614081524.863,2867812304165.7666,4988431167254.088,308320545213.63214,90037920785.45976,237339302413.1036,8540934626738.495,2957850224951.2266,9056096070012.621,5109370536762.947,40124894330996.88,48580338772671.08,3424823507173.2803,9480691089925.225,122456517773296.17,12666268165746.172,53175159703078.98,149070754464033.12,20146925561964.984,219798052492375.62,199203426545513.4,2955561198705.8716,96597403044.34232,107126316167.32379,9463237914280.963,589860858251.0154,4744886236781.622,7435866160995.361,308728531213.84265,11088414534119.572,14613450085320.77,CRA40,M
106,2008-11-01T00:00:00,115050474688402.88,133089529568904.06,138525689284482.45,12868856090511.525,149568923239564.8,11043233955082.37,6.1339999999999995,1.318,1.206,14.186000000000002,41.203,27.433,1233003697983.694,1825622135429.1565,2867812304165.7666,2187350200593.434,2507379624880.361,90037920785.45976,51815764616.960236,69559595506.86403,2957850224951.2266,2239165965210.3945,19145992756189.5,5742609456115.213,8497618249335.155,52373799225076.28,1181434506917.8862,5294561242407.475,77744440068704.39,17709628864639.816,20920550995852.25,35391285435888.39,27994295263079.33,110769274768011.97,127840720834553.86,2338403182762.2944,4058465885.603158,6536046748.958708,3898069122437.012,1212959135203.0957,1161180800802.6404,723301555676.5615,185500345224.94125,4281199920390.91,5248808734350.197,CRA40,M
107,2008-12-01T00:00:00,132286052512085.73,138926419246815.78,143223470043037.25,17491761387063.875,159653209308569.66,16429739265532.418,6.105,0.742,0.661,6.072,72.224,69.026,1233003697983.694,1062022121531.4568,2187350200593.434,2102929276905.403,2474320825471.709,51815764616.960236,231401330382.89008,98531728824.45146,2239165965210.3945,2334330607288.293,7797553498339.414,9648346130740.115,8744113323725.467,57465847418255.34,1228807851939.936,6047488224619.427,82175813397022.95,13894399105366.12,20938324975476.164,46182485465123.38,28033481217967.31,123590220213364.28,132376427442406.38,4821840319521.956,37703680703.08922,54078647222.32422,4420447603141.737,905716363944.4009,1619754442929.526,2914196968032.7666,472086077635.0615,8695832298721.447,6549991804409.414,CRA40,M
108,2009-01-01T00:00:00,149680841675061.2,151136925004921.06,156057127325275.66,25409126265517.0,178859391419470.5,22802264094194.84,7.922,1.67,1.437,10.26,29.513,39.816,1233003697983.694,2606862171322.16,2102929276905.403,2189703833304.6106,2481778408846.467,231401330382.89008,171364701370.04794,139508926470.49405,2334330607288.293,2361068534674.6587,4089683428568.4043,12998552515599.645,12362845364275.092,67990958900733.33,884769532472.5273,4660064898951.048,94008570599152.47,13136759374387.604,21988546121601.25,51078178930130.2,24622691874469.68,136865962104202.19,141504578127695.94,7900098382661.677,30467029091.838055,41738691679.52413,7075894906510.198,1852852879454.7805,2105244501767.3955,3020189617063.0327,420740439855.70996,12814879570859.016,9632346877225.14,CRA40,M
109,2009-02-01T00:00:00,143342028066135.25,133792775939449.56,142065989928183.1,25596523466113.88,159552674418469.06,17486684490285.986,11.387,5.7090000000000005,4.837000000000001,31.683,8.53,13.073,1233003697983.694,8109838975827.893,2189703833304.6106,1788541876596.2788,2470479671740.5347,171364701370.04794,151736074846.8552,157763172484.02744,2361068534674.6587,1940277951443.134,-1860203734089.3213,7643232139386.687,16176388388189.713,50635164114538.1,906351657804.6492,3741496255837.9883,79931180151312.36,4518125357092.093,31163350169207.035,75198471962112.94,12100177685073.066,134093257689581.12,124101059663397.11,5012321445459.057,51763079986.52594,35680340825.135,6325586265666.504,618743995662.5554,3130899499254.3535,3582024594607.37,183467431145.06058,9248770376554.117,9691716276052.445,CRA40,M
110,2009-03-01T00:00:00,170808202979319.9,159875530784232.34,171533029390582.34,33594575728179.17,195199847224847.34,23666817834265.027,12.42,5.788,4.84,29.552,9.807,17.993,1233003697983.694,9927757893914.145,1788541876596.2788,3080053687028.387,3140692848516.373,151736074846.8552,282065602253.7504,240100868391.86237,1940277951443.134,3362119289282.1377,416927036665.5801,10657423048551.787,21304774102781.1,55041351990826.72,1064913503582.5807,4260272333680.0435,94004543751602.61,13517553591505.178,30952507079949.0,85850959512756.72,21126237265638.652,158670137428768.7,147148201600772.84,5771421208462.202,44991707840.87448,62956984566.59772,8435520463973.002,1436893566469.5244,3473541099989.5864,4866793791052.893,773275911656.03,12138065550551.215,12727329183459.492,CRA40,M
111,2009-04-01T00:00:00,207243763989324.9,193535134281363.84,215042646621288.16,37535840527089.37,236121730048684.66,21079083427396.48,12.644,7.6530000000000005,6.516,43.842999999999996,8.602,10.688,1233003697983.694,16456757099692.887,3080053687028.387,6292099163992.425,4718682155111.871,282065602253.7504,404050939081.8261,244291898503.14136,3362119289282.1377,6696150103074.251,6082158205523.947,8700393317546.875,27190052346699.69,62867284399652.81,1385951617142.9958,5227523278003.762,113421606500132.08,19686872243590.34,40832428137493.05,109398361489942.05,25920508855827.94,197180041411188.97,181560495110596.06,4620491162036.26,62525908185.39877,94582239781.39336,7833662765424.112,1497346171591.477,3209177123564.3057,3851303004726.795,869273373593.9553,10063722578135.926,11974639170767.771,CRA40,M
112,2009-05-01T00:00:00,326730194742707.3,277556580312784.06,328975857811681.7,80194360127968.98,356127109383692.4,27151251572010.703,19.275000000000002,16.124,12.964,66.143,4.008,5.367,1233003697983.694,53043108555958.28,6292099163992.425,7323557583779.399,6858346433824.5205,404050939081.8261,456728813636.56616,382636794997.89294,6696150103074.251,7780286397415.966,4953630420376.75,7380873720147.349,63409368953344.97,65885493516377.78,3890753047016.573,13160714917853.617,140242274006867.9,24292908655880.727,90203736604126.97,207010137417052.97,23906167616545.84,310349254507165.1,258242931274557.28,4614566917483.671,169475199214.0326,316338853486.81775,10474751026547.803,1310047279986.2947,8135216284628.682,10139987184585.41,534206527836.26587,16380940235542.193,19313649038226.78,CRA40,M
113,2009-06-01T00:00:00,323667963103474.8,284581724753412.06,349946204273816.44,78774619661777.25,371735758406657.4,21789554132840.953,18.902,16.284000000000002,13.292000000000002,72.339,5.347,5.089,1233003697983.694,56985065528936.3,7323557583779.399,14395046099720.943,10157322013460.4,456728813636.56616,776626382492.0751,402778755208.81366,7780286397415.966,15171672482213.018,25290213263670.62,5834540697306.496,66147820473725.82,71670460825468.28,5967421627887.744,17799632754286.41,141966146610546.78,33422902107771.418,99111549693166.94,188604897041533.8,22358219768768.223,311497892729059.94,269403337700369.7,3490448796137.425,360910883992.951,525400960959.3705,8459351780159.528,1578284414731.1372,5280317346287.255,6575936202586.932,1077807042602.6487,12170070374414.863,15178387053042.383,CRA40,M
114,2009-07-01T00:00:00,470170439075479.4,390049797491572.3,499285610082605.6,138177235916257.52,528183278175339.94,28897668092734.33,23.49,21.887,17.143,79.08699999999999,4.13,4.269,1233003697983.694,109279567823523.19,14395046099720.943,14533987293320.793,14558130199813.977,776626382492.0751,734241687064.0433,626986505540.7212,15171672482213.018,15268228980384.836,29255482737787.92,5585364878852.371,117279886824530.45,94355472590790.72,24127920442756.625,36692540857390.875,176308104610708.2,45878566917719.16,139462992446908.75,273123136000343.66,27572718464380.82,450049716366244.4,367471735964754.4,5877307336090.097,1266863590045.9583,1263178234744.4878,11949784879180.873,1900263452663.9734,7664409249176.421,11079973685736.436,1697003808414.656,20120722709234.992,22578061526817.91,CRA40,M
115,2009-08-01T00:00:00,391795545234154.0,301433701944721.4,427190931369711.94,149185038655952.4,450708589435772.1,23517658066060.17,30.791,29.416999999999998,21.803,84.236,3.296,3.671,1233003697983.694,125667380589892.23,14533987293320.793,13056699985721.371,13359852708464.123,734241687064.0433,630868215116.7797,620093974282.4072,15268228980384.836,13687568200838.15,33724876520912.938,4050895277180.604,131536424013031.9,81468037312882.5,18394426534713.844,30648480926807.43,129288545617603.61,48789155471492.07,91578474371979.7,213975498567115.53,43336360846661.49,374881172278297.56,282597807370958.6,5271399573698.945,975772502210.0444,1146125193095.3733,9475845377375.871,2006070823806.261,5611785783662.869,8490777365255.879,2772490910513.991,16914372955856.459,18835894573762.773,CRA40,M
116,2009-09-01T00:00:00,305094385387108.0,296124620003647.44,336332161785405.44,62096021361508.01,359166277613938.56,22834115828533.125,14.405999999999999,11.674,9.854000000000001,63.227999999999994,7.629,7.362,1233003697983.694,39261905532974.88,13056699985721.371,7185527048379.049,9984729090233.045,630868215116.7797,244205055512.63687,401431050810.33954,13687568200838.15,7429732103891.686,24034304052567.83,7159320934969.606,48452604571429.82,62433577569390.875,13443979914851.6,19953950883986.78,120612479038267.1,21511451728171.777,125923427836060.69,188182856630597.22,20714143376417.176,292081836812146.6,280694030165596.56,3645822316707.919,499401102125.71387,362191757742.94324,7647068688572.485,893165658426.8477,6845041597744.089,8111368842083.695,439078449608.5805,13012548574961.406,15430589838050.867,CRA40,M
117,2009-10-01T00:00:00,250898073418650.4,242309673944233.66,266157434097197.06,46013620829912.164,286642925136030.2,20485491038833.08,13.181999999999999,9.591,8.178,55.48,6.72,6.853,1233003697983.694,25528129791079.086,7185527048379.049,3219503221354.3984,5533731239878.719,244205055512.63687,127854643832.44923,235150982898.3796,7429732103891.686,3347357865186.8477,12857356077957.506,5900774818436.1,35085118508173.535,62779423676907.5,3212348926879.785,10931507320287.822,144148515830049.3,11499754790258.912,69431756590275.25,155003090364970.16,11060191020464.766,240213776152424.4,227852812367669.12,3714833164618.321,117240469659.31207,160022881158.43658,9236432233881.97,696536849145.1368,5031341430578.999,6112904371304.097,71847442444.24808,10684297266225.99,14456861576564.531,CRA40,M
118,2009-11-01T00:00:00,189112052565032.75,187331544754068.7,196021460362801.28,25445729091434.094,215509218080978.94,19487757718177.656,7.893,3.039,2.69,23.413999999999998,17.499,18.496,1233003697983.694,5957971373256.4375,3219503221354.3984,3218461050944.9185,3475313031704.2354,127854643832.44923,173665395359.38092,153055365437.5097,3347357865186.8477,3392126446304.2993,4222232143409.8325,9313117088462.703,15472429792143.203,70528725501331.17,1063864359424.2891,6404526891460.848,123256187297732.38,8228152439817.744,33823395625550.453,94105203076964.55,19187122237005.99,179266607909574.3,177330569519713.12,4810888594249.49,24173896445.668804,43239608595.142944,7352941288649.707,454100282552.87976,2444586909630.941,4537216170060.93,179273139629.25983,9845444655458.441,10000975234355.576,CRA40,M
119,2009-12-01T00:00:00,141219095772622.53,137739426354044.39,143684720309492.7,22449733773854.234,163588184603180.16,19903464293687.44,9.094,1.772,1.533,11.342,31.2,44.769,1233003697983.694,2546269480166.793,3218461050944.9185,1605271621261.3374,2562729620204.3315,173665395359.38092,141483497144.52603,153218130590.5199,3392126446304.2993,1746755118405.8635,-2578771266309.786,11034721317684.36,13067281813045.514,57824209141168.734,972909759058.6328,5438803718410.522,90374770655186.3,9488490353785.432,18692741474320.61,59258805993808.484,18971744986620.273,132010309207173.19,129012166875185.83,5310234233452.772,48307909924.77902,81746389862.17648,6741859726536.17,782667294678.879,1579159339656.645,3034138647455.5103,357932502740.96564,9208786565449.338,8727259478858.561,CRA40,M
120,2010-01-01T00:00:00,105466431015958.03,110225859933273.72,116164150155964.61,16455955856662.926,130627893126356.28,14463742970391.672,8.567,1.7149999999999999,1.502,12.106,30.299,37.039,1233003697983.694,1992212886271.2544,1605271621261.3374,2164831654464.4124,1947140829580.7468,141483497144.52603,208409030161.66318,99180191093.48624,1746755118405.8635,2373240684626.0757,7378127369807.162,8076577763230.519,9952214745225.965,41972009510034.805,1204739204326.6384,5206271571959.109,68186664977487.695,7071134715926.786,18721169877578.3,44854757603744.91,15934529696881.594,99104173401665.6,104047103756274.23,3567869734642.3804,59815949682.97881,39802836691.41034,4256625485342.657,598152899183.5239,1695656641265.1382,2156432143775.119,166658100708.71204,6362257614292.434,6178756176999.486,CRA40,M
121,2010-02-01T00:00:00,136310312072869.55,128361119070250.47,135409330953877.12,26778700489478.48,157545068799611.4,22135737845734.29,11.035,3.4290000000000003,2.863,17.338,14.307,26.035,1233003697983.694,4642962643744.189,2164831654464.4124,3160564341125.719,2372446626506.7275,208409030161.66318,225334107971.12912,179882831088.7737,2373240684626.0757,3385898449096.848,-2293572594404.1074,10856076748890.436,14941974531373.662,49415422772560.34,1519439196100.754,2968497275246.618,79410553482596.83,7540467493953.918,23996551572391.57,64757607603165.51,12380247830288.602,124681995144926.39,117306792081377.75,6714307133998.899,110688011391.93826,25649388245.78581,7842958009923.085,1350075529583.911,2721682265824.741,3538284876114.558,378998701732.95746,11628316927943.154,11054326988872.723,CRA40,M
122,2010-03-01T00:00:00,201496933075923.94,176514943796881.53,197586468980799.44,43414548615619.8,220820830339300.28,23234361358500.84,15.738,10.213,8.373,46.483000000000004,5.337,8.643,1233003697983.694,20180187257118.957,3160564341125.719,3950492174585.8647,3474193063099.152,225334107971.12912,374889289918.1017,234428987800.77362,3385898449096.848,4325381464503.9663,-3862319006516.3203,8884793034639.227,31095712043275.543,61300209833162.44,2707304345043.047,5107091706621.98,115116464968934.14,21420854568722.2,19057975935808.523,101575274503044.2,25658519513152.33,189403430611550.8,162540264762938.03,5692927681821.674,163672167518.79202,64513460667.15207,10865923567422.045,1995273931646.7368,1909527862382.1816,4340787390237.559,1035555436620.4862,12093502464373.121,13974679033943.506,CRA40,M
123,2010-04-01T00:00:00,240976513629425.56,204815532348684.3,241602888981091.66,60956421754403.484,267425808336844.2,25822919355752.547,19.439999999999998,14.542,11.612,57.63700000000001,4.175,6.131,1233003697983.694,35133502398650.938,3950492174585.8647,6280307958670.438,4889392606674.448,374889289918.1017,277224573342.03186,299147434734.3595,4325381464503.9663,6557532532012.471,1204672185418.1875,9086078782646.021,46966664673501.39,71044254769774.86,3769503212796.933,6833558061937.257,131900400679216.5,26275088990045.867,23365177611349.66,123208744016683.58,29320834845556.715,227361645838441.56,188355916348919.8,6335922503058.862,230236881841.1426,99528533749.99918,12777999690813.41,2041496158539.312,2310773461899.871,5137920595635.818,1140605965210.089,13614867790983.992,16459615999764.514,CRA40,M
124,2010-05-01T00:00:00,329346119813786.6,278340981878717.75,327485995990423.75,80315293771750.47,355424485863338.5,27938489872914.734,19.108,15.994,12.844,65.214,4.024,5.42,1233003697983.694,52376803898835.734,6280307958670.438,6584825770761.05,6799529557665.047,277224573342.03186,370114133430.1409,381548236812.74884,6557532532012.471,6954939904191.19,1769073335945.6094,7553406705446.032,62575157374983.44,82499965595433.0,3827148512473.9697,10305548286555.121,168444018287991.97,29454320605956.176,60988282403669.78,189623373502417.3,25066563640543.484,311883207990361.6,258326012844679.22,6301922681802.866,169584372673.17386,235718615471.68283,13563683013412.15,1911574347692.6401,5553652418376.491,9013696178457.81,728049229576.7218,17462911823425.0,20014969034038.54,CRA40,M
125,2010-06-01T00:00:00,407846899985363.0,334897003172630.9,399887837830546.6,91668460610208.94,428685209396181.6,28797371565635.016,18.414,15.722,12.790000000000001,68.585,4.925,5.368,1233003697983.694,62871089044573.92,6584825770761.05,12044785459783.025,10321196338304.36,370114133430.1409,544493001101.4624,468700423246.4344,6954939904191.19,12589278460884.488,-4444469211464.914,7565203300859.521,73633724461806.77,99774998674949.56,2938943697845.1484,13858434052313.344,197234580501958.56,32297806413259.75,97047984446296.81,244251038829868.3,16987819262856.348,390182277970391.0,314209327908956.9,6305637963488.681,121439889047.28539,316624061668.89526,13413195372911.496,1743438781696.5754,6411178732941.885,9298921208117.871,741861268773.3577,17664622014972.023,20687675263674.023,CRA40,M
126,2010-07-01T00:00:00,464378247175701.56,360426818974449.1,466289128869912.75,134735184882226.33,494182260831716.9,27893131961804.047,24.282999999999998,22.913,17.777,79.298,4.348,4.518,1233003697983.694,106842052920422.28,12044785459783.025,13882380309289.994,14987099697095.756,544493001101.4624,526730983562.3387,648822970027.4056,12589278460884.488,14409111292852.332,4710457551137.781,6118024634547.395,113228305929867.89,91294000505013.75,30533360649965.2,60157611365638.3,112136002776022.61,45940760306328.164,150906706578602.12,246023489047464.28,45602372626164.97,443415861224444.56,339178442630754.9,5910662197780.706,2055752751210.6917,2672613338716.9727,7016754720331.406,1927605405138.9873,8408941528987.531,10451505009620.314,3766927343164.646,20962385951256.98,21248376343694.273,CRA40,M
127,2010-08-01T00:00:00,422298456768803.8,289662762075479.4,434089605610599.56,168238778973794.16,456453476336598.1,22363870725998.562,34.418,33.605000000000004,24.218999999999998,86.707,3.339,3.778,1233003697983.694,145874908247795.6,13882380309289.994,13560465059466.584,15713043451582.297,526730983562.3387,773823854023.8213,740840783708.0342,14409111292852.332,14334288913490.406,13164391175109.188,3053134434556.927,149403290913071.4,75158016356207.67,43107193878649.61,61540333171689.57,87586941256075.98,63302698055922.414,95170738788372.14,203988652107823.72,45260975714963.83,403989699691643.44,271125849638061.56,4464243201928.513,3172935330717.33,3028048845420.435,6127364987532.203,2909072764812.107,4969117736030.827,7907392264999.349,4267494383137.4614,18308757077160.402,18536912437417.82,CRA40,M
128,2010-09-01T00:00:00,367580375740473.4,319799725926812.0,402492461495820.4,114960270172480.0,427516075510178.6,25023614014358.28,23.938000000000002,22.345000000000002,17.381,78.233,3.821,4.41,1233003697983.694,89936656158121.72,13560465059466.584,5251787566722.5205,11454917465946.812,773823854023.8213,128542726252.40277,550833466924.2623,14334288913490.406,5380330292974.923,33202047723944.875,5985437385029.36,96350581905362.36,97905097715319.67,8377651089766.072,18873277927981.566,151756498131370.97,29346157135033.85,115023766001618.02,203619978549044.47,25732176800980.473,349744511327379.56,300890092023735.5,6168665661949.715,438829003002.0447,576546300624.6345,10576246175451.562,1565766078519.529,6154665055353.268,9524886371999.947,1739893669269.629,17835864413093.824,18909633903076.504,CRA40,M
129,2010-10-01T00:00:00,225847307418486.75,217794713444802.56,246712680155963.0,46573251604585.31,265994011284170.0,19281331128207.0,14.923,11.062,9.306000000000001,58.599999999999994,6.138,6.755,1233003697983.694,27291920476378.312,5251787566722.5205,5603199953483.383,5403962400528.654,128542726252.40277,437833093759.04395,247781563214.74377,5380330292974.923,6041033047242.427,19900029256961.637,5342065647540.702,36816199144584.32,53550132772419.914,3346766218382.919,11817371349448.451,132606695685152.66,12382034429584.135,48778461034606.8,138469259133285.67,19561358119752.914,216218797684738.16,204293281057895.3,3227564113317.3564,109091753120.76257,144790540042.01895,9405123698004.846,535463546583.1618,3798318736956.1997,5720691533806.056,188898198825.44305,9628509733748.594,13501432386907.25,CRA40,M
130,2010-11-01T00:00:00,137454826611684.75,141603883997625.6,150163013021474.06,19713851320422.773,162713034029623.72,12550021008149.652,9.314,4.771,4.217,36.339,13.734,13.518,1233003697983.694,7163830312273.121,5603199953483.383,1512817708498.6501,3279683793011.6196,437833093759.04395,29631087194.260334,134500985707.60245,6041033047242.427,1542448795692.9104,6814303446664.462,5580297363843.974,13986403872461.215,50789618631175.266,1458532709090.9482,7590091218709.158,90795750214268.88,11677151312914.207,14381766711208.404,62108351094683.62,28027741805945.945,132165212257482.23,134663791440514.19,2257121811042.4414,23671814188.38875,63912779500.717316,5637180861171.154,513855065629.3147,894157413133.362,2454724698030.043,385082468618.5152,5289614354202.516,6940092557111.421,CRA40,M
131,2010-12-01T00:00:00,101662032026955.45,105651192555982.53,111592726223633.64,11812461342499.492,121204047609989.9,9611321386356.275,6.890000000000001,1.9720000000000002,1.7840000000000003,18.634,25.753,24.059,1233003697983.694,2201139956143.217,1512817708498.6501,3125594796376.738,1828566567392.3965,29631087194.260334,328969171225.9844,71179928433.45811,1542448795692.9104,3454563967602.722,8102415657080.096,4409834524547.86,7688456561856.806,36754359421111.45,653704298295.6514,4729993199462.264,68440966185900.234,4816135743372.123,16503849981525.498,51267169969561.19,15180154399678.707,97567658333507.03,100778674865400.1,2047733918551.7158,12701251016.128286,23483768606.464386,3423147602799.1387,212896863981.7092,1309029665513.803,1810259142308.5366,127639171253.36188,4094373693448.426,4872517690582.432,CRA40,M
132,2011-01-01T00:00:00,118595870610280.17,117224620402933.27,123459091312767.53,21716672308214.94,140601586665142.3,17142495352374.762,11.089,3.705,3.1510000000000002,21.063000000000002,12.666,21.81,1233003697983.694,4574176955840.179,3125594796376.738,1514031300917.5825,1868929005772.429,328969171225.9844,81327271198.54118,134090873346.5981,3454563967602.722,1595358572116.1238,1343721353006.6777,8091366973645.327,13690240716447.582,47039235319884.086,621433072172.0496,4610154027791.395,73678652707461.38,6371547763746.917,17328011324086.832,52877471078316.39,16626722191682.13,110898408189738.8,108254819295402.38,4357721580706.836,20818493453.829018,62918044717.16619,6605021030257.891,702691636692.3529,1995026247441.3772,2574131158425.0195,348935336377.7938,7697462420541.374,8969801107530.89,CRA40,M
133,2011-02-01T00:00:00,141601585745226.1,131716277847448.45,136893283371235.38,25932361299720.9,156802085332102.75,19908801960867.383,10.068000000000001,4.3999999999999995,3.6990000000000003,23.227999999999998,11.309,19.849,1233003697983.694,6023559338853.518,1514031300917.5825,1814749568698.15,2432878538348.544,81327271198.54118,97221923971.8078,177921457857.5218,1595358572116.1238,1911971492669.9578,-3545135638370.2764,9391090182802.975,13782745809181.38,49095331330638.89,920039462335.5807,3687588402689.109,73320533389323.98,5675268233342.065,32046288012110.22,71075109559215.05,15008927129586.076,129533297525885.11,121295787993355.86,6419659679052.765,50159286411.43298,42975347278.21294,6299821772337.742,658002896247.1019,3797638490545.698,4947650296762.899,272870304797.72357,12068288219340.979,10420489854092.598,CRA40,M
134,2011-03-01T00:00:00,214109570248060.0,176046969738829.25,193527768402134.03,43243905143875.734,218869401462727.66,25341633060593.633,14.851,9.25,7.561,41.398,5.658,10.234,1233003697983.694,17902272083282.1,1814749568698.15,4072431554313.244,3267662805785.3105,97221923971.8078,290595532225.6906,246255248703.8881,1911971492669.9578,4363027086538.9346,-17709272832079.652,9718548007883.203,28740856629476.24,65244828242755.086,1233767468728.3594,5103861364496.348,111721477604223.03,15125968649217.4,26794532891844.766,114229085401163.47,20964702253548.375,199703743657632.3,160714480218344.53,6717157361786.593,58572549991.657104,100923832568.11816,11361764706347.645,1755425394162.8096,3071503312265.895,5832320001910.173,840648951879.5377,14405826590427.691,15332489520484.732,CRA40,M
135,2011-04-01T00:00:00,192271646279753.1,164233327054171.5,189371773746141.9,42076527394214.016,209470296652556.34,20098522906414.426,16.359,11.606,9.496,52.233,5.98,9.34,1233003697983.694,21978004487799.59,4072431554313.244,6322571474434.816,4380931526789.7456,290595532225.6906,425844441833.0533,285109080950.8395,4363027086538.9346,6748415916267.87,-3674925908053.082,7509550210033.492,30979003472083.465,43271800944750.46,4419428022150.001,9742923985468.785,88568756397674.6,17107574899090.932,39500886549838.42,111342418060538.06,19581127829960.59,181464717889848.25,152070198799623.62,4044179207172.0054,248663638714.56808,321227196899.43726,6880699403441.313,1102115095280.0732,4214996704098.326,5339406890553.338,818768508293.657,10806928389904.855,12163128254547.865,CRA40,M
136,2011-05-01T00:00:00,253787232364693.66,215836220631920.03,273173462127006.28,75077669695570.64,293244775763249.9,20071313636243.594,23.132,20.136000000000003,15.795,73.26599999999999,3.825,4.858,1233003697983.694,55006356059327.05,6322571474434.816,8836756203663.945,6786349362541.577,425844441833.0533,508891412864.3377,359131488803.6207,6748415916267.87,9345647616528.283,19652576026813.844,4871786046489.234,63191121468312.33,56243878139550.14,4892088914525.279,13073793517012.18,117262885256233.67,30879001187252.32,51323584439178.79,142129855735453.78,27667025845092.28,242326528579268.4,201145584455030.03,3923464144674.5337,196137238487.47522,296770198290.6221,9193959113320.324,1619178887785.2056,4326737398540.145,5621290554674.899,973802426542.0599,11460703785425.26,14690636176890.004,CRA40,M
137,2011-06-01T00:00:00,375635032946243.0,291558991091048.9,382633642227460.5,112645881399809.9,407232768060774.5,24599125833314.047,24.922,23.011,17.777,78.16199999999999,3.743,4.422,1233003697983.694,88046755566495.86,8836756203663.945,14675379059189.037,10985378069591.18,508891412864.3377,781284835104.4666,540704365695.8151,9345647616528.283,15456663894293.504,10081729989066.969,4857396525486.664,95359716549945.47,69100928741749.26,10477666960885.967,22717412910843.324,154107960873388.25,38927741796021.16,83584184900092.86,228111676060629.16,24428733883958.88,358857759509242.9,272598546618325.94,4510129538118.882,451007548298.01514,603364300945.3257,11089827440753.086,1683875580635.1104,6186974353936.121,9979904017300.781,1232635129735.6816,16777273437000.098,18960444472722.906,CRA40,M
138,2011-07-01T00:00:00,446274841982864.75,321052465611835.0,473196085222264.06,179121965441149.2,498799848181732.1,25603762959468.062,33.584,32.443,23.534,85.706,3.013,3.445,1233003697983.694,153518202481681.12,14675379059189.037,14536076343915.307,14919873456449.812,781284835104.4666,598435944947.9994,710798444906.3439,15456663894293.504,15134512288863.307,27973674505221.17,3695738181709.3237,158917132099324.47,88274350687629.16,22557524112962.734,34639307628532.836,145354330862565.8,63820754990333.24,93848712973226.4,240116880169649.25,37982308830269.305,426851293476144.5,299742876779024.25,5419107007573.742,1542194899888.5176,1396369803185.7964,10615741981800.176,3134125516157.2783,5538623172025.121,9473946179803.438,3613028779096.904,19423548506720.254,21309588832810.72,CRA40,M
139,2011-08-01T00:00:00,349563881798175.3,291503612282914.75,373606750059539.06,103574859593455.4,396327515155964.56,22720765096425.453,23.398,21.641,16.944,78.063,4.826,5.12,1233003697983.694,80854094497029.95,14536076343915.307,12073115690229.041,12586822621731.027,598435944947.9994,383008466230.02026,556453760938.4729,15134512288863.307,12456124156459.06,20115436849365.125,4952399571298.314,87415379145292.39,67780882369562.77,30931453228554.7,38668101778028.266,82223307951621.95,50184191128467.164,101088207040630.8,177369662018902.12,59875287003210.14,334002837294960.3,274118255224017.62,4954456232495.148,1579039591746.4126,1213236016182.7363,5900552255488.413,2083922250779.4648,5958004432213.677,7309430003757.665,3947760779448.5947,15561044503215.016,17385357058897.098,CRA40,M
140,2011-09-01T00:00:00,335374254125337.25,300431834842245.06,369469705852490.06,95178341954351.84,392633390456834.06,23163684604344.016,21.608,19.491,15.498999999999999,75.663,4.489,4.744,1233003697983.694,72014657350007.83,12073115690229.041,6657390577102.501,10776599962384.346,383008466230.02026,260788126112.78702,474535760938.7312,12456124156459.06,6918178703215.288,31534292613671.914,5449610895761.361,79833766015612.25,75013111740449.42,11047488318188.676,17258735922845.277,155311856405707.16,27858732522714.086,97260681861546.11,200282106466818.9,19358522674333.277,320412686652827.7,282978549259775.25,5003533749664.614,464756459416.2981,345872849063.2499,10445952808547.713,1230390041421.025,5738737995672.791,8381770832360.684,803838318833.0396,14961567472509.572,17453285582469.842,CRA40,M
141,2011-10-01T00:00:00,182296136967712.88,188814297430979.97,206233999695344.9,32554966003507.086,223829669814019.75,17595670118674.83,12.103,7.254,6.265,45.951,10.013,9.932,1233003697983.694,14959295884832.26,6657390577102.501,3729919287930.113,4832060386676.573,260788126112.78702,296691028364.07117,199701008795.39917,6918178703215.288,4026610316294.184,18585887961178.26,6027267229309.412,24961494837436.184,51685817629239.586,2557813180196.266,9840763857654.262,104592550241550.9,14842486514710.607,47208747091630.95,98594385926150.31,23183475056600.508,174963453927754.75,177542585569978.62,2958049955336.383,67699283399.781624,125518074744.05344,7236516632479.908,854031235176.0503,3676126545883.6104,3395083774701.628,291369399238.0341,7332683039958.115,11271711861001.334,CRA40,M
142,2011-11-01T00:00:00,109564754689156.48,116410365522725.33,122464863504572.75,14584018732171.406,133574532201513.98,11109668696941.234,7.867,2.8369999999999997,2.535,23.823,23.611,24.523,1233003697983.694,3474350035230.1714,3729919287930.113,1784640799314.7036,2734409413739.65,296691028364.07117,517926894.9564307,118336441006.29524,4026610316294.184,1785158726209.6602,8078509278714.496,5744774381052.0205,9634233571526.973,47893721115857.8,2092023694263.1123,6602754632277.938,58951725859112.0,16595474099596.344,16266233638259.828,33819710709144.043,33736005942096.137,104911660556876.12,111045989133731.08,2537382765620.4346,27648608117.32148,38675696408.96114,3806916209489.2915,921139974300.2573,1118664184373.4092,1155895695950.7104,411147387014.232,4653094132280.363,5364376388994.254,CRA40,M
143,2011-12-01T00:00:00,118212198468172.3,128555105877641.64,134967837102242.6,11590801869827.414,144679952686675.66,9712115584433.068,6.1080000000000005,1.392,1.282,16.208,35.889,25.916,1233003697983.694,1878686285394.3457,1784640799314.7036,2740108334105.426,2174984353069.8972,517926894.9564307,90441139998.39502,65441085990.1089,1785158726209.6602,2830549474103.821,13266984442757.852,5050877975274.062,8243419359656.143,52257518021940.836,895988008155.223,4988284112197.105,79745420546721.69,6065173560964.893,23357773293588.965,51554358189793.16,19985127560015.15,114865333884895.98,123984309408481.03,1914716471718.5728,17850822742.62851,36527286591.64594,3220107035290.911,197457424100.69626,1234842555189.748,1198163400865.4004,97996055937.32384,3346864583276.3154,4570796469160.611,CRA40,M
144,2012-01-01T00:00:00,132498600826463.97,130123483569995.94,136726253245167.6,24299136233865.18,154555298124742.94,17829044879575.344,11.1,4.732,4.018,26.627000000000002,9.645,18.472,1233003697983.694,6470091354289.835,2740108334105.426,1428524269971.0696,2012979394804.7832,90441139998.39502,69775428641.38843,160640288826.77182,2830549474103.821,1498299698612.458,2762724322330.4385,7757080185589.674,15176434670544.875,40665918381005.22,443625687821.7598,2978552849249.253,79443085171966.3,2980453420247.974,29647916811162.22,76841415752639.62,10586666633701.367,123466340403142.06,120121294304651.66,3632192318832.016,18617996605.891094,38094444252.6325,6610713614325.674,438903490259.2473,3254722003581.051,4923070169978.015,118135650831.66246,9032260423321.91,10002189265344.277,CRA40,M
145,2012-02-01T00:00:00,166028998411362.06,160359234059620.22,167524133855254.88,30082425643777.992,191426559867984.97,23902426012730.074,10.308,3.689,3.127,20.544,11.731,22.018,1233003697983.694,6179999631047.917,1428524269971.0696,2277530594089.5044,2499947731677.199,69775428641.38843,234285779232.93405,195500429862.43033,1498299698612.458,2511816373322.4385,1523751954016.0674,11286706891118.104,17268802543924.205,63591070067570.53,367474571161.7817,2194433452994.9685,98238617015752.66,5159525590860.5,35782373912497.555,82340121628723.66,13589335217829.191,153285150740149.66,147977800717241.2,6642820780280.76,19977294425.71907,23198033805.41228,8221715341052.563,700371506451.8674,3862911872782.2417,5377457350674.357,276828834118.5099,12743847671212.396,12381433342379.033,CRA40,M
146,2012-03-01T00:00:00,176853283611155.28,165953749691779.22,178221282796306.22,33386253441181.742,199356437241027.72,21135154444721.5,12.558,6.874,5.79,36.695,7.34,11.721,1233003697983.694,12251098996460.244,2277530594089.5044,2035642514342.4646,2900835508524.558,234285779232.93405,46951736660.32559,193007251096.04935,2511816373322.4385,2082594251002.7903,922342954764.5234,8938324339740.523,22381768958505.18,61469385785636.26,963347475723.3926,3535225460328.758,98425808643297.5,12329950012330.982,33278237901940.055,88748523649415.66,21136477302497.6,166083084907711.66,153803871323458.56,5461586692323.054,32912548181.753487,31967752461.585632,8147139138860.0205,1288625903412.1218,3580088189390.634,3988018355246.8706,389738491888.24426,10770198703443.63,12149878368320.652,CRA40,M
147,2012-04-01T00:00:00,233322712053952.0,173404205215903.47,206032038741509.6,57403070226717.33,229325201892059.06,23293163150549.453,20.954,16.556,12.948,59.422,4.293,7.813,1233003697983.694,34109907076167.875,2035642514342.4646,4713193012029.612,4880943993544.014,46951736660.32559,398523002476.3054,370160991247.25024,2082594251002.7903,5111716014505.918,-22779477998377.53,7637605199837.522,43171675461812.125,60228580201319.95,1950217716326.1504,6970841454702.621,107876311012935.84,20609609207231.258,32138121410106.145,131329238162453.28,16182520128299.68,219138269025707.12,158147170267667.84,5920605551025.154,132976948910.04431,284209933645.4694,10302001324295.324,1536018342360.6914,4162002985651.3013,6443609201213.564,660053689378.9594,14184443028244.879,15257034948235.629,CRA40,M
148,2012-05-01T00:00:00,240311038507308.03,223864243803591.06,260967036408984.75,51486210659372.37,281487719069654.25,20520682660669.523,15.821,11.866,9.91,60.143,6.418,7.184,1233003697983.694,30965527998702.844,4713193012029.612,8785882562839.539,6410865038199.476,398523002476.3054,425854556249.24445,299013251848.9196,5111716014505.918,9211737119088.783,18618754399568.758,7123247563201.808,41288490583772.61,61902084224645.516,2813615735684.6226,9157766429040.924,128246628852128.19,16132932427361.143,63407157243649.98,143319058353136.97,16425261430909.805,230511841434184.56,210892663262372.6,3809597517573.001,123200909124.39636,243084488821.70197,7714178401361.103,805460111295.47,4835463758503.73,4941054955433.28,298737472229.2448,9799197073123.455,12971580541218.475,CRA40,M
149,2012-06-01T00:00:00,377950069460877.0,312926748101635.06,394715062948657.7,106033460986603.52,420980657045994.3,26265594097336.64,22.67,20.209,15.93,75.229,4.151,4.447,1233003697983.694,79767866889266.88,8785882562839.539,12413033070922.232,11037615472101.195,425854556249.24445,466423787680.5655,492678696313.47,9211737119088.783,12879456858602.799,18412265269539.023,5691884993807.91,89482567091948.48,84578803392721.61,6413899713472.83,17607676211677.93,184519194166607.2,41679734751921.11,78587493306889.72,217958815766150.53,23298875598817.176,361825030122471.2,292819462785786.94,5018157424595.357,265916137885.75348,471167497368.09485,13190188894066.371,2169181415620.7175,5518444431701.674,8466533000821.62,1132735852194.3125,16125039338405.79,20107285315848.11,CRA40,M
150,2012-07-01T00:00:00,442277152049403.5,334321126074865.0,467939069608982.6,159164102908957.47,493137596327782.5,25198526718799.844,29.921999999999997,28.628999999999998,21.363,84.16799999999999,3.499,3.84,1233003697983.694,133965576190157.62,12413033070922.232,14512251372962.5,15120403220364.895,466423787680.5655,645477973862.4731,691474109737.8303,12879456858602.799,15157729346824.973,28287822703841.312,3643878296135.7495,140014862609956.73,88919025747210.25,20291428209790.656,38756022595210.266,148291677384909.44,62903827341121.42,98400572052032.12,233015459854541.34,46428277979331.14,423594335538083.3,313411955626063.4,4979373323071.217,1266714322681.334,1582775337478.079,10108389615275.332,2819632488467.075,5451204312703.475,9301035362303.809,4082862198141.485,18682816511320.18,20909170448801.625,CRA40,M
151,2012-08-01T00:00:00,386765758415316.2,299274706462802.56,412865537928600.94,139106495723058.4,436577084766612.9,23711546838011.938,29.43,27.950000000000003,20.906,82.95400000000001,3.829,4.156,1233003697983.694,115394948885046.47,14512251372962.5,10950821931606.387,14251925904658.154,645477973862.4731,733186498068.6344,644561389195.3005,15157729346824.973,11684008429675.021,24430176015382.953,4113529929892.0156,121504839944243.27,73330095492789.78,31643515872696.617,50412269685241.64,97734428213492.19,57588264574329.69,109973115892631.7,188478950858002.4,41058816073930.78,369809580610363.5,280409876052751.3,5173431658126.936,1947405873598.5244,2097678883583.4292,7139344396666.52,2607764165402.349,6930530532226.493,7077303097839.946,2847549607559.6987,16956177804952.662,18864830410051.234,CRA40,M
152,2012-09-01T00:00:00,346357403555137.6,307397418928772.56,379241690504848.6,100562285372760.39,404355143607364.8,25113453102516.188,21.919,19.895,15.725,75.027,4.151,4.644,1233003697983.694,75448832270244.2,10950821931606.387,7896675067549.241,10440074709656.65,733186498068.6344,240410455496.84836,486692863121.9628,11684008429675.021,8137085523046.09,32941924737250.164,5694894564676.241,83125744590869.92,87197386778564.02,9344896991719.918,15636528511421.154,172365169704398.38,36278847496660.36,74809192334340.08,190541286484670.25,31700011815971.086,329654049271315.8,288219270846429.44,5673634310209.857,353367923437.30646,283904659917.8879,12960660556575.941,2241809871235.8633,4119804003830.577,8504005442458.223,1744315598499.2827,16703354283821.832,19178148082343.11,CRA40,M
153,2012-10-01T00:00:00,207498026549824.1,214317702535982.06,234652289956208.7,39998863200326.85,253907648565165.28,19255358608956.613,13.336,8.84,7.553,51.85999999999999,6.916,7.433,1233003697983.694,20743504591370.24,7896675067549.241,2355948425515.9717,4627789959434.676,240410455496.84836,10370941714.746223,207241888277.59448,8137085523046.09,2366319367230.718,21792414421712.844,5930934783512.556,31292691878439.95,53643531825454.06,1628223938738.6704,6827074961589.633,131547388458511.06,10044928606509.854,55930799119433.94,128516730289880.48,11897238135569.072,199032265683434.03,201003649652252.75,3294611618798.578,68738287910.92924,109226060903.74377,8505239439916.87,493023827652.7088,4676297898945.808,4568899359035.024,63777256955.697296,8465760866390.055,13314052883729.305,CRA40,M
154,2012-11-01T00:00:00,111601741984161.52,119962194398984.39,125735512561790.0,14859567722780.527,138604792511975.2,12869279950185.193,8.052,1.583,1.4160000000000001,13.394,36.45,36.101,1233003697983.694,1990287772595.3333,2355948425515.9717,2257061148079.7383,2418176407810.1133,10370941714.746223,122720802752.94305,99792829566.04456,2366319367230.718,2379781950832.681,10364202771020.164,6138735248022.674,10124080914135.447,44180872567835.516,1394502062726.4238,5021195229019.181,76994757792394.44,8246760897773.088,19574539839544.074,49427797422603.41,15390570804909.879,106876626117231.19,113354370499574.81,2891351544789.067,35854307108.97007,28642876863.370663,4875287763778.295,456258277345.2089,1547837238094.2544,1348863167932.6865,148844590428.05658,4725115866930.333,6607823899409.576,CRA40,M
155,2012-12-01T00:00:00,130075083355671.4,137752191342704.66,142640081687061.62,20096524894194.04,160291831182384.06,17651749495322.453,8.029,1.714,1.502,12.165,27.952,32.66,1233003697983.694,2444775398871.588,2257061148079.7383,1604684678808.853,2204421269646.978,122720802752.94305,33674598341.50382,107320448999.73686,2379781950832.681,1638359277150.357,9380460712222.512,9449383384289.088,11451897178239.969,60534059460458.63,1029510657764.4348,4794751922573.386,87078731447161.38,9354716637069.758,18710441399111.645,46869648422368.5,22764816325975.344,121553176442470.28,129583499830012.8,5467445246431.667,26351448006.480583,49726465154.26312,6115728248261.833,878903898225.2705,1690065462311.9736,2125831303389.926,336546354111.56976,8521906913201.126,8168691512691.856,CRA40,M
156,2013-01-01T00:00:00,105786738236408.61,108828939577625.3,119852439151533.47,23026327243725.234,134784437073788.27,14931997922254.807,12.851,6.7540000000000004,5.665,35.152,6.716,9.245,1233003697983.694,8094329321470.428,1604684678808.853,2835154962755.567,1753690286934.484,33674598341.50382,379132993035.55115,100575903909.77524,1638359277150.357,3214287955791.118,12712459341327.883,7338630484050.906,15402579056320.95,41894598401362.484,987144826665.7455,3903723447114.6353,61533280009176.51,5587962829775.712,22753306466626.38,46810379969092.99,16340973829988.334,98196664647345.83,101614705132456.95,4000309921325.1987,33308301924.851696,34297730847.786396,4514817843487.743,496159335731.8525,2537126547425.686,3059306601157.944,128981752330.06818,7590073589062.782,7214234445168.35,CRA40,M
157,2013-02-01T00:00:00,167731608338960.8,158128009975249.38,168717806030026.62,35878506164311.62,191110060089301.0,22392254059274.36,12.246,7.993,6.5920000000000005,37.589,5.613,10.388,1233003697983.694,13486252105037.26,2835154962755.567,2136822877928.6929,2703299911718.366,379132993035.55115,72368492632.75107,208481459321.11584,3214287955791.118,2209191370561.444,2877557156096.13,10112370738713.21,20660488004776.965,48823006540071.695,1273491569537.7393,3815189327535.515,91635557960147.69,3540520989750.338,41060940626479.01,96714006315104.17,11950504991156.541,152892723172461.72,145920495147320.97,6099461613069.08,76546231049.41292,28046045969.979107,7182536956882.816,370104916536.94904,4685563561090.3545,8341272590923.092,262868078905.8072,14838885166499.102,12207514827928.39,CRA40,M
158,2013-03-01T00:00:00,143489915350582.78,124174648845254.44,141523628953589.2,32282689709899.836,159530092736072.4,18006463782483.203,16.397000000000002,10.088,8.214,44.223,7.205,12.389,1233003697983.694,14276225927416.635,2136822877928.6929,3990367828248.318,3318269759724.256,72368492632.75107,347611020420.3737,237729936845.8697,2209191370561.444,4337978848668.6914,-2910253099804.465,7811195859592.534,23206269182556.727,39840846274408.95,2101122709531.1914,5452027484221.222,71455845752114.95,13912091091764.176,18807826640975.64,75280898465478.1,21962196840162.37,134485863315872.44,114326991942784.16,4039122487405.3525,131787960971.83284,167307461738.6501,6444128750940.09,1171250189719.6152,2435666682090.67,3626371895846.738,836073508467.6917,9004052034710.355,9847656902470.285,CRA40,M
159,2013-04-01T00:00:00,211080102471633.6,176169820299737.6,202732900035080.03,48053576168466.8,226056267888699.16,23323367853619.15,16.851,12.198,9.861,51.464,5.809,9.882,1233003697983.694,24730208314847.65,3990367828248.318,6691771046734.512,4788784099253.493,347611020420.3737,354140247991.91046,339429494296.5672,4337978848668.6914,7045911294726.422,-7472141410990.602,8677481989262.951,34163054304972.22,59190592484354.414,1996262203659.7175,6004318207494.141,106655355468474.44,18667658824710.64,31681474903372.645,113674622112000.2,21544982107866.508,197537191628559.38,161878074683373.3,5635344326323.105,96515572391.1486,128069917768.50336,10145951924291.812,1542635707977.2134,3418764394291.101,6236860891005.388,630513725390.2272,13542910843074.209,14291745616364.29,CRA40,M
160,2013-05-01T00:00:00,296725444379995.5,250926630454806.56,311644251052823.06,82408762262275.36,334685417072078.0,23041166019254.938,21.67,19.05,15.065999999999999,72.04,3.616,4.766,1233003697983.694,59367596243020.42,6691771046734.512,10100750370138.51,6925749395409.283,354140247991.91046,634025485536.4434,380314873141.6635,7045911294726.422,10734775855674.953,17257646878779.984,5491037931703.318,67532972829893.18,67920314880670.41,4703271840748.306,13331459987043.025,135998200008613.17,28191562390225.594,57165566637955.62,172760457937666.22,36143489365474.27,282203795195605.25,234010527852791.38,4312563800919.747,185589151789.39737,380535573704.7958,10601327740116.162,1566094858532.642,5007178081468.441,8262454951233.087,1122007628641.1726,14521649184390.271,16916102602015.172,CRA40,M
161,2013-06-01T00:00:00,370593498904643.3,314297932909182.06,423040424534623.6,128936544143862.0,445839071193484.6,22798646658860.984,26.339000000000002,25.089,19.229,82.318,3.328,3.52,1233003697983.694,106137897485001.02,10100750370138.51,14946424858329.135,11773996518326.537,634025485536.4434,677145812069.0406,518896047536.16077,10734775855674.953,15623570670398.176,54731126304263.016,4491135675776.971,111426431938127.36,83675694384789.36,10194689397130.691,17838768485158.26,149400129416710.34,39424998412885.9,99775479626439.6,212777950901611.62,37297269297886.48,353717412184445.1,296667567738167.1,5363276775032.315,416273889793.38525,498641501193.19995,9713176984914.338,1737953284889.5505,5830621382149.591,9276215159083.137,1670292914157.6091,16876086720198.203,17630365171014.92,CRA40,M
162,2013-07-01T00:00:00,414832327010605.94,326100338586241.2,458986420997680.4,159892870625726.84,481281028441176.9,22294607443496.484,30.991999999999997,29.979,22.233,86.05699999999999,3.329,3.665,1233003697983.694,137598263182230.36,14946424858329.135,9419597544605.346,14777441386735.664,677145812069.0406,365591587208.3175,677793382829.5358,15623570670398.176,9785189131813.664,43027893219281.11,3144458437278.1685,142251042285843.8,77644054685859.98,28183471042192.617,42454156407983.44,129944465737016.48,54640407078213.37,96745561977516.48,223129026310735.12,52442282410505.59,397867644482791.94,307315781167231.2,4170962429019.6343,1754869618981.76,2105355099693.3503,8037336450730.303,2178707755739.379,4881909205810.347,8509657243361.623,4110442143487.5635,16964682527813.986,18784557419009.973,CRA40,M
163,2013-08-01T00:00:00,348315259357032.1,271403828743601.1,377613286150548.5,121891116971788.67,398175944428382.2,20562658277833.67,28.338,26.834000000000003,20.286,83.13000000000001,4.081,4.4,1233003697983.694,101328458693955.0,9419597544605.346,15064594085912.975,13339201537928.797,365591587208.3175,858524789197.567,599322014969.3196,9785189131813.664,15923118875110.541,30554957823820.844,3841674288744.867,107007322520925.64,59390457431019.16,36314892340099.48,63549228748375.625,62251559037917.55,49907586530838.04,104159114980926.02,160949783783144.6,52815803184766.86,333797056493377.44,255541369543709.88,4208350245189.002,2006256926176.063,2410644249480.3994,4321990954966.3975,2070837316718.2708,5745597842770.139,5828371052267.044,3788613475978.611,14518202863654.717,15862459199891.21,CRA40,M
164,2013-09-01T00:00:00,311636322503291.3,272872934945672.22,347645703745836.06,97249283797216.31,369590936068600.6,21945232322764.562,23.867,21.661,16.926,77.434,3.92,4.547,1233003697983.694,75304051474451.75,15064594085912.975,9334279783490.307,9839167894314.041,858524789197.567,607609907520.1371,475591943123.8579,15923118875110.541,9941889691010.443,30559434732732.547,3804791417944.653,82971320013973.31,67788108975879.64,7845835717922.618,16572217436191.496,152119226979034.1,31273685177653.777,70697954574818.77,182582871919521.0,24677086676596.93,298216883509245.9,255340103948372.44,4372851638579.3135,302932508134.89,315958319064.27637,11412953926907.848,1502489499978.4412,5165504884881.138,7228139536423.403,651439677375.898,13419438994045.434,17532830997299.773,CRA40,M
165,2013-10-01T00:00:00,213996402730296.22,204524831738062.75,247617932307614.5,64456928124362.11,265700829948381.4,18082897640766.883,21.425,18.728,14.860000000000001,71.946,3.909,5.014,1233003697983.694,46374030483595.23,9334279783490.307,3695525395428.79,5847018347277.681,607609907520.1371,277129042378.2853,312499920572.6406,9941889691010.443,3972654437807.075,30933224238158.39,4150946209428.0933,53052397563083.44,53584452039777.89,6455920291087.451,12591783339564.75,111985655544909.05,19378998530701.3,39558823070832.89,117644248166493.73,32869610442272.836,203199482076537.7,190870009349102.25,3745039311112.8047,165221684742.16193,265468503696.66068,9499331840713.816,953061874156.5359,3284960408426.41,5833350964792.531,705308455078.1143,10796920653758.531,13654822388960.504,CRA40,M
166,2013-11-01T00:00:00,107822265110159.78,125969434157891.02,131204176107067.78,13643702059910.191,142247880259096.0,11043704152028.23,7.088,1.982,1.7950000000000002,19.056,28.695,24.132,1233003697983.694,2599997907881.9614,3695525395428.79,1727359311094.575,2486914047233.285,277129042378.2853,31266211576.099968,87143604209.25793,3972654437807.075,1758625522670.6748,18533138040476.797,5220130390381.326,9299690188152.98,45807113918161.805,962412888103.1306,4009198324586.476,74791924206521.62,9426567870382.541,24891607765721.492,44512502167650.02,19531181747473.97,103755382280780.86,120177126607820.22,2385486878027.0635,16354983966.69444,18710532065.062153,3807604801755.089,471465059392.2669,1880696803946.8733,1191220359894.533,87650960402.14508,4066882829378.9253,5792307550070.802,CRA40,M
167,2013-12-01T00:00:00,102963975663348.45,112724741864916.33,118225410535790.12,13215664875792.668,129619745494291.39,11394334958501.27,7.359,1.541,1.3860000000000001,13.782,34.725,35.207,1233003697983.694,1821329917291.3987,1727359311094.575,1933922246122.2917,2040189012855.8638,31266211576.099968,62608028898.92255,86188174338.03484,1758625522670.6748,1996530275021.2144,11820000871209.82,6197910590690.229,8700562763663.597,45282899444027.18,785199683184.7137,4069584395371.8936,64208943354678.54,8681933711103.96,19009124193839.48,40445722212292.46,23587658294301.484,98480139762795.48,107590925526004.22,2356940599185.531,20154902529.428604,61311242537.855034,3341758194098.1997,548850856478.9456,1353178490327.6743,1516733202350.6401,418724751956.8129,4483835900552.972,5133816338912.115,CRA40,M
168,2014-01-01T00:00:00,132454682045244.84,134559204441008.19,142283526698651.47,25193108450226.664,161852983498122.88,19569456799471.406,10.465,3.952,3.3579999999999997,22.322,12.04,18.751,1233003697983.694,5623651650755.258,1933922246122.2917,1498362899004.8271,2184091269834.9668,62608028898.92255,26495608261.01237,141732134678.0715,1996530275021.2144,1524858507265.8396,7256502278763.229,10878394794120.547,14890525755728.303,49401940407041.086,1046813625697.221,3493808203425.6704,80286720264546.02,5610553205264.971,26788537649518.906,63708405563913.68,17772566504156.2,122214707379645.4,125894638043918.34,5116600414975.188,47545182936.597664,28967011129.501713,5737198551945.848,495193477199.4968,2718882842368.453,4599213762295.255,160939819838.94858,10239974665599.441,8664566397089.847,CRA40,M
169,2014-02-01T00:00:00,176843446243354.06,162997288355478.47,174184698313629.62,34620877480609.66,197465191054280.34,23280492740650.71,11.895,6.511,5.431,32.756,6.363,11.511,1233003697983.694,11340384739958.95,1498362899004.8271,3509047531692.0,2577274322243.4272,26495608261.01237,407083446268.8955,194262281990.22992,1524858507265.8396,3916130977960.8955,-114500677221.57812,9833245167396.71,20718526553444.273,58449432790625.08,585856000438.6011,2606738001562.944,103133129179716.36,3857561557116.5127,34079219632819.13,98053858575145.17,12158919415519.29,162967590924449.7,149957124228493.38,6103471877607.003,34020820156.75231,51284972373.46391,8830730445245.602,378230551110.99207,3990673803873.671,7342867917812.916,184739057709.07913,13875855318904.375,13040164126985.105,CRA40,M
170,2014-03-01T00:00:00,168919112651514.8,152926477109276.88,166499347357591.8,36622824277900.195,189965996351810.2,23466648994218.375,14.251,7.902000000000001,6.476999999999999,35.923,7.773,14.748,1233003697983.694,13156175283681.822,3509047531692.0,3071467112444.8125,3298655455961.0713,407083446268.8955,228334905822.07693,260780645530.62643,3916130977960.8955,3299802018266.8896,-3452789218250.1113,10011924568602.732,23727792655663.715,52542801570780.0,1184524717764.6353,4594944667068.596,88622977773786.75,8984143716472.98,31781731947200.25,90309274521225.67,18110853150731.668,156431164475547.22,139700087589483.31,6067969892635.697,96634129273.23456,176551046880.14886,8474315675963.312,822643711040.4064,4000063155816.6177,5420783525411.332,655376558740.3949,12487948175967.584,13226389519793.559,CRA40,M
171,2014-04-01T00:00:00,194378033400557.4,181536365471847.0,200194897829271.78,37991335616955.8,222577126388213.06,22382228558941.297,13.589,7.797,6.553000000000001,41.086,8.253,13.033,1233003697983.694,15609107058014.498,3071467112444.8125,4815325922460.771,4294004152539.236,228334905822.07693,217745989761.9828,282546024326.3549,3299802018266.8896,5033071912222.754,4500709023259.951,8804091944975.76,27203597059167.594,58633388940312.81,1119506850529.8745,5012547289945.264,105152272720686.89,15956108769747.717,39312302939080.65,104216584748585.5,22591892337346.02,183818629748591.28,168175974847643.44,5033043283911.631,47344817635.68695,85213433298.06122,8141800332381.391,1106063056234.656,4390071433192.1846,4335083878521.7773,781174040994.2877,10559403651966.125,13360390624203.55,CRA40,M
172,2014-05-01T00:00:00,331939774178920.44,293095306401866.0,339884639724284.2,77190606955891.06,367907235922547.4,28022596198263.203,17.737,14.466000000000001,11.789,63.697,4.45,6.028,1233003697983.694,49168010757627.86,4815325922460.771,6684427631648.652,7057716349403.827,217745989761.9828,153364335990.6883,398388891405.62933,5033071912222.754,6837791967639.341,12128263035990.07,7687230041196.637,60286907511845.42,84073052275615.1,2379793945488.129,6699387762546.591,188294506212354.44,26819533570922.383,62971546323453.25,197661847115552.7,19267458099494.336,315253820724636.75,272913304580790.16,6094786945652.416,104859699399.06342,133990672273.88336,13958261506969.326,1651533340756.6824,5418099384930.326,8805642495600.682,700781229777.1353,16685953454283.662,20182001821075.85,CRA40,M
173,2014-06-01T00:00:00,374450461087842.56,317464330249294.1,403919052129447.1,109346721690022.8,428330618705343.06,24411566575895.938,23.166999999999998,21.028,16.548,77.67500000000001,3.736,3.924,1233003697983.694,84935155114126.86,6684427631648.652,11992175469228.69,10576316801837.666,153364335990.6883,820107786033.9205,462919911200.87085,6837791967639.341,12812283255262.61,33923515563201.695,4479992816637.279,93574012384149.12,77097884088796.55,7580227686172.457,16736700322344.607,183126694868631.1,42719158597785.12,80541857839676.78,222277373109033.28,27104083881589.07,358831116117959.56,298352864276069.4,4507309043423.739,310482755727.6333,430510615639.0303,12339129509333.475,1955562906687.5288,5697644663833.461,8725962404132.687,764209044330.1606,15619344969882.986,19111465973224.727,CRA40,M
174,2014-07-01T00:00:00,440491193301086.06,322662336182344.0,462974676003874.06,165096028187591.12,487773970431122.7,24799294427248.547,31.241999999999997,30.303,22.338,84.979,3.359,3.907,1233003697983.694,140296733760342.58,11992175469228.69,16484770540487.205,15201495462869.172,820107786033.9205,913172326404.696,736774466996.1819,12812283255262.61,17397942866891.9,27053536253229.797,3073103095735.048,144640588286151.66,78334684753268.58,27854406367051.22,40699218645860.21,121364638503316.62,61309041769827.195,100984579544710.7,240512916016724.53,51645692762156.63,420855861185680.5,301849317177235.2,5031047977453.607,1787038858581.2314,1750561523055.5647,8449712821157.171,2824302838551.6406,6188058828272.325,10029419776344.74,4388208497098.0923,19635332115405.555,20813019005108.82,CRA40,M
175,2014-08-01T00:00:00,446893148469867.94,327048017955825.25,470939386606666.6,174388563240254.8,497558314383791.4,26618927777124.688,32.475,31.378,22.898,84.736,3.02,3.652,1233003697983.694,147769635463130.12,16484770540487.205,13235432331240.686,14397565917148.174,913172326404.696,869822351565.3676,725371446834.3208,17397942866891.9,14105254682806.053,24631816765001.547,3468464651634.0244,152936577093526.03,91448915204012.56,18228333298179.05,31515729828671.082,162012061692403.66,54976445861493.04,92540715913312.8,248413243755367.2,31986266278004.41,426354334649543.9,304767377181899.94,5813133395116.481,1111547417112.2275,1322938035939.4365,13218890907372.758,2649594678147.748,5912467134648.612,10753147711120.412,2037735314791.6938,20538813820324.08,22280640773925.29,CRA40,M
176,2014-09-01T00:00:00,323179927709578.06,297722414577642.0,361835239625046.2,93164454155504.1,385610111622098.3,23774871997052.15,21.273,19.177,15.25,74.481,4.613,5.268,1233003697983.694,69389582158451.945,13235432331240.686,5774890523096.477,10669428417337.236,869822351565.3676,349699170783.7624,507692877859.73895,14105254682806.053,6124589693880.239,35951404037590.07,4788655553471.5205,76974451797104.61,74091508559081.34,9269584556124.395,14993873927103.162,149688384705611.94,28844101590189.992,101055979729093.44,189930263626369.47,19071948314015.336,307859747702743.94,279085897304845.12,5126346547026.533,403075306771.8816,487179339327.2041,10774004597674.771,1486506876142.5745,6782195938513.914,8220147244337.809,677241429836.2946,15320180006834.121,18636517272796.86,CRA40,M
177,2014-10-01T00:00:00,175838234393616.12,195959567986428.8,213308500011078.56,32864080191619.344,231455559576996.62,18147059565918.08,11.644,6.898999999999999,5.978,44.781,10.626,11.025,1233003697983.694,14717020625701.266,5774890523096.477,3627886185396.2676,5044636855852.815,349699170783.7624,69082847690.2589,218089439005.10974,6124589693880.239,3696969033086.5264,32410733557720.22,6961661934210.611,24837360623270.695,50035495082993.734,3371362977035.3545,8008321029141.891,104306038101224.19,13096759698457.623,52395604809747.57,97020638185458.02,24770247314404.484,168161213996051.25,184843253202411.6,2821459903639.1826,86260678652.83415,57829117951.27087,6880073352561.408,697079731662.7014,3686720802942.1343,4100651644311.7305,463259949860.83704,7677020397564.885,11116314784017.213,CRA40,M
178,2014-11-01T00:00:00,134763006785878.62,152594657330136.7,158273542834970.72,16656900883371.75,172877674795420.88,14604131960450.148,6.966,1.2970000000000002,1.173,12.324,44.771,41.625,1233003697983.694,2052768922921.601,3627886185396.2676,1835637436713.127,3063458618973.3726,69082847690.2589,6340613108.764839,118675517177.70288,3696969033086.5264,1841978049821.8918,18029428483915.04,7415563025138.0,11025476390324.271,62002497313735.94,748290777081.3303,5012638325451.444,96845710663874.22,9846304027097.592,21932641540403.047,52339225474236.44,25885786026574.723,129200665140521.4,145412429007933.3,3405474612021.3193,8653800101.158588,31485870736.217728,5400158594361.281,538652184973.4542,1412026676216.9026,1586728977626.2295,361389251524.0396,5562341645357.221,7182228322203.382,CRA40,M
179,2014-12-01T00:00:00,150326471108993.25,158961441293801.88,169952173743532.0,26622441684121.613,188051596731340.1,18099422987808.086,10.181,5.015,4.336,32.013999999999996,8.702,9.645,1233003697983.694,8523018696313.528,1835637436713.127,1848833351090.8635,2392601106586.492,6340613108.764839,43052129532.48562,110484339722.75182,1841978049821.8918,1891885480623.349,17207896311923.605,9896134427260.031,17302135529654.838,62240633587615.766,675411890847.2804,3083281665639.1045,103740316949394.25,7627689747252.246,24454772339056.766,68060900567128.15,21930703683488.016,141012505567635.25,150801204862786.3,4671402510638.1875,28875833164.693707,23707056210.974167,5841462697172.462,435526915058.10114,2061558504954.1929,4183329059450.746,228339395724.22043,9313965541358.01,8160236431015.568,CRA40,M
180,2015-01-01T00:00:00,152473676483229.44,150660021450929.06,162092107630289.16,31668435529089.227,183148682046859.6,21056574416570.434,12.447999999999999,6.547,5.477,33.509,6.56,11.095,1233003697983.694,10611861112518.793,1848833351090.8635,1504661840964.9797,2245448352112.886,43052129532.48562,113577559674.087,158248810431.17584,1891885480623.349,1618239400639.0667,8524560000234.157,10693040868523.154,20177380326768.273,49607662205486.01,900824378474.8364,3220260718795.851,84492371993930.72,8470405354656.55,31669734195658.03,79727345131502.56,23347134894492.297,141025673410440.97,140410065462555.89,4992079767551.376,32999990303.5839,28792753809.28972,6211036706204.957,874630291456.4856,3302206984825.9155,5552500259971.314,703712307038.7312,11448003072788.467,10249955988373.188,CRA40,M
181,2015-02-01T00:00:00,129122482684497.61,125996633633937.38,137510192286675.23,29102083045735.39,157575245094264.47,20065052807589.227,12.442,6.572,5.4239999999999995,31.052999999999997,7.965,14.421,1233003697983.694,9037030238146.164,1504661840964.9797,3999874356643.1206,2570795989050.3096,113577559674.087,415701156582.8948,193938976293.70148,1618239400639.0667,4415575513226.016,8708517300172.887,10053716482061.25,17109319465039.809,46748764264188.414,936209097898.5758,2060032738940.242,73350127673145.72,11608097921280.729,20974056457141.684,56826401739066.71,21140605236806.316,117243296663476.11,116400998464992.3,6143172215284.725,52682276121.13084,23740805579.45773,6344746153146.259,1582056186094.7947,2316386758020.9297,4130216814062.5166,881819981656.7595,11879186021021.494,9595635168945.078,CRA40,M
182,2015-03-01T00:00:00,194093943861965.38,182831202023467.72,206420021602599.25,48573872147278.67,231511979895251.22,25091958292651.953,16.189999999999998,11.376,9.209,48.343,4.612,7.797,1233003697983.694,23481913854626.72,3999874356643.1206,4193687422038.3994,3493164657548.7236,415701156582.8948,328504109668.72327,246083371244.29153,4415575513226.016,4522191531707.123,12325788034610.178,10738653694113.39,33419932645962.977,60107060995022.18,1850706725969.0317,2953101243927.74,108604287164011.1,11214897497544.574,38549313730498.25,105080645780738.06,19802093914119.49,179355705517232.56,168806401534597.88,6690826643471.672,105411243664.61063,33945081904.600777,8792015272845.568,792462464818.0664,4438005786383.479,7221004154538.467,689368185976.1814,14738238344732.805,14024800488869.84,CRA40,M
183,2015-04-01T00:00:00,235445689279673.56,195992329880055.06,231635762754120.53,65410175361443.58,256618959050964.56,24983196296844.0,20.909,17.453,13.61,61.805,3.737,6.906,1233003697983.694,40426979064599.58,4193687422038.3994,4973132309884.816,5035857161825.465,328504109668.72327,287502178856.6367,387755317955.4794,4522191531707.123,5260634488741.453,1712062622015.4297,6933956266038.204,48432038416129.75,59420976990712.76,2878155056435.412,6370084934099.6875,114668705155800.75,22278554504594.28,36239147854683.61,130726440014621.75,24444583961186.168,218796056444028.47,178230592028105.94,6146662732552.191,164316660172.61655,203906769473.99994,12373379436366.387,1817830641040.6792,4245610037187.6055,8481232692578.236,978431718222.5264,16649632835645.107,17761737851949.137,CRA40,M
184,2015-05-01T00:00:00,273379764442765.5,253251220257511.38,304718535960951.44,73101586530814.66,328325673939116.06,23607137978164.58,19.677,16.243,13.100000000000001,67.706,4.236,5.395,1233003697983.694,49494448552650.08,4973132309884.816,8318737646882.1455,6763561799764.592,287502178856.6367,480934929223.2604,358918200611.6726,5260634488741.453,8799672576105.406,32904942454759.9,6316826798697.37,59957954306801.84,74580589778228.38,3383971305269.0557,8343780065810.836,149447259523432.28,28428469607082.344,53477595240788.39,149170794946487.78,30133017937777.684,260523634397609.34,236441844007267.44,5118159175106.139,198264858108.85193,292939747515.98486,10708264516209.318,1640908571880.955,4924626828928.167,5804122550653.093,978220046997.6139,12856130045156.17,16809376250243.95,CRA40,M
185,2015-06-01T00:00:00,439720703802904.6,372608977632352.7,464483372406324.25,121897700179090.94,494890765405434.9,30407392999110.594,21.608,19.697,15.603,75.055,3.634,4.194,1233003697983.694,91490307179980.34,8318737646882.1455,14794608728784.705,11082169830659.033,480934929223.2604,805443341801.5804,532950053856.806,8799672576105.406,15600052070586.285,31178960503909.297,6316274449644.812,100365461252851.05,99873115421192.25,10606267340607.71,18407768898506.695,206735217625715.22,31956769613881.805,116093169117161.67,268431745872307.25,15888648341203.914,418669399805888.0,349323302424688.5,6869549064994.541,473010316025.5572,583985124059.5924,14079631082131.014,1632412144763.4727,8229258825832.68,11965357663199.027,503774983674.9531,21051303997016.633,23285675207664.203,CRA40,M
186,2015-07-01T00:00:00,330928169149466.4,319080817099248.94,404893509649720.25,107043100399144.94,429111178903765.2,24217669254044.92,22.708000000000002,20.456,16.179,77.376,4.221,4.371,1233003697983.694,82825431145100.02,14794608728784.705,12900531383682.352,11277456586967.58,805443341801.5804,634079782975.6794,486642651053.6809,15600052070586.285,13534611166658.031,68912638190954.37,4552106940299.289,91943643697558.89,44866604639741.73,50602987419179.21,58859941868568.875,92025446635732.34,77703222594962.67,48947133432185.17,135204386686408.62,108473767081382.28,316634155789681.9,300049334568479.0,3533817998194.4224,2610736861293.7266,1649164906496.0537,7090587356847.383,3367584696689.4414,3145443778610.12,5743445758404.556,6184714534018.702,14294013359784.473,19031482530769.934,CRA40,M
187,2015-08-01T00:00:00,423925855706555.94,327774861375617.75,468798085184141.0,171964103920724.25,494556964818740.1,25758879634599.094,32.474,31.186999999999998,22.817,85.021,2.87,3.302,1233003697983.694,146205224286125.16,12900531383682.352,10685972747890.75,13537959008232.246,634079782975.6794,485156651238.299,648812263072.5416,13534611166658.031,11171129399129.049,47690748187657.97,3374358324259.5527,152236615719733.7,76849408962720.16,25317753292826.438,33527271428184.883,144583579598712.22,72990884305178.92,75304109272066.97,221464882592457.1,60670054552910.9,404832447288541.06,305875496716516.5,5234443402455.061,1560406285507.0815,1295434754474.2285,11215148421630.516,3570911039928.6943,5146446492476.156,8992619221156.896,3977363459487.49,19093408418014.88,21899364659101.242,CRA40,M
188,2015-09-01T00:00:00,341215143443492.7,333249650017015.7,383718961983772.06,75581897327380.97,406651528924317.7,22932566940545.633,15.919,13.721,11.463,69.659,5.686,5.201,1233003697983.694,52649330386835.336,10685972747890.75,5770926742617.1045,9979236068854.346,485156651238.299,81363616114.50203,380291607107.63,11171129399129.049,5852290358731.606,39364997919960.94,6463449816113.666,61086138732456.68,83491345395536.03,5528503433226.84,11997090446197.379,184135054113409.28,22919787788281.523,110000130553304.95,208796317869791.78,17198208408757.148,327204541499806.7,316861896508698.25,4445532302139.512,193474041659.48578,205650496442.16745,10697258214587.678,1080020586655.884,5102417787943.725,8279398558448.426,394603464126.5666,14010601943685.99,16387753508317.455,CRA40,M
189,2015-10-01T00:00:00,152397745796507.7,168569526393301.0,191363290542760.88,33818058176820.21,205748878889666.03,14385588346905.145,14.507,10.155,8.63,57.462,7.793,7.534,1233003697983.694,19432469829915.066,5770926742617.1045,3595160256443.869,4885175480109.548,81363616114.50203,124581484056.22661,196780232440.8379,5852290358731.606,3719741740500.0957,33471701808476.895,5699047076159.379,27760563679705.54,41359439770593.31,5291345311644.742,10380901278758.59,86276515483530.73,15251672482661.11,39880931650341.43,79429601383494.47,28558774161094.566,146421614915507.5,160007566606611.47,2245919725090.144,275153576883.48395,187193540223.24796,4973446564478.779,578659114427.0428,2621990386749.7734,2964358501259.737,691369258577.5082,5976130881000.172,8561959786689.545,CRA40,M
190,2015-11-01T00:00:00,149291364966577.9,161003257204209.44,169433941483868.56,21644937987752.055,187425455318069.66,17991513834201.08,8.012,2.156,1.9120000000000001,16.878999999999998,26.972,26.175,1233003697983.694,3653424153550.9766,3595160256443.869,3069736622324.4917,3284682660242.6006,124581484056.22661,110568234367.13335,132819686886.62233,3719741740500.0957,3180304856691.625,14825879507374.031,9667265455714.457,13574627801454.115,65502747049424.734,994621166677.9835,4437585227170.268,97675334169900.16,11964506257612.094,26320974752010.703,59440797730129.08,27798646971501.09,141345636264336.2,152789577060089.94,4595727291877.312,12735809048.256382,20838759613.052513,5854243504534.347,876646249168.364,1904173855457.4763,2452516401582.9844,442526975079.4114,7945728702241.713,8213680144119.491,CRA40,M
191,2015-12-01T00:00:00,132253471786779.03,134180562910808.17,141529944018238.8,22741657773099.777,160052724799750.97,18522780781512.16,9.944,2.981,2.568,18.551000000000002,17.299,23.502,1233003697983.694,4218876991587.618,3069736622324.4917,1896270188407.2712,2354317594188.6465,110568234367.13335,173815822672.43112,133270677689.90347,3180304856691.625,2070086011079.7024,5035749270004.848,9728508120543.754,14073567757319.354,56765776406808.64,918833218804.5391,3788448309739.6436,75538315492601.3,13924122022504.418,17514227403586.342,49217603266313.03,31588729957520.01,123695950005365.73,125560106072512.2,4902696298834.879,24183174963.730118,54653875466.29602,6030814600791.008,1531484000700.5762,1706107131694.9585,2068687606411.5405,859351930846.2767,8557521781413.291,8620456838295.973,CRA40,M
192,2016-01-01T00:00:00,115120593377422.08,114842701844906.48,124000663385213.61,23090731608814.438,140191782683906.72,16191119298693.102,12.009,5.564,4.691,29.880000000000003,9.237,16.475,1233003697983.694,6899612310121.336,1896270188407.2712,2785113294884.6777,2055893292351.3574,173815822672.43112,215253211404.79462,152785268921.50073,2070086011079.7024,3000366506289.472,7552001272815.512,7457839960733.555,14890874371977.191,43921431268163.11,838858350154.5951,2580647955913.98,68428134490414.34,13520657165894.354,12532174715095.916,47071815573285.82,24525508162686.88,107094551963257.27,106324675718351.73,3778904425955.8486,25609145622.877483,32602718785.265747,6452076683568.343,1444025940132.067,1496739141441.1836,2770508329291.636,543601155922.3448,8026041414164.816,8518026126554.749,CRA40,M
193,2016-02-01T00:00:00,155085175352838.4,154843622071705.7,167079160834271.25,28007588858675.63,185865445441624.38,18786284607353.133,11.347999999999999,5.519,4.727,32.924,8.836,11.961,1233003697983.694,9221304251322.496,2785113294884.6777,2773259610822.8076,2809742924395.7847,215253211404.79462,235755467375.92072,158467513427.82098,3000366506289.472,3009015078198.7285,8988399542099.031,9052660262406.238,18960148029313.703,62029586901662.27,774483530361.2483,3110913827119.549,101727982597749.22,10441449630923.02,18810635697964.965,70671037375176.42,24032651368059.273,146252987734881.28,145345753194134.72,4646421851418.631,26129144878.097122,47165505434.226715,7046934842224.979,563969133780.0432,1860489316568.0564,3574631127324.2305,564315573899.8406,8832187617957.13,9497868877570.973,CRA40,M
194,2016-03-01T00:00:00,195507496336948.38,177136476341051.47,199140803768918.88,46332387649736.35,223594670575973.7,24453866807054.812,15.886,10.986,8.913,47.221000000000004,5.347,9.9,1233003697983.694,21878520842681.54,2773259610822.8076,4387571305443.769,3773501043399.6323,235755467375.92072,314218836021.24243,291120686272.7576,3009015078198.7285,4701790141465.012,5200275910050.922,10120981540032.043,31635422553425.19,59302511858623.07,1458593804988.9106,3561070481992.6533,105848790298772.25,18690650184605.582,26849211931833.59,99492054182791.8,28961213874455.203,181046286708013.12,163117809910049.94,6416972686285.061,84813991250.35956,69202947962.8403,9875429688382.281,1576902201248.795,3104248146193.4854,6398131793438.543,954174605175.403,14461209628935.238,14018666431001.527,CRA40,M
195,2016-04-01T00:00:00,258694127059445.38,221026466376202.16,261271404796414.03,68352476533323.555,287718494070702.3,26447089274288.312,20.334,16.039,12.713,61.30799999999999,3.734,6.06,1233003697983.694,41905387259035.24,4387571305443.769,4379849229007.984,5215323645641.271,314218836021.24243,283702610730.6772,352725599937.2061,4701790141465.012,4663551839738.661,4199488274065.6797,8900391995218.85,53128083859542.66,76634060398707.97,2261146207523.221,7616713057630.28,133203829158870.47,27219735125930.06,29610712182647.29,132313444639417.4,38687784158822.41,243783953221685.72,203763471707863.38,6808692478830.942,146957550378.45667,195264007741.16815,11938193167474.955,2090436660922.3691,3444380059075.297,5815780690265.18,1733463891410.0732,14910173837759.658,17262994668338.781,CRA40,M
196,2016-05-01T00:00:00,295244572172721.06,252722479094226.9,309444513898925.0,83126318500364.58,332830364983503.9,23385851084578.875,21.982,19.306,15.218000000000002,71.867,3.634,5.016,1233003697983.694,59740467415785.7,4379849229007.984,6416207889156.771,7003594810804.449,283702610730.6772,345686507959.9256,402797215033.9274,4663551839738.661,6761894397116.697,19316716894669.594,5324760279508.016,68021231212652.32,65086947902746.164,6374340979229.286,14156881392298.996,132471486370094.88,32032140898829.2,57259030378183.22,169147217301865.12,38902217069608.59,280423187495739.47,235007074797115.97,4693117373170.591,361115826413.1887,374865343124.33075,10792310257332.172,1707468171015.713,5302737307084.207,8045933789670.946,1259240906281.3645,14821384676981.58,17715404297110.934,CRA40,M
197,2016-06-01T00:00:00,368920669560214.9,279139339467899.3,402722992023419.7,142998520001197.0,424289333824549.0,21566341801129.33,31.647,30.153000000000002,22.252,84.918,3.077,3.639,1233003697983.694,121432178200067.67,6416207889156.771,14056002849518.85,12454635859120.89,345686507959.9256,837363666951.817,613717511957.0349,6761894397116.697,14893366516470.666,39782320227106.08,2805658768410.999,127450969071768.06,75719263175858.2,12736449527397.168,24832988132368.03,149978056610420.3,57922238742680.56,61331728240548.47,195244315087839.1,37169785723766.875,353718805138745.9,261216020102132.8,4300193273682.901,707414077922.0769,873854636673.9314,11069507711096.367,3044108421748.7603,3965217700427.099,6983708089363.428,2181179876320.9656,15201864421469.02,17923319365766.508,CRA40,M
198,2016-07-01T00:00:00,491284322440808.1,350349172367158.1,518196924527263.2,200251551732429.2,544425966656950.75,26229042129687.53,34.243,33.582,24.221999999999998,86.902,2.749,3.32,1233003697983.694,174022509602741.66,14056002849518.85,13222655999491.883,15431301878274.875,837363666951.817,619555564102.7424,776636353163.6901,14893366516470.666,13842211563594.625,32036204576215.625,2790931362032.035,177443651364165.88,87785571885502.62,26304357978203.945,41113714355476.266,140610846680781.0,63481261943360.95,106157383704424.22,276933237555156.8,54458028800196.234,469313785739496.6,327530617163605.4,5522975059119.473,1648446714435.4546,1951855102345.4468,9498456800265.137,3192559945236.661,6456301103483.409,11303146594609.93,5215350585368.719,21970536701311.51,22818555203552.72,CRA40,M
199,2016-08-01T00:00:00,392944101765123.25,338714583715981.3,432289892690283.1,114498357985490.97,456824713204428.4,24534820514145.234,22.563,20.811,16.453,78.572,5.006,5.312,1233003697983.694,89963537471345.73,13222655999491.883,14519290453312.86,14527247560938.434,619555564102.7424,884728999373.0424,642376655381.0858,13842211563594.625,15404019452685.902,37295827311295.15,5167250487618.823,97538859548142.31,59771937468824.6,48549295770866.914,89351852500944.77,52454718930429.31,29338003466366.816,181154428714857.72,198142365455741.16,38073299272674.05,376604158891877.3,320231742688828.0,4064590994755.8643,2796531474296.883,3588494460798.2847,3276581583493.0664,1215890290990.1414,9987270037828.656,7470967126701.624,2422457931534.734,16339942873245.914,18482841027153.34,CRA40,M
200,2016-09-01T00:00:00,356684996562632.75,305346638120742.94,397641867070733.06,123640660511242.1,421939838891969.3,24297971821236.266,26.672,24.983,19.057,80.348,3.29,4.013,1233003697983.694,99342688690005.83,14519290453312.86,7264766183207.318,10893101403027.01,884728999373.0424,203094913479.95523,553746569490.9465,15404019452685.902,7467861096687.273,40068171892117.38,3064466512099.399,106060873162439.77,79062502004135.31,6463938846557.326,14026438176956.121,188575172428460.03,35600334562796.04,64574564750907.02,211300663469315.9,24702551699161.67,339989938213203.44,284316227725086.0,5176291015193.681,242306409915.87598,312988846846.2071,14987658992893.643,1890110525218.499,4759881360671.254,9315667962170.898,1040563632176.1394,16695058349429.285,21030410395656.914,CRA40,M
201,2016-10-01T00:00:00,237253215755199.03,238628694023582.22,266500805906996.56,46709761487535.125,284824327753256.75,18323521846260.21,14.076,10.651,9.063,60.772000000000006,6.162,5.67,1233003697983.694,28386239641274.914,7264766183207.318,2973259974391.0938,5642089353017.52,203094913479.95523,88342891659.52638,216314364996.56525,7467861096687.273,3061602866050.62,25355459679021.453,5622320382078.967,37511710481544.96,61118617303245.36,2493418572389.372,7810677961004.0205,138732422818262.05,9922650589602.285,64421426133092.14,149406313808837.16,20368567927316.938,228258259662688.8,226015835451060.5,2852832599404.048,64258029627.49531,66460045477.74609,8262576138225.844,379617118005.2542,4097755949877.715,5696046329623.165,188268454790.66547,8994956092510.213,12612858572521.719,CRA40,M
202,2016-11-01T00:00:00,141742286310528.9,157621103511528.8,164121745879539.38,17332366155338.676,179054412033615.8,14932666154076.418,6.214,1.462,1.322,13.844999999999999,34.85,24.709,1233003697983.694,2399700001262.2573,2973259974391.0938,3815683952372.127,2787656107271.3555,88342891659.52638,240988574772.67368,82352903623.2448,3061602866050.62,4056672527144.801,19273586863356.35,7177993032371.182,10198642962571.014,59590091260685.69,1182917245292.273,5959359558573.989,99720107734330.19,10286138408676.031,24479946455188.65,58861316781485.055,24724447529785.133,134696906009420.77,150107418964596.25,4188954864242.275,21032942576.238907,28924078097.9535,6027971177198.378,855561208200.7225,1342476977863.8806,1971940150567.183,122203449294.06302,7045380301108.135,7513684546932.562,CRA40,M
203,2016-12-01T00:00:00,122513093956293.14,132385175667326.19,137854613066570.17,13846179856580.836,149991041522589.5,12136428456019.32,6.052,1.24,1.127,12.348,41.455,34.259,1233003697983.694,1709751400561.5151,3815683952372.127,2579105352936.415,2286353908983.1426,240988574772.67368,275234637890.1842,78728252880.99084,4056672527144.801,2854339990826.599,10379500575276.363,6408416715131.746,8343109149304.962,55073147559174.82,1248164982221.0315,4792755454244.602,76959398661379.64,16523832998343.2,15866571996229.49,40861275812027.31,32858262924498.633,117251011823789.94,126932398564328.8,2715607281541.503,14059628915.588078,25696816864.008915,4154086619023.4067,1373128773071.446,924633720387.6923,1147649261026.2437,359997134670.70404,5262082132503.201,5452777102997.391,CRA40,M
204,2017-01-01T00:00:00,138194704228306.81,136912773989971.97,145242221863752.3,28102229050770.52,166200758191629.97,20958536327877.63,11.388,4.918,4.1209999999999996,25.419999999999998,9.611,18.306,1233003697983.694,7143692722892.89,2579105352936.415,2575646309246.4414,2214863151533.7964,275234637890.1842,255815305229.15717,175768404471.30362,2854339990826.599,2831461614475.5986,5838884108207.044,9917009614479.346,16539512972703.035,47957632158953.71,1172417582247.2434,3589522741907.4883,74647786773479.92,3760685589876.4624,35591421428948.336,71599382297391.84,14715436797127.342,126907222788129.52,126127062581802.84,5860971865049.385,84946115714.04677,43776853476.15764,6320067202480.222,511892500358.6292,4162121797735.462,4870840221293.129,218576292239.39722,11287481440177.3,10785711408169.129,CRA40,M
205,2017-02-01T00:00:00,140349752246475.23,140242244423014.78,150121864500614.3,26640035310152.863,169299300036955.97,19177435536341.64,10.928,4.971,4.222,28.012999999999998,9.944,14.089,1233003697983.694,7462599773811.225,2575646309246.4414,2915532636600.042,2650181994011.218,255815305229.15717,162545426145.96094,156464383859.70993,2831461614475.5986,3078078062746.003,7601708398621.173,9574389627115.896,16404587924079.25,57229068063359.66,895473131274.3792,3177880301914.655,78515305686824.86,10893217822951.78,25511044542889.18,59069953977404.695,25879920578946.598,130370120165630.78,130801743939935.0,5690042334209.12,44656654381.062386,54242016487.25912,6171609674271.487,1032916555068.2432,2526836039730.992,3202431175079.8364,697398114696.242,9979632080844.457,9440500483079.785,CRA40,M
206,2017-03-01T00:00:00,220018189890733.88,191891139501978.5,218177647932858.25,54610480994740.56,244548497568977.28,26370849636119.03,17.822,12.943,10.352,51.711,3.732,7.241,1233003697983.694,28239631358621.53,2915532636600.042,4688105859645.971,3399767587162.91,162545426145.96094,296108656856.9189,274832232276.18295,3078078062746.003,4984214516502.89,2018717423623.0312,8790586214637.211,38882557335858.69,66373460979037.195,1017220564504.3127,4642767230783.05,113483579402935.78,17736063371176.855,29982559625858.793,115700520077000.89,30123625144054.734,204452811657997.97,174606984737353.6,6524596195317.083,48550630836.864845,109418977969.83345,11872612697642.865,2019081252249.896,4151088096851.951,6912281807199.1045,1211903339293.216,15565378232735.916,17284154764624.898,CRA40,M
207,2017-04-01T00:00:00,236073292135961.12,203445652981693.66,251220533416789.88,70504303681570.53,272477337146381.8,21256803729591.953,22.731,19.603,15.307,69.85,2.946,4.429,1233003697983.694,49247499951978.58,4688105859645.971,5785589124531.696,4835398032442.732,296108656856.9189,446291614604.7701,302940265809.532,4984214516502.89,6231880739136.467,17867527020344.695,5694217504987.909,57105585920563.81,62519165621725.555,2955258782925.3936,7988371547178.426,117238570663277.22,27067193424620.492,35940708619592.0,125395952438286.81,32194820305899.754,222970683031811.3,188329358371694.38,5186013563343.47,142398220459.2589,263302091400.60175,10071728792810.299,1841251115029.6577,3818600869704.5156,5812042334376.078,1083566727025.2104,13102609104149.807,15116294609999.285,CRA40,M
208,2017-05-01T00:00:00,298991292525269.44,248894397511535.06,317964758900824.75,94302707822390.88,341325378834371.75,23360619933547.03,24.703,22.311,17.208000000000002,75.228,3.331,4.936,1233003697983.694,70942087888843.84,5785589124531.696,9008447947714.6,7621922996208.682,446291614604.7701,429436054577.4305,470670475608.9407,6231880739136.467,9437884002292.03,24051196138265.03,4446591608787.171,78546505711757.55,65452943893952.57,6982976072920.674,15109955116938.404,137156360577077.58,39099189408400.9,54540834298967.25,164019293609949.0,31729634292387.14,283681382029240.9,230409805241352.62,5138424112092.932,413883837533.95197,469855662585.3588,11302928329417.793,2246474311273.0986,5698329815541.871,7455156410077.178,1069450287688.8075,15309910496028.566,18484592270182.42,CRA40,M
209,2017-06-01T00:00:00,406618659355423.75,334743970878665.75,450940646315158.44,143193670985306.4,479251249393894.06,28310603078735.61,27.425,25.476,19.336000000000002,80.229,2.908,3.596,1233003697983.694,114883067906570.8,9008447947714.6,15516253607507.453,11136161094983.242,429436054577.4305,867491874511.4728,573772494320.8104,9437884002292.03,16383745482018.926,49954240909539.71,4454139157809.292,123669393875400.03,83704870600915.3,10255727488761.016,20154329420332.67,182645719716475.3,53659885427716.79,84382729864793.48,230004732851130.0,34470821762221.152,387523818300094.8,311754998832250.94,5759132525291.578,522884580170.5707,605220536659.0182,13884855499703.678,3127325987801.593,7162623867246.828,9603162005576.768,1418608099293.7542,19094841055328.957,22988972046414.83,CRA40,M
210,2017-07-01T00:00:00,439768596819996.6,298133473506839.9,412333181579331.9,140788508674088.34,435531155006838.6,23197973427506.734,29.343000000000004,28.518,21.259,83.523,4.069,4.923,1233003697983.694,117590535246581.61,15516253607507.453,12917604508144.857,15433894420365.928,867491874511.4728,609297225487.829,778074326091.3522,16383745482018.926,13526901733632.686,-26901431814961.36,2880312549704.798,120990467216661.28,63359812500562.6,41847521861802.06,70562600318176.7,83101774783715.27,64148062255435.75,100558254716541.73,222767572162905.9,52917558492466.68,420838047237081.0,278425109854525.75,4069196700006.125,2837750525946.0713,2866913716219.0605,6175703763521.011,2906374037665.132,5966646152214.281,9088065129025.285,4728263210632.771,18930549582915.6,19708363652314.133,CRA40,M
211,2017-08-01T00:00:00,415224834846842.5,333423794261292.56,441360145068995.25,130688032626397.48,465222653695704.8,23862508626709.547,25.537,24.204,18.674,81.741,4.268,4.656,1233003697983.694,106825523999687.94,12917604508144.857,14259846272117.766,14707041362019.748,609297225487.829,936910268587.8004,668509602241.799,13526901733632.686,15196756540705.566,26694338221210.875,3890773609164.6143,112711329284542.02,83773457381172.48,23295950692329.473,40677864729311.32,130061320049505.47,45414163059837.2,122460801022736.0,227991943560153.88,38570897747764.49,397857428730474.9,314388969512335.44,4617311670385.777,1447275211425.1333,1740069142981.313,8793213064441.645,2028669333091.223,6015199031613.581,8981355969909.33,2779137441476.7847,17367406116367.643,19034824748957.145,CRA40,M
212,2017-09-01T00:00:00,368265198862484.2,355357212440608.4,401839421881808.9,74951533243171.62,428016607842801.1,26177185960992.28,14.445,12.138,10.23,65.075,6.603,6.565,1233003697983.694,48774347282179.34,14259846272117.766,7942391498434.275,10734610180808.404,936910268587.8004,395116449195.76044,444696850815.3445,15196756540705.566,8337507947630.036,29007112267227.953,6277283427939.966,58044604026622.85,87739001747366.31,8460204278123.805,14538151825048.531,190204666334575.88,22293790058233.6,120545336952683.02,227724236283874.8,16642218791369.14,352295179914523.25,335852426356751.8,5126228935879.117,306084531722.2016,266684047639.2488,12364348206920.734,1072268574499.2805,6543049539345.52,9504837389943.318,291303805868.0807,15970018947960.965,19504786083856.535,CRA40,M
213,2017-10-01T00:00:00,236419778445417.22,238976270339478.66,257038036338568.78,37091928868832.44,275557730636554.62,18519694297985.805,10.73,7.225,6.314,50.071,9.35,8.522,1233003697983.694,18572234570846.633,7942391498434.275,3316884531433.26,5601340227296.693,395116449195.76044,177611012906.4705,212730717153.85352,8337507947630.036,3494495544339.7305,16285714061617.758,5508014597365.398,27578950155370.797,50650899824508.445,3019178211468.9727,8628200330502.639,134293897892185.27,9760947062755.459,70802020919300.19,158261868963384.78,18027104628810.293,227301916181151.34,226142201651764.72,2257988481690.5747,84188217917.41248,138667069498.4795,8264255647993.992,316240676041.40826,4367367894349.588,6404966037035.415,118256927452.93669,9117862264265.877,12834068687713.93,CRA40,M
214,2017-11-01T00:00:00,121671180401885.78,138996821697918.38,144961936314520.53,16222185362344.602,159030465302868.16,14068528988347.645,7.631,1.486,1.336,13.276,40.868,41.402,1233003697983.694,2153656373996.958,3316884531433.26,2252417477110.123,2933854755681.042,177611012906.4705,106662946497.92955,123842072342.98401,3494495544339.7305,2359080423608.0527,18343882549297.87,6612793939043.451,11061769242298.287,46470065736973.14,1208157524182.2422,5173915702446.548,83447512867965.62,8779226967955.323,25280076419663.566,56265166887370.92,21712002783300.676,116688375294745.94,131647749595112.11,2747138077236.0894,24184866149.450493,35804882386.104454,5301318673738.977,564304863694.9825,1724480337873.1006,1635557283822.667,299088225044.7359,4982805107139.844,7349072102806.264,CRA40,M
215,2017-12-01T00:00:00,161554695330865.28,176174764992544.4,183500097744357.88,21807844801509.086,202810463431105.4,19310365686747.516,6.947,1.361,1.216,11.452,34.672,28.6,1233003697983.694,2497479114761.5703,2252417477110.123,2066336439761.986,2793291347512.7754,106662946497.92955,138352465366.58167,96003724230.68973,2359080423608.0527,2204688905128.568,16963157257961.207,11682915865557.912,12748093667874.506,67986396909583.445,1000737584934.9972,5053795880091.148,112381977018808.44,6613692309801.111,33033095731168.496,72947722044252.9,22269857301809.438,152601607143728.62,168685667636721.38,5030008902627.457,19797402799.408802,36978728410.46409,5267678044456.935,449732119543.82794,1995032806689.3447,3436368436554.902,206589101877.33542,8953088187136.65,7489097355823.023,CRA40,M
216,2018-01-01T00:00:00,131960778237387.08,138121294896121.2,145674191361865.4,19872411704679.773,160630317518255.03,14956126156389.629,8.629000000000001,3.375,2.97,24.739,12.756,12.944,1233003697983.694,4916285548290.144,2066336439761.986,2407247989238.9316,2022917810357.3564,138352465366.58167,70275199915.71815,85529981060.59647,2204688905128.568,2477523189154.65,11349636491050.355,7461287257973.078,12570212175006.098,59778688129173.984,810576471239.2192,3804663493152.4546,86989187613510.62,11090963044812.326,21423585350445.492,50122616505941.22,21473381762425.04,124796931173079.98,130696731197620.38,3978057462925.3203,23323307182.334427,65769383868.21188,5557824010887.375,616520498716.5767,1670434405038.3118,2503499718796.9834,172981975392.8054,7163847064307.092,7424563698500.826,CRA40,M
217,2018-02-01T00:00:00,174184688025178.97,162181287850173.12,172717455551420.34,35849702511571.87,199193376564717.12,26475921013296.773,12.205,5.427,4.494,26.147,8.613,16.463,1233003697983.694,9373781498275.094,2407247989238.9316,3349309881516.0723,2883580199484.2734,70275199915.71815,182594044720.93158,229640700134.4298,2477523189154.65,3531903926237.004,-1575237939648.4258,12399704875469.418,21080479912837.6,62843902169213.26,628700751349.565,2255834695428.456,105051198984334.28,12495529360381.248,23438092705668.516,81890474401337.48,19169673315714.33,159485740626360.44,148287665757066.7,7332140139575.926,36561060072.77159,40149721848.939255,10324950542509.395,1415154756365.3533,3026438986692.6963,5911502781028.327,505671503831.56287,14698947398818.545,13893622093106.426,CRA40,M
218,2018-03-01T00:00:00,155033925390891.0,136770603109526.5,160335258359755.94,41380981390018.53,177958685599278.03,17623427239522.1,19.807,14.817,11.777999999999999,57.412,4.302,7.936,1233003697983.694,23757554150496.43,3349309881516.0723,3047573661954.242,3296674909513.7993,182594044720.93158,226518073902.57095,253419727965.89667,3531903926237.004,3274091735856.813,5236419678751.734,6156087608126.539,31757903145768.18,43743027622776.83,1911890525049.2026,4931336904261.372,73548287603779.19,14828880845189.182,22399773136699.77,82090195819134.22,27669830286505.355,145593441191361.6,125529781552033.52,3997551638568.881,122028118007.55946,177275951606.669,6994291405029.288,1149180445413.749,3094777848726.6577,4116476163940.121,1029724185729.485,9440484199529.42,11240821557492.99,CRA40,M
219,2018-04-01T00:00:00,188029333828504.28,160069708337209.97,192151358023518.75,50008108368611.55,209502624956550.4,17351266933031.64,20.338,16.994999999999997,13.486,65.303,4.469,7.087,1233003697983.694,32656841435579.906,3047573661954.242,4740659647284.412,4864983906624.566,226518073902.57095,371153216862.5764,321430906437.81177,3274091735856.813,5111812864146.988,6534937072575.766,5240950317310.663,39080153437882.76,50290922328278.375,2918749645844.371,6487617919436.574,84459605613847.44,17370863601152.19,35268445624954.31,103178493122810.94,25683744053705.43,177327896971678.06,148330544938351.56,4176340570074.1484,162962104737.14395,176259814793.72604,7020519367122.268,1004115115322.3777,3338298685839.241,5344721356635.966,1217383241159.7405,10701436856826.217,11739163398858.393,CRA40,M
220,2018-05-01T00:00:00,277570093284389.6,245269672262015.8,295399652930718.0,72331854674795.33,317492751718458.9,22093098787740.906,19.743,17.007,13.661999999999999,69.45599999999999,4.111,5.305,1233003697983.694,50238755887054.42,4740659647284.412,7712296588129.85,6661784415868.465,371153216862.5764,441391236973.4836,358229849153.8667,5111812864146.988,8153687825103.333,20980209825636.97,5749897465791.606,58319494165548.17,70165903734896.305,3953115770534.7065,11197609280325.945,122855223618908.38,21311821035423.04,68157170685983.45,161253551941359.75,34402352101613.48,263928885992005.03,229367862177040.0,4777854396483.843,175391223919.93134,350266984405.5635,8767370623759.285,1131955762024.468,5784968676317.444,7381130149470.698,1174079560979.1355,13641207292384.574,15901810084975.797,CRA40,M
221,2018-06-01T00:00:00,380781256645627.5,324382327240771.75,418009064429893.8,113003862452293.52,442430152542849.44,24421088112955.625,23.034,21.192,16.682,78.389,3.933,4.214,1233003697983.694,88582774339337.89,7712296588129.85,16658301807461.223,11613547814114.035,441391236973.4836,847217017670.33,518410885619.343,8153687825103.333,17505518825131.553,41535675934510.39,4256444789417.879,96285861687528.2,79527476549780.0,13697035870737.936,34947496248963.11,145357318048576.62,41449191897436.46,107807926339570.08,208580482421656.12,38202620676019.72,364504647117835.7,305064900934904.4,4558088567769.926,763910712652.9923,1390506892037.996,10155847234892.545,1927648283601.8015,6663799141871.926,8400365784382.1,1733869216449.9224,16276609527791.822,19317426305867.383,CRA40,M
222,2018-07-01T00:00:00,478893318631541.3,328034660492951.75,511571996016058.6,208726016544048.2,535763992902092.4,24191996886033.844,36.561,36.071999999999996,25.618999999999996,88.41,2.663,3.166,1233003697983.694,184534019658014.34,16658301807461.223,16842050022289.96,15849260845489.281,847217017670.33,1104213859955.3174,785278109327.5514,17505518825131.553,17946263882245.277,34116106576538.47,2746939418948.1934,187036129107947.28,96581923954879.23,21627472276294.49,43206265897093.2,126517952980848.03,57655360227672.15,115847206133812.67,260607098133466.2,43701185494866.19,458050648213110.75,307693816885821.4,5941088568173.32,1355247897110.439,2039507659972.0557,8264289357354.845,2404301806408.584,6827426224486.149,10457772383876.617,3893880128178.9453,20842670418430.58,20340843607130.38,CRA40,M
223,2018-08-01T00:00:00,413616842885012.9,291044083178860.06,440388771226370.0,171891082432766.75,461809223607020.0,21420452380650.03,34.738,34.168,24.575,87.53800000000001,3.256,3.879,1233003697983.694,150470630052116.72,16842050022289.96,15082538100938.242,15802358315871.773,1104213859955.3174,681809375533.6437,784580822270.7832,17946263882245.277,15764347476471.887,25715953940190.5,2019343389075.4722,152981449562612.6,70761815809286.34,35737286153303.94,64529482518493.0,75148113241515.64,58621940622656.29,99457929803962.97,201898184924378.4,61981454364036.59,395811423874814.06,272324783562819.16,3952399417401.2485,2716735887883.3296,3160830476468.785,4662340327087.401,2698337976890.9766,5530062195335.908,7993851139437.832,5810161205734.281,17805419010198.844,18719299616040.92,CRA40,M
224,2018-09-01T00:00:00,366439738046226.6,352841189361817.9,434084884595650.0,114326992232888.95,461267556527431.94,27182671931781.938,22.174,20.075000000000003,15.89,76.224,3.863,4.138,1233003697983.694,87144320301107.02,15082538100938.242,6647909857055.5205,11220696026463.166,681809375533.6437,253083475368.88712,500844989296.45074,15764347476471.887,6900993332424.407,64682417472650.78,5271630081627.535,96253743751562.03,94892184604250.86,12167735508063.98,16387196554515.742,179478883456451.84,30918899244609.72,118245207042537.97,206850018537057.0,21291404979978.582,349048298940433.4,331183230987032.4,6270618733409.289,748678683117.9778,693308242062.9639,12615592660210.996,1803749282313.6846,7444816065000.288,8623762848007.341,848870966456.254,17391439105793.277,21657958374785.516,CRA40,M
225,2018-10-01T00:00:00,187413988276742.34,195379050879737.47,213613831433756.22,35705317526929.484,232543443591986.4,18929612158230.21,13.108,7.853000000000001,6.729,46.983999999999995,8.281,9.988,1233003697983.694,16775705368699.273,6647909857055.5205,2765650826611.437,4481433484733.941,253083475368.88712,45168530498.69767,225206877396.92682,6900993332424.407,2810819357110.135,20650593996380.152,6353496334535.501,28000077020603.297,55494120252814.05,1946342878227.7542,5518400147652.453,124041213705294.97,12973053588984.35,38598591332873.48,105976257256334.19,18261955670145.273,179961831245785.03,182848103586541.47,3292160639487.5093,69381725219.06717,98979395478.818,8714788295562.169,706704609938.4236,3597564050607.414,3354312386052.5483,149213221807.35236,7452157030957.299,12530947293196.002,CRA40,M
226,2018-11-01T00:00:00,161386540296437.3,160791026414960.03,174405003679815.44,31603711899296.16,194131635433534.94,19726631753719.5,12.837000000000002,6.81,5.765,37.580999999999996,7.619,10.177,1233003697983.694,11877080145576.66,2765650826611.437,2275767075465.4453,3016436391638.7134,45168530498.69767,127414150506.66457,167884166489.98672,2810819357110.135,2403181225972.11,10873928132961.363,8548290111221.442,22389137681381.33,68005583092222.79,816900785481.8401,5530665174846.925,96690835584038.28,11985521506962.078,26678595665399.703,66695364834989.414,25553766888048.83,152217134609021.2,149740098922968.66,5597272370593.613,16901524595.990591,51927864281.2659,8069154370647.064,814276714058.3801,2766863902261.4746,2705928738482.876,198007694486.85715,9169405687416.135,11050927491991.387,CRA40,M
227,2018-12-01T00:00:00,141125314472351.16,139722832416712.8,149938065585899.0,26596455140511.848,166944072497096.66,17006006911197.652,12.224,6.396,5.433000000000001,36.059000000000005,7.226,10.982,1233003697983.694,9590448229314.195,2275767075465.4453,1751414666355.9468,2235636491150.7603,127414150506.66457,66373705245.573555,141560960523.10345,2403181225972.11,1817788371601.5203,7602573319305.24,7075198505302.86,18328253203479.457,45636859274135.41,663289951258.6416,4361886804733.6714,89198968420048.45,7355419868089.274,23141356124313.996,75630360738867.08,16854783220442.479,132984526685825.44,129858397716063.58,3380814966025.755,28606882754.112965,54875742021.68169,7049749808972.478,619709486366.9667,2623536661889.068,4085387592111.3237,162541347033.56128,8140787786525.727,9864434700649.22,CRA40,M
228,2019-01-01T00:00:00,153163704202164.06,145222083187740.88,159592292246049.06,35485553947390.04,182049133967304.25,22456841721255.19,14.626,8.164,6.679,36.716,5.404,11.687,1233003697983.694,13028712226134.848,1751414666355.9468,3011165617978.134,2271299268751.252,66373705245.573555,281813196466.2163,204666803709.37085,1817788371601.5203,3292978814444.35,6562281654554.484,10192827084039.11,23341244881079.938,45193891095961.67,1060922556188.302,4462974910809.551,78253365882597.47,6349608545418.243,38921296456228.27,85079294288910.08,15004296851976.975,141085768841099.53,133239881746991.0,5262745530312.522,80490568651.96092,59425329631.93387,6766222963690.301,1060658991611.9241,4902557581115.342,5695105509508.147,232930327292.2675,12077935361064.527,11982201440749.871,CRA40,M
229,2019-02-01T00:00:00,208267662379560.62,175947490101054.88,196716356869324.84,54998787974945.83,224302328949871.8,27585972080546.96,18.241,13.935,10.89,49.842999999999996,2.936,6.808,1233003697983.694,27412815894398.867,3011165617978.134,1888245731914.069,2874436011221.806,281813196466.2163,172784320916.46582,277699645070.93054,3292978814444.35,2061030052830.535,-6139305145720.715,10409924323248.867,35883884472737.56,59193497844409.25,887664193339.7227,4382082227628.483,104221437622707.88,5888211731103.176,40616468251962.73,119970780270677.62,13218656596662.887,189434572073818.56,158944226664673.22,8476758909318.607,66206364370.13489,102933532068.70213,11097867736141.303,953902209904.1449,5410375116545.409,9299495654450.602,428814219324.7961,18833090305742.055,17003263436381.645,CRA40,M
230,2019-03-01T00:00:00,199059005718590.0,173911219745171.44,194253749629277.22,44385831221628.45,218037175877429.5,23783426248152.26,15.664,10.606,8.633000000000001,46.417,5.033,9.523,1233003697983.694,20602404973476.19,1888245731914.069,4495138193033.231,3345056447661.551,172784320916.46582,447702604782.91736,263691538742.95602,2061030052830.535,4942840797816.148,-1663570254956.75,8755803543191.268,30427311791250.6,57681256175077.96,925353724872.3464,4980717360247.238,105589187531469.58,13163380471376.244,30880240034744.492,109447916602427.16,21936518353906.96,185273270609128.62,159331299644993.38,5863738566124.343,62724230337.93835,108840099535.49962,9931080148697.77,1320174180984.5896,4029931133706.959,6492982262816.951,556184587435.4015,13785735109461.383,14579920100178.068,CRA40,M
231,2019-04-01T00:00:00,184417191477812.4,163269122653118.38,194476042305646.7,46652268271603.0,211807102507145.16,17331060201498.469,18.689,15.076999999999998,12.16,62.851,5.052,7.376,1233003697983.694,29321208070104.53,4495138193033.231,6225654722584.882,4937441110291.516,447702604782.91736,406031643603.43304,300395806929.93964,4942840797816.148,6631686366188.314,9861984813782.648,5560645720449.883,36345647767388.6,47477013249506.49,3356432753625.177,7105943262844.691,82613323766109.62,19047538257262.59,35301383517823.44,100927778808767.16,30633599778114.992,174558273578380.94,151904739815673.22,3440615193420.4897,227837704215.27612,159183361247.9345,6757773285839.29,1227390222227.3938,3191010063748.4663,5031729122535.663,1187761783642.1196,9858917899431.482,11364382837445.152,CRA40,M
232,2019-05-01T00:00:00,297863617107933.9,267765295632825.47,317488549616641.94,77602159044826.77,341937275295720.75,24448725679078.844,19.919999999999998,16.742,13.453000000000001,68.49499999999999,3.982,5.287,1233003697983.694,53153433365747.92,6225654722584.882,4842018093661.117,6827291608297.792,406031643603.43304,181750086989.6195,377733052861.3752,6631686366188.314,5023768180650.736,21447193705101.92,5904645410993.117,63243566071251.43,72584735085184.19,3154959090494.3193,10432253653155.54,158653475709859.7,19496181829196.523,67547794026256.36,181397885210425.75,20046736625119.01,283911055777962.0,249402965451729.38,5143087409074.43,153409896639.61505,255203590117.94836,11539405841346.832,999934379808.8662,6256204826145.344,7554335950970.654,413309616964.31256,13952561329971.898,18362330181096.1,CRA40,M
233,2019-06-01T00:00:00,370995593539677.4,348052089071922.25,426672017321015.6,99011746392434.53,451847112850035.4,25175095529019.812,19.952,17.305,14.046,74.574,4.0,3.752,1233003697983.694,73836650863414.72,4842018093661.117,12144187991430.09,9844296792190.223,181750086989.6195,447901990624.3778,384771547504.9381,5023768180650.736,12592089982054.467,58461468197063.36,6074409643855.286,85128524152203.36,91717609507890.2,4938725220837.32,9983033076193.742,183601788565692.38,25143869640767.07,119321409687083.84,230449609161584.8,21537381703768.582,357294121386435.8,329399305177382.1,4799300962468.814,207211226143.29135,253152485691.8576,10242319256101.35,1225704026595.2559,7652884296595.574,7423314678485.625,550369115699.9421,13701472153241.553,18652783894540.156,CRA40,M
234,2019-07-01T00:00:00,511578726413693.25,326250711087062.6,521772128358248.8,227963122051145.0,548319696604772.56,26547568246523.812,39.009,38.602,26.865,88.354,2.23,2.86,1233003697983.694,201415553804621.2,12144187991430.09,15430826315716.361,14490282993592.512,447901990624.3778,887051216859.6318,774285070986.2665,12592089982054.467,16317877532575.992,19813326028512.062,2211678354669.8486,203539429630464.2,93567804484685.16,17709809420415.645,30153281749494.406,180729919690014.88,58294482677630.02,68328183386081.75,305587367071827.25,36033959915555.99,487602935983636.8,302801872412068.25,6818256579498.237,996813892449.5184,1067161947191.4077,14237906435814.373,2527364741459.0063,5221751922161.371,13563007161907.77,2992366424569.107,23975790430056.42,23448838674994.367,CRA40,M
235,2019-08-01T00:00:00,388175922594723.5,318025316761968.44,429204499349822.75,131665718650059.72,452270856965040.25,23066357615217.438,26.783,25.302000000000003,19.363,82.48100000000001,4.127,4.302,1233003697983.694,108599361034842.28,15430826315716.361,14536429215282.174,14456075909584.537,887051216859.6318,599596417177.8225,628013867718.5748,16317877532575.992,15136025632459.996,37266903301971.28,4156191130415.7524,114953323440195.97,72551184135336.28,34382075770612.395,46657185639124.58,92210858900962.52,54153517243979.38,122951950323467.27,198988691583279.12,50169861699302.45,372350578601719.4,299714746694344.6,4773959973505.388,1952040180711.3877,1524082378538.2676,6132170040678.1045,2446344965620.186,6974218389163.167,7080956675340.275,3252141457071.1797,15825343993004.115,18310570067623.84,CRA40,M
236,2019-09-01T00:00:00,351175282663145.7,299496086784562.25,406012348105939.94,131061209245550.33,427636184535515.25,21623836429575.36,28.267999999999997,26.954,20.377000000000002,83.501,3.103,3.517,1233003697983.694,109437372815974.97,14536429215282.174,9555806290576.084,11318933783575.672,599596417177.8225,553103607238.7628,534509235756.5349,15136025632459.996,10108909897814.848,52731061202746.375,3260616470749.9297,114770571382388.28,80767021843468.3,8011185091184.148,15104992998589.383,153147792846637.66,32397666365030.434,83962141272264.81,207214560010073.3,36564851222888.945,335484241217161.44,281685970432975.56,4713507097034.631,367259550043.34973,419308453737.99097,10757416754051.277,1697720319163.148,4144995823260.9854,8860505576048.46,2540444224231.0728,15691041445984.23,17810116351586.684,CRA40,M
237,2019-10-01T00:00:00,264265322364918.03,264635358031239.34,293124371429900.94,56386050084678.22,319134202842632.75,26009831412731.863,14.271,10.363,8.691,53.872,6.307,7.897,1233003697983.694,30376218671946.355,9555806290576.084,4708896831769.46,6180514459328.312,553103607238.7628,321560406689.0278,322416061282.81616,10108909897814.848,5030457238458.487,25667801678911.31,7635224846338.636,41833162726596.35,82032892197348.19,1507264716275.3398,6528022922838.064,162152155915435.16,10883325240819.21,62221526191730.41,150821298253069.47,20701365048094.266,250265538614074.94,246582311871535.16,5839722763110.065,41675740976.89464,99779702375.5476,12802002223213.434,596636922624.3833,4728107111671.204,7463644362733.106,481261083842.6636,13999783750843.102,18053046159704.195,CRA40,M
238,2019-11-01T00:00:00,213289000521131.1,220374275152927.1,233670962905410.06,39720939087798.63,261175020719070.53,27504057813660.477,10.442,5.228,4.469,30.757,10.499,13.726,1233003697983.694,12216881274138.156,4708896831769.46,2442408119631.214,4275326322754.1504,321560406689.0278,153442764850.23715,232903708697.66357,5030457238458.487,2595850884481.451,16867549551957.143,13804669434117.947,24400225247544.023,85366558416724.8,1084685244922.8098,6597193487142.935,131075095601319.9,6917993256210.605,49074368466636.39,99408101927487.17,25594180225355.715,198289847087565.5,206828329538234.8,8385324599752.083,38127576142.7423,86179578025.68362,9314722324625.584,652038510894.8152,3753323956087.776,5875610744892.998,439771757836.1859,14999153433565.58,13545945614692.287,CRA40,M
239,2019-12-01T00:00:00,135660678082098.53,135525633724721.84,147549147015342.0,30725619709978.742,166561627149831.12,19012480134489.125,14.11,7.938000000000001,6.569999999999999,38.122,6.116,10.409,1233003697983.694,11713139575489.615,2442408119631.214,1586830629634.3093,2310937138822.2856,153442764850.23715,116475866397.92673,163871133173.19287,2595850884481.451,1703306496032.236,10685550829663.715,8513757890372.916,20818929038704.13,50666112792239.19,745042406514.0524,4226163871158.129,77844869905015.78,8956550361815.373,22568622479145.285,62058603150461.48,23984852556328.45,125907430175674.16,125143387347003.56,5105231639782.098,34397378700.51116,92673063911.51605,7083935966327.31,717488239272.6443,2774057545945.603,3837854963458.116,489855486744.8599,9753247906424.375,10382246377718.283,CRA40,M
240,2020-01-01T00:00:00,182434796198943.22,152855045417747.5,167591191580315.22,41403981603212.71,190609809064255.03,23018617483939.81,15.714,10.97,8.797,44.405,4.228,9.487,1233003697983.694,18385364119272.902,1586830629634.3093,2078632607639.2678,2507603034916.8506,116475866397.92673,168228499251.51285,234426308535.07867,1703306496032.236,2246861106890.781,-10650832051064.275,9173015005170.72,26334887534446.035,53472286835563.81,909866606237.4202,6924203075730.015,84000836176021.73,6782538133671.1,36778354662831.45,100303149951609.53,17488613993139.314,167482177996574.47,139177671438229.92,6174664601190.785,56211949897.37938,249008148618.58746,8319483167919.82,950820995615.1313,4768737567597.691,7578124456944.248,532941294102.6826,14952618202368.752,13677373979517.574,CRA40,M
241,2020-02-01T00:00:00,131361107308471.36,118307116060593.0,131463794737110.28,28479410772233.85,148020145450221.4,16556350713111.139,15.033,9.069,7.455,41.866,6.334,12.195,1233003697983.694,11923060059122.713,2078632607639.2678,3111935643412.2305,2604316386166.3916,168228499251.51285,260511830776.17233,208909120886.34375,2246861106890.781,3372447474188.403,-5344821458.029297,6577711075280.399,19762870840159.625,40388619850825.77,1223791785791.0845,4713936162638.836,65387504138679.49,10247199436599.111,19173667043754.605,67463040425584.914,22804025285313.24,122812795875648.64,108588988253538.42,3629882706578.527,85025778063.8682,122680829636.41782,6671643190039.73,846836870954.7059,2367763681380.1387,3948911025653.0635,593695157570.8334,8548311432822.714,9718127807054.57,CRA40,M
242,2020-03-01T00:00:00,189279389464568.38,177621675806623.44,197689203530648.75,43942815187504.59,220913583307865.22,23224379777216.457,15.442,10.48,8.574,47.149,5.331,9.994,1233003697983.694,20718435410288.137,3111935643412.2305,4001572269269.279,3563070694441.3726,260511830776.17233,267813050856.43478,278317161027.018,3372447474188.403,4269385320125.7134,9957659598280.506,8495425663478.812,30527096517637.27,54352446946050.19,1645527063318.0112,3663865487764.472,107498684448014.83,9385918706738.873,36536946959608.234,108721951484923.69,17479376272801.135,176124182625477.22,163160534743742.22,5500583087499.85,127247953577.67145,88024129455.3601,9419448469280.582,780899759711.2765,4424709925206.849,6785699862424.661,489734714816.1063,13155206839091.148,14461141062881.207,CRA40,M
243,2020-04-01T00:00:00,193659055646534.28,155112569027537.66,198801305913611.44,64571917314218.81,217913422083705.97,19112116170094.53,26.43,22.867,17.261000000000003,70.402,3.009,5.552,1233003697983.694,45459801144124.28,4001572269269.279,4517702650718.433,4559410957378.73,267813050856.43478,292121500158.6912,350552703115.3777,4269385320125.7134,4809824150877.124,7453753355879.078,5446976891056.366,52544052014234.79,45068380908889.7,2294106076562.289,6924572162107.934,83967265533126.14,19323469215170.24,31148403516124.44,110582581111238.81,24329776122845.316,181899003397406.7,141739551248658.2,4307384316033.087,147748397625.21887,178477992498.1194,8421403054935.14,1250297685180.51,3702579665960.213,6023892255415.867,1101286660358.888,11760052249127.584,13373017778879.459,CRA40,M
244,2020-05-01T00:00:00,302658874782507.9,246697879940797.94,329851736605921.44,110062320257725.58,355072201668223.06,25220465062301.656,28.252,25.721,19.286,77.08500000000001,2.449,3.653,1233003697983.694,84841855195423.92,4517702650718.433,9571258381612.023,6702293485285.158,292121500158.6912,753717987307.9679,416536745207.2906,4809824150877.124,10324976368919.992,34396012571756.875,4861223023727.016,93188122334778.14,64716295388327.44,4176389002183.4966,12889358617031.252,141678605343358.16,27497117297736.914,54253965226680.91,180974027056623.5,26983396317308.703,286076798359719.1,227092355889531.28,5409937568204.061,202980605897.32178,283048287194.6603,13006227676866.715,1754292225027.596,5406267647053.424,9134798342362.424,990048121449.2064,16582076422788.74,19605524051266.668,CRA40,M
245,2020-06-01T00:00:00,426852854993804.06,356492335480496.4,476541075595892.75,148133568630144.34,502268801503971.6,25727725908078.875,27.060000000000002,25.685999999999996,19.595000000000002,82.632,2.794,3.124,1233003697983.694,122405842722065.47,9571258381612.023,11852490841889.191,11398925583709.453,753717987307.9679,501413655796.4802,531166760470.3224,10324976368919.992,12353904497685.672,54074251337523.484,4470739199280.965,128951822326508.66,87540752587409.34,6321852712857.834,14322610135519.973,210622085146029.9,28450010154464.5,103162917427666.14,278111453800082.5,15629907140941.066,408424826677476.3,335736762427494.94,5146008907645.828,284273016996.33185,367919057706.0773,13692958530942.393,1363580410916.0986,6087971254821.361,11550519940059.729,690370250241.3633,18428028316327.73,20755573053001.45,CRA40,M
246,2020-07-01T00:00:00,503478432602747.4,392591572688818.2,560354782678014.56,198563479490560.22,588745920933101.2,28391138255086.75,31.469,30.369,22.423000000000002,85.702,2.65,2.949,1233003697983.694,170172341235473.47,11852490841889.191,15565488371299.352,14544659204475.09,501413655796.4802,834269947433.1193,674462774275.1583,12353904497685.672,16399758318732.47,63331335142591.06,3414825935983.682,176339763989566.97,111414044349173.45,11419316456217.133,27164864016141.836,207918878965381.22,48509684166514.0,117823196596380.56,294667538225721.3,31288138299169.336,481756130757550.6,368449530317148.25,6349194294010.542,638156429114.4197,1069476646173.1855,14305101285987.23,2141238470172.092,6651695848272.658,12162392434840.945,2547088808295.6064,21722301845196.766,24142042371669.914,CRA40,M
247,2020-08-01T00:00:00,369039532969051.94,330394801947917.94,443976910821709.7,132518340008508.44,465303439865399.25,21326529043689.53,26.697,25.045,19.288,83.907,3.78,3.34,1233003697983.694,111191810964818.9,15565488371299.352,11628822015215.7,13559707511986.102,834269947433.1193,274508309110.0328,499142716783.28326,16399758318732.47,11903330324325.732,68050651949278.19,4476856483234.075,118528451109921.42,79347509596587.58,22033812027708.22,38227548729165.7,133229323826795.67,51614493235915.95,103268218985992.25,186694362456228.88,55288282856076.44,355883914017898.06,313819637696572.56,3990803253131.2324,1035140707949.2764,1014834245330.8127,8357077403910.918,2192353087427.8596,4402249807232.906,5957628365263.992,2780696332252.293,13155618951153.896,16575164251345.395,CRA40,M
248,2020-09-01T00:00:00,384594626913496.94,355703578319557.06,441890036889607.7,111851591604968.83,464877562195659.6,22987525306051.953,21.806,20.11,16.048000000000002,79.448,3.837,3.454,1233003697983.694,88864066298916.88,11628822015215.7,7706485767390.256,11366528008066.625,274508309110.0328,178224877475.24353,426325906273.2742,11903330324325.732,7884710644865.499,55954398025516.77,4929756394277.539,96359516836959.52,85477972453184.72,8986061191250.123,17437810656663.168,200410577234859.34,32201884500013.848,107698797229393.88,234259392844735.9,20728598629754.58,369377060454597.7,337824034285257.94,3936195421451.295,416455722415.15356,361017163675.9098,12343646054819.889,1751001909189.4463,4180837617781.7373,9169351964582.621,938604639282.3726,15217566458899.273,17879544034299.152,CRA40,M
249,2020-10-01T00:00:00,230588543119176.34,247155660327915.38,266769613247707.7,30851846764662.062,280015195429388.25,13245582181680.559,8.949,6.6000000000000005,5.9159999999999995,57.067,9.465,6.114,1233003697983.694,17606264582981.504,7706485767390.256,4541705052621.806,5375384789607.482,178224877475.24353,162528808524.0251,144693925284.57727,7884710644865.499,4704233861145.831,30992905008000.883,4283022993135.1875,23872278247191.863,57600536975998.72,1197840071743.7554,6702539578088.411,151404431002159.44,5825777603933.851,70290336683272.125,153658345321160.4,15463022190718.719,223787199479181.38,238355629947894.03,1685229231222.189,18925431268.298496,75115471892.8689,6540667746831.266,143930825974.18845,2190208255718.579,4897068110905.712,50228946203.2019,6801343639994.958,8800030380021.346,CRA40,M
250,2020-11-01T00:00:00,160125725935116.7,170245571343920.12,178774691354012.34,26001682671432.516,197435313670065.66,18660622316053.293,9.249,4.106,3.585,28.233000000000004,12.102,13.577,1233003697983.694,7341060355379.223,4541705052621.806,2720265272943.4185,2961386176113.319,162528808524.0251,62448259583.20751,138426953983.56992,4704233861145.831,2782713532526.626,15539385435563.477,7872168437677.576,16534860355941.314,56226740654976.11,1006809965640.6125,4588460282868.744,101162035675852.94,5507176057215.849,42536384486719.45,84499055433088.8,14814335596914.623,150821432428149.5,159519565725127.62,4668213823157.435,18024210077.01639,29679148053.211643,7008867812687.428,414439249442.1596,3614607453849.1816,4191961286314.3696,84506142178.88159,9304293506967.176,10726005618792.508,CRA40,M
251,2020-12-01T00:00:00,139432961004745.69,147119523516975.06,153394105787458.84,19438474139209.555,170301182504307.62,16907076716848.77,8.089,1.6500000000000001,1.465,13.023000000000001,29.795,33.888,1233003697983.694,2531397422360.784,2720265272943.4185,1791339943445.5508,2433030924071.84,62448259583.20751,76903866584.71378,115301112597.29216,2782713532526.626,1868243810030.2646,9303490212093.814,8904848245368.008,12408566931934.252,63615052351809.31,676345097556.9164,4673298158811.373,95965108864308.44,7219749363781.516,23788878790461.21,56957402182651.39,18763866159752.473,132465502057053.6,139194198912079.03,4378316988997.6216,22730592762.671425,59348142063.565926,5874949702266.572,667531411996.4441,1855649460869.5266,1862262404634.4639,171994848997.2758,6967458947692.096,7925324604896.046,CRA40,M
252,2021-01-01T00:00:00,144911453222136.56,149509230762593.1,156434070763602.78,21174900825755.234,172372784353247.0,15938713589644.23,8.687000000000001,3.347,2.948,24.728,14.859,18.792,1233003697983.694,5236187236111.004,1791339943445.5508,1527506979451.4036,2509803673900.618,76903866584.71378,69016886710.79544,132255828522.14685,1868243810030.2646,1596523866162.199,9562244832699.473,7677103102179.633,13589926622312.098,61513051083687.31,893815376690.8785,4970124736090.253,99184842327615.78,7336529257925.849,21270987495723.27,63583677807574.71,19966991961809.36,137403382885278.12,141316637161839.28,4269563912644.1396,31304686448.240593,110115402318.89828,6162484567301.498,394608172581.97485,1759094709031.1604,2733782849313.411,239709637972.90747,7508070336858.424,8192593600753.806,CRA40,M
253,2021-02-01T00:00:00,113159000086338.3,112706670572039.69,121398734621381.48,18456569806336.562,135089118329100.73,13690383707719.246,10.235,3.926,3.408,25.824,15.904,22.964,1233003697983.694,4766186098617.315,1527506979451.4036,3443281049729.0127,2707264935896.9253,69016886710.79544,177909447047.04208,162871615976.95947,1596523866162.199,3621190496776.0547,6338523214932.566,6336352530576.672,12424904729708.316,39679131561374.15,1205743862656.0955,4256222449495.953,64826823439400.19,9824125112842.12,21701961442400.316,53436872772708.61,17796020097487.555,107196351896420.84,105530548841944.16,2833283014338.0513,52388101986.14343,53836411670.402115,4883667381801.93,772703185619.9808,1817741949105.9673,2302825578289.0176,422324297201.4952,5962648189917.451,7176121730095.535,CRA40,M
254,2021-03-01T00:00:00,179643396466041.9,162124490165107.9,181058699289628.4,36356369283030.7,200825665624014.16,19766966334385.74,14.475999999999999,9.161999999999999,7.630000000000001,45.629999999999995,6.864,11.4,1233003697983.694,16589402948644.965,3443281049729.0127,4656230812916.698,3673038588862.448,177909447047.04208,351814840235.1459,254183965554.1394,3621190496776.0547,5008045653151.844,457351804086.7422,7483601976381.643,26209527829372.758,54413392579144.76,1277538437882.828,5052985870127.346,95659673001746.48,11537043546192.281,38256874644182.22,98671042463966.61,14998854563527.398,169674464459431.0,150192940647338.94,4634991263225.574,76746310615.89435,119479198316.56952,7633396605540.496,825236523642.6045,3871907005690.7896,4389225021426.1567,349499595921.7782,9968932006610.906,11931549517768.959,CRA40,M
255,2021-04-01T00:00:00,201160192888007.66,183596935262229.6,208151656439346.47,45358487577206.14,230310276973243.0,22158620533896.5,16.069,11.146,9.151,51.148,5.379,9.023,1233003697983.694,23199867043309.64,4656230812916.698,5486861012583.052,4160003374530.263,351814840235.1459,340973174797.54193,290741606293.5511,5008045653151.844,5827834187380.594,6456397951760.32,7437539859262.619,33447967664370.18,56491393856486.03,1436839854655.5103,4533767031330.415,104953837557860.16,13139339291101.834,49237537826577.26,115436987636488.55,13588612523300.332,189601487815406.84,169216827762393.25,5290902628721.516,74270601015.90977,55299897207.17724,8456224870975.617,961485348688.4341,5486426448229.015,5251017197983.686,363185579615.7983,11558705072600.812,14380107499836.34,CRA40,M
256,2021-05-01T00:00:00,392142612255404.56,317140908530914.75,407005390333960.9,125108055356353.17,436923197805549.1,29917807471588.266,25.454,23.388,17.889,76.086,2.738,4.186,1233003697983.694,95190247884764.9,5486861012583.052,10029110926746.135,8406063557270.72,340973174797.54193,648212733831.283,535529175407.8397,5827834187380.594,10677323660577.418,25038033633471.953,5506780201599.46,103598185412457.52,90726966704325.16,5914924639606.137,11773529868424.895,194023977499433.38,27230566840060.348,79655776707303.4,241242652073496.03,13783415148414.305,370973715486306.44,293378093994757.25,7300078301963.235,382580132611.32495,454630364894.4031,15332545891944.262,1716254302322.061,7544252015468.873,11697933799918.412,503436496133.055,21168896769098.113,23762814536157.516,CRA40,M
257,2021-06-01T00:00:00,430752248466154.25,381039004952359.25,496671198625130.0,144391014968532.44,525200065318815.25,28528866693685.17,25.105,23.328,18.073,80.242,3.123,3.389,1233003697983.694,115862148274847.27,10029110926746.135,13905995110142.756,12062380571967.047,648212733831.283,750824564958.203,545391343533.1976,10677323660577.418,14656819675100.959,70128400775575.8,4813907104501.103,124690333586853.84,85153158919139.03,12696484068028.871,19766327687102.562,181692173602001.12,32665564046575.145,140547711987853.95,274114729165490.22,23138500270249.395,411699779818306.94,358074869928133.4,5154006174156.413,578569797798.2754,698121664303.8645,12375201015291.99,1510178945361.2295,8921588547026.182,11690161864025.795,1088775664109.4265,19052468647847.3,22964135024225.875,CRA40,M
258,2021-07-01T00:00:00,438345998054389.56,331054078086816.7,475075703481145.4,169456441509396.34,500163018035800.94,25087314554655.53,31.730000000000004,30.389,22.399,85.195,3.145,3.433,1233003697983.694,144369126954740.8,13905995110142.756,14601097109013.51,14644745278037.916,750824564958.203,705007284937.4547,666218544498.7391,14656819675100.959,15306104393950.965,37726491706018.0,3063253314527.546,150739582240505.66,73691037264961.2,39811039316715.98,54007789588659.06,116586429694687.38,73848120619424.75,90683327006925.2,218833015877412.03,62654228113297.66,420379963350457.06,309735024131626.2,4514055854169.646,2274008080547.1504,2101790289189.6985,8451462834281.654,3434313764998.867,5268649183011.432,7915874795574.275,5324933857350.284,17966034703932.49,21319053955190.523,CRA40,M
259,2021-08-01T00:00:00,476648765613271.1,370726904766398.7,536858989316175.0,198999624104894.56,563768890876763.8,26909901560588.812,32.943,32.055,23.386000000000003,86.477,2.728,3.013,1233003697983.694,172089722544305.75,14601097109013.51,12297880570654.219,15143931052957.021,705007284937.4547,647232757981.6407,696815583880.8071,15306104393950.965,12945113328635.86,63806870632118.2,3236761788133.373,176860110993595.94,102362939242179.64,19405829825545.48,37742008473775.94,167472240139825.75,54490439175310.586,129281457346576.06,260618872895643.8,31541470439977.605,455214259786909.94,347700997751924.9,6383445749419.222,1132601903232.892,1508147111532.06,12181749853698.29,3032683560461.6616,7363060915524.163,10510229404948.219,2348494342018.453,21434505826361.16,23025907014473.797,CRA40,M
260,2021-09-01T00:00:00,309444823012971.2,272703271267491.2,356896393613511.8,107613756877331.97,377571509750337.06,20675116136825.28,26.079,24.36,18.716,80.78800000000001,3.678,4.118,1233003697983.694,86938640740506.69,12297880570654.219,7461253836832.95,10659250937640.352,647232757981.6407,147502344661.2953,497207909668.47144,12945113328635.86,7608756181494.245,44860731847885.11,4182819944807.185,93076662356544.4,80473908085950.64,9424795391233.734,16148197660427.02,134362198640794.06,30478649178843.66,79883039427376.31,168454206324943.94,32688443960730.28,295554961250165.25,256358477420134.4,5626596842247.689,328737925149.6614,249721074946.7677,9632885186549.727,1282965588722.4177,5057364183207.681,6730578256889.048,1325806552449.7227,13889861762805.922,16344793847356.793,CRA40,M
261,2021-10-01T00:00:00,275670927340233.38,288621844734815.56,332105996548153.5,66458604177588.28,352725742896559.0,20619746348405.562,16.402,13.802,11.501,68.974,4.467,3.811,1233003697983.694,45838857829182.72,7461253836832.95,3362917214679.5566,6605745485445.891,147502344661.2953,209670423797.88068,234821326348.38202,7608756181494.245,3572587638477.4375,54753606680748.086,6058829991786.896,54472480531479.22,75950872321915.4,3655483535555.514,11249074487175.42,155334675683326.06,8772959605041.043,97482216928024.2,167859399624653.75,17798222655089.004,263832306038785.6,274270598801994.75,4274836409464.024,111970968161.69333,134490497989.83966,9036383984936.576,411429680564.21985,5122365548939.875,7017864713429.686,80525430782.65552,11838621301447.77,14351245932820.8,CRA40,M
262,2021-11-01T00:00:00,129887441639618.23,140573158080102.05,147132006094032.34,15571689173701.217,160174229742336.8,13042223648304.465,7.363,1.719,1.555,16.244,34.34,31.607,1233003697983.694,2529465525396.751,3362917214679.5566,2318681534169.3584,2895401009087.233,209670423797.88068,132668171595.89516,111038272441.4874,3572587638477.4375,2451349705765.2534,12093944033168.375,6316981820883.73,10832740135585.771,54561006899301.61,1151646634519.3818,7616690829647.566,95610381564604.58,8335361948837.916,18679788858246.3,54845103347513.586,18538767366906.95,125358163025300.67,133980584424277.2,2537598584312.4824,18013963944.872845,70264886362.57623,5225100383406.687,366889687735.3331,1195950936236.1494,1554525455907.1724,153508372237.13147,4529278614317.564,6592573655824.841,CRA40,M
263,2021-12-01T00:00:00,159060365446982.0,156435840181109.7,166685677631796.72,30546493240026.203,186684530998886.4,19998853367089.664,11.733,6.328,5.348,34.53,7.815,12.36,1233003697983.694,10547639872936.541,2318681534169.3584,1865051033223.7458,2658980254975.0034,132668171595.89516,132673772575.26344,175223537078.90454,2451349705765.2534,1997724805799.0093,7469489707097.981,8694158571419.804,19556807440557.9,49433790054841.336,1318386876398.8413,7071584991371.96,95177385180226.94,5836326307525.404,33265244101581.176,85861646465370.89,15502802999808.137,148203347819109.6,145263819158015.1,4855153961015.611,43236585615.93213,75974677129.93326,7739375888702.6875,627072343925.7086,3193745433490.912,5298816645801.154,195663115285.0657,10857017627872.408,11172021023094.598,CRA40,M
264,2022-01-01T00:00:00,145221093795517.2,130251825403613.94,141442026654320.38,32338666070751.117,162151168172681.97,20709141518361.58,14.585999999999999,8.222,6.691999999999999,35.961999999999996,6.45,14.39,1233003697983.694,11629524552389.54,1865051033223.7458,2509297745082.319,2419597308186.5005,132673772575.26344,328600634390.12103,224928093550.86935,1997724805799.0093,2837898379472.44,-2499570265840.2734,8430517760480.029,20630926629115.543,44125967372786.89,1135316226259.6787,4484120478652.024,75109765936050.47,7872406615578.373,25435046102917.484,77163533659439.58,16621674014894.885,133646028126456.88,118301802280122.52,4952305438277.892,83746641309.8428,70540384094.36981,8214991503903.328,1058473115375.1642,3157164630523.1567,5493746731312.885,494120347755.1011,11575065669060.31,11950023123491.428,CRA40,M
265,2022-02-01T00:00:00,134794057751021.1,116621035739001.81,134524577809064.19,38655123386612.75,151775439882354.78,17250862073290.602,20.662,15.911,12.36,55.372,2.99,7.114,1233003697983.694,21404261313322.15,2509297745082.319,1656799871443.4458,2285676229580.1016,328600634390.12103,92027625970.1884,226578539689.58813,2837898379472.44,1748827497413.6343,2142168419244.0703,5610516957106.24,27795059688833.12,40008065918142.49,778613301616.6267,3963129398663.6562,68022630914419.31,8969740483395.02,21873619174037.434,71321658887430.42,14397854858714.264,124262594687631.58,105072718248787.64,4236323612457.207,51998899415.11252,128751351252.16133,7781071795556.218,1138794742176.3137,3438250674383.1357,5027593357503.827,276996120859.70404,10531463063389.51,11548317490214.17,CRA40,M
266,2022-03-01T00:00:00,159991011073852.78,162403919883605.94,180806320845541.3,27688832162970.367,194837865146751.4,14031544301210.078,12.015,7.553999999999999,6.550000000000001,49.324,7.904,8.287,1233003697983.694,13657287861760.29,1656799871443.4458,4812116121785.936,3482227574843.602,92027625970.1884,277887092360.8315,152121220873.49506,1748827497413.6343,5090003214146.767,19411372388246.582,5620740161748.649,21723201887250.023,47554487217605.32,1669154639351.4897,4802576894392.719,100065817683207.72,17002421142503.17,28407715115657.996,84757923169601.42,24128315398288.137,154117408424102.62,154271002836505.34,2438994422411.881,62062524448.73688,60936403935.688095,5780592553097.364,789302389193.3143,2023329836342.9272,2584369434209.272,266932133211.56042,5873602649750.155,8132917047100.59,CRA40,M
267,2022-04-01T00:00:00,237105894811374.2,193636657055009.1,246135571765213.88,74959277527889.62,266333661954593.94,20198090189380.062,25.8,22.248,17.055,73.055,2.705,3.879,1233003697983.694,54761187338509.56,4812116121785.936,4024238881226.6514,4937075835218.488,277887092360.8315,256789878514.35956,295000775923.51794,5090003214146.767,4281028759741.0107,10482975127738.742,4911978810310.499,63503997329533.305,55867391844482.64,1714444376667.185,7051085698333.309,123323485534890.4,27841052060383.85,21381000487112.34,135168972102178.89,32188405155783.984,225928501705378.7,178607335554453.9,4088850241674.38,87437464409.02222,142034110874.25354,11351143808510.62,1708483107903.6821,2248607443025.9023,5238025645543.179,1342132784609.659,11177393105995.494,15029321500555.201,CRA40,M
268,2022-05-01T00:00:00,315502591573320.2,248088717514758.0,329300542194507.3,104701824979736.05,350695165939717.8,21394623745210.47,27.42,25.298,19.195,79.566,3.05,3.935,1233003697983.694,83307201234525.58,4024238881226.6514,8160502636813.716,8196984567378.96,256789878514.35956,276407658025.60913,440632431668.4179,4281028759741.0107,8436910294839.325,20049208711061.688,3876619466123.7275,90292918663996.73,56481379305041.49,6567170787461.467,17748252764739.125,131837372955955.89,36647158302086.52,70797214583493.61,190473684764228.1,21645362566785.89,301350475136095.25,230847120893696.88,3740695507299.0703,400797332015.38385,666420835614.0203,10306859816798.572,2123809391713.4873,5755196230099.857,7621190702598.38,778743242147.3123,14152116437224.957,17241596621061.127,CRA40,M
269,2022-06-01T00:00:00,394703762438746.2,315841998732507.3,445698921693853.25,156151240332758.44,470709226312812.5,25010304618959.203,31.279,29.424,21.790000000000003,83.98299999999999,2.611,2.808,1233003697983.694,131140935713799.23,8160502636813.716,11165329269923.486,11414412963738.14,276407658025.60913,473755456573.7519,511374061069.2244,8436910294839.325,11639084726497.238,55481346439218.28,3820116843269.0186,139408026010538.9,75389729211377.4,9189472081539.64,23544591058992.594,161544269130713.88,47558791212076.67,97996601498958.22,231743844292105.56,26395223702179.203,378236955774552.25,295125566413390.9,4564154242864.777,541893871871.2533,926964592175.1826,12149871785478.393,2493470814251.9814,6123975221184.896,8482217014901.973,1900691440581.8745,16466806664193.914,20716432319116.418,CRA40,M
270,2022-07-01T00:00:00,349671247548585.7,306839306661561.56,396258057324636.2,105240307938202.0,418745518555572.75,22487461230936.547,22.85,20.884,16.500999999999998,78.632,4.795,4.572,1233003697983.694,82752846707265.45,11165329269923.486,15884907067085.14,12799993079033.006,473755456573.7519,927922831773.3759,508525999204.19275,11639084726497.238,16812829898858.516,45094650992602.61,4547341761695.677,90546040233456.94,74571927889251.39,36849322604450.945,33683923524793.562,103712029660492.62,57086080558847.47,91464455205540.48,170108803327521.9,57801302553609.99,335450735300414.4,289827110024094.06,5083280033998.351,2044364401428.6155,1032410136567.3516,6547756063450.309,2520815961887.491,4813876122132.52,5584006115718.115,3606200050456.048,14220512248171.309,17012196637467.492,CRA40,M
271,2022-08-01T00:00:00,410162303813962.2,371781138718743.44,472403351413404.8,122211739684494.88,496844327446330.2,24440976032925.312,22.063,20.696,16.442999999999998,80.001,4.866,4.667,1233003697983.694,97770763651569.56,15884907067085.14,14599858714242.645,15346428459950.877,927922831773.3759,776013523684.2913,613304333109.7102,16812829898858.516,15375872237926.936,57952640895419.17,5462700651861.859,104224615837797.9,64010705098585.3,52169191172497.37,103276037474153.14,73631005968837.17,34998638674706.38,189244622833919.7,190817721551593.84,38534056886110.01,393103102799038.6,353578876861364.25,3437369568859.6025,3510792592485.7197,4984572466102.866,4194868338221.006,1618977219684.3467,8707505860319.612,7018281760276.774,1789095066352.833,17059201014923.59,18202261857379.17,CRA40,M
272,2022-09-01T00:00:00,395731750596914.7,329645936153343.4,435318884986360.9,142693351584981.0,462976272850350.56,27657387863989.703,27.958,26.426,19.902,80.618,3.107,3.9,1233003697983.694,115035963720991.3,14599858714242.645,7541952683756.18,11914080338291.004,776013523684.2913,295444256057.96204,623172941820.7496,15375872237926.936,7837396939814.142,41411673979307.19,3784764732464.614,121708175024728.45,93666506676187.08,8071017471303.66,12702076251202.805,182837807857385.9,39642904658282.805,94223903002314.77,229511099974673.78,20936028946871.953,375522587560346.44,306068757277876.25,7045137497336.036,356499962446.9195,334264166907.80884,15452235366734.295,2387626694358.295,6583420807772.792,10442134677966.121,1185022738513.1108,20209163036568.258,23577178875467.117,CRA40,M
273,2022-10-01T00:00:00,321339044524483.2,297536907370286.2,361829636637750.56,98733446824100.4,387491805046882.5,25662168409131.906,22.465,20.195,15.866,74.009,2.793,3.477,1233003697983.694,73071278414968.5,7541952683756.18,3108270579175.721,6584153241698.732,295444256057.96204,54752053125.20149,341477226775.9663,7837396939814.142,3163022632300.923,44594766953258.32,5507737547442.987,81284137496852.33,71526910664565.38,2627678519880.3315,8960581811577.223,169912630270962.38,10031285010954.938,90809262233771.39,213666401966195.5,14087657537108.4,304185179453293.06,277437228561722.5,5158120723209.635,103577563762.83167,179998820272.8521,12960963528603.896,634635910596.4114,6941422636704.271,11181109617111.22,93715079492.71167,17153865071190.12,20099678808563.71,CRA40,M
274,2022-11-01T00:00:00,126050508773194.12,144944338853158.9,150409660030260.88,16429486079713.281,165164828223775.25,14755168193514.371,7.236,1.113,1.004,10.191,52.162,50.685,1233003697983.694,1674317886198.911,3108270579175.721,2064206058079.2126,2911180466908.267,54752053125.20149,41100252241.51887,117865352752.4939,3163022632300.923,2105306310320.7314,19510431644183.508,7231468611648.63,10883714448646.973,55891054754193.31,873411264323.2709,4522756263420.782,88566818268812.81,8309346541678.834,30188358773012.71,51836331635960.1,17833151217385.883,120559489195253.02,137461739523534.69,3577090107950.8613,16885902008.546629,14681228027.466242,5004846364959.56,459369133821.9656,2368951024578.9697,1439879108140.8145,91916038077.14488,5491019577941.108,7482599329624.221,CRA40,M
275,2022-12-01T00:00:00,113896195662676.25,121396580750205.14,127161035375304.75,13818988002353.238,138080910433075.66,10919875057770.895,7.0169999999999995,2.2800000000000002,2.056,20.979,23.481,21.266,1233003697983.694,2899112944582.3447,2064206058079.2126,2105898918204.3643,2195968447883.3276,41100252241.51887,126504906119.09615,82867406694.60164,2105306310320.7314,2232403824323.4604,10526595546113.96,5529495207032.639,8922430651514.387,51942264466132.805,931709449110.809,5508402526897.296,79253124681447.75,7220981840144.5205,17659597108459.52,44369089730904.31,18288274566567.902,109040738564078.92,116132705805585.98,2833071975586.3535,22907282614.541645,48222162301.714096,3992143647135.942,509359619108.5065,1067036559331.199,1464803341600.7576,181787455537.47495,4855457098597.332,5263874944619.157,CRA40,M
276,2023-01-01T00:00:00,133470200609459.95,146340520449881.25,154158524291088.84,19727602753598.977,168876362343919.06,14717838052830.229,8.263,3.25,2.881,25.395,13.54,15.735,1233003697983.694,5009764700768.748,2105898918204.3643,2488189792505.6685,2188140384952.722,126504906119.09615,100075503884.71107,105955472614.73987,2232403824323.4604,2588265296390.3794,18235946013256.96,7209111427915.527,12738465169731.934,53158058882963.55,847268339502.2896,3783938943672.4927,88080179123416.56,3063972073549.722,35557807029970.89,66601598031526.24,14446614835961.494,126607567931712.0,138931869328851.25,3894281922720.088,30340634407.58967,45861529811.018326,4439148962547.298,231376884582.48758,2833110773700.176,2691112340634.3525,106050750374.92587,6862632677747.946,7408651121029.989,CRA40,M
277,2023-02-01T00:00:00,146737382917885.56,136909676522889.88,149751014004485.88,31253563239997.492,169107652791825.47,19356638787339.582,14.213000000000001,7.944,6.5729999999999995,38.066,6.545,11.359,1233003697983.694,11896924452657.91,2488189792505.6685,2480434590553.3237,2780803144714.4717,100075503884.71107,196331324227.70996,201097545857.1181,2588265296390.3794,2676765914781.0337,2157718676052.875,8237585794221.117,21283624559933.43,55148602140008.97,1034201768128.2874,3821741289069.356,79814883394401.81,11949033093996.557,22233172324838.62,65948143218631.336,22904697366630.414,136867519741706.22,125986954853999.12,5285783121637.9,34916453719.55758,66415182426.876495,7529520530251.34,1500439665410.9492,2465771395088.6694,3017225206703.6274,892513289831.1848,9869863176179.354,10922721668890.752,CRA40,M
278,2023-03-01T00:00:00,180449494600444.75,154750441791190.53,184542423879267.03,51756198065921.14,205152346897040.7,20609923017773.64,21.258,16.878,13.181000000000001,60.179,3.726,7.672,1233003697983.694,31146275048147.5,2480434590553.3237,4851704378373.797,3744015317198.4556,196331324227.70996,470246093342.6297,321155470690.9837,2676765914781.0337,5321950471716.427,8092406795828.684,5850261433191.765,39229693200941.96,46047445693429.58,2051166479042.248,4813006127926.679,96932249963049.52,12237771778361.678,26992410244606.246,105021097459975.34,14485199613253.28,168119321059693.28,140461026299951.3,4794277823485.361,134114215351.62431,94671301409.43277,10233501856465.76,939967439427.2324,3436868242874.311,6501256976429.442,484931176547.5471,12330173540751.469,14289415491239.242,CRA40,M
279,2023-04-01T00:00:00,213072021204116.44,187663117284532.88,220472897622140.44,53110720163491.47,242417682815768.62,21944785193628.18,18.368000000000002,14.136000000000001,11.392,58.681000000000004,4.495,7.693,1233003697983.694,31165934969863.29,4851704378373.797,6608549826653.767,4669626051739.828,470246093342.6297,654917813556.7916,333013365001.9015,5321950471716.427,7263467640210.559,7698548218773.883,6994064848661.002,40497033042364.164,55786974736730.11,1900511209156.7222,3865511340155.4746,118172323692198.31,12364823081516.346,40598856455314.03,128911271017929.81,12695623396453.447,200928580176331.75,173367314753122.5,4693344155548.931,112868283049.23026,86614356787.79893,9679069151704.945,764667195594.0515,4242675613177.272,6598815319853.892,261189483478.93655,12143441027784.672,14295802531410.385,CRA40,M
280,2023-05-01T00:00:00,277987399049171.25,253117174427946.1,298993733287060.4,71875693465920.08,323197386071034.7,24203652783974.35,18.993,15.943999999999999,12.854,66.326,3.934,5.586,1233003697983.694,47672040681945.73,6608549826653.767,6857828951105.308,6050455664588.619,654917813556.7916,167332482974.48532,357932326112.20483,7263467640210.559,7025161434079.793,22563509854589.78,6265903237273.156,56789146971735.71,67449431126509.78,2787484785941.9443,7786809147861.122,137311378443524.31,18289542954217.77,76350368250109.73,170029987139955.0,18897525884643.375,263555770368543.7,235346757364219.38,5314007886350.587,131527214011.09923,209348253044.80188,10088701376900.43,1072991756203.7043,7155499363403.272,7835280785028.48,394689109411.914,14431628680627.574,17770417063726.715,CRA40,M
281,2023-06-01T00:00:00,373750541933182.2,307259283649406.44,422685403498560.6,136742098532608.6,447599973545216.9,24914570046656.25,28.485,26.456000000000003,19.99,81.78,2.821,3.283,1233003697983.694,111827528485952.34,6857828951105.308,14782826324007.238,10516382668787.928,167332482974.48532,800514853400.7499,509905533500.3667,7025161434079.793,15583341177407.988,53894449945504.805,4354773075139.7007,120402575643262.77,79579138387650.08,8873941614080.652,19358700471334.926,169074174898988.06,42879363671237.36,75282910773829.89,215761148996588.44,34268974244392.035,357578351526810.8,287500001531290.6,4884032674223.408,459528529798.541,769140948386.6411,12429376163158.623,2116445746397.4595,5787810617246.209,8402571037363.837,1082566807912.4255,16172190406371.346,19759282118115.797,CRA40,M
282,2023-07-01T00:00:00,460791174376148.75,362065146831875.8,544923043511035.9,209474720576955.47,571000543570352.9,26077500059317.0,34.592,33.656000000000006,24.310000000000002,87.551,2.534,2.881,1233003697983.694,183397220517638.47,14782826324007.238,16507391528751.812,14994143307534.969,800514853400.7499,884923241583.0934,710180641586.8948,15583341177407.988,17392314770334.906,86480166566292.52,3043713926566.6,188499368041575.47,108788042400160.56,19057100819477.945,35198813005282.21,152967930172977.9,66679313171235.05,113042887150788.98,229950168117491.66,54848365797463.74,440616336694169.5,339916283940708.56,7190959163108.674,1066674637708.7706,1313173926055.651,10202539741093.469,3232196003582.887,6755854286114.09,8438508589232.026,4123794226250.9346,20174837681979.24,22148862891167.266,CRA40,M
283,2023-08-01T00:00:00,434604682771460.5,333508663682850.4,485372899905505.06,182453957746954.16,509344216892498.6,23971316986993.562,33.756,32.652,23.730999999999998,86.862,3.046,3.339,1233003697983.694,158482640759960.6,16507391528751.812,8970470966201.17,15570253748946.91,884923241583.0934,285301536571.3875,711157701132.8135,17392314770334.906,9255772502772.557,49250079403788.14,2735739047833.126,163844041659042.53,81970197770217.14,25675156172096.277,53545815676069.33,122198130188209.84,62344105429834.055,110677175662767.64,219019571049011.47,54007925257187.62,416879689925132.0,312558387280261.4,4270838963978.979,1653967911563.2798,2555612174294.0884,8566255625384.686,3034122033194.028,6446532895958.857,7864419674861.431,4283519969682.211,17724992846328.527,20950276402589.03,CRA40,M
284,2023-09-01T00:00:00,305119432633823.9,313356979842958.56,366945459385478.5,72391432509881.94,388493288577267.0,21547829191788.508,16.392,13.855999999999998,11.573,70.234,5.967,5.503,1233003697983.694,50843603318093.43,8970470966201.17,9227854308032.57,10113200561330.613,285301536571.3875,366416935388.159,388597354181.31067,9255772502772.557,9594271243420.729,59419649267876.336,5391374384551.021,60150663106336.71,77587598411617.7,10103442658267.031,17201186774842.398,152278584364445.5,30662746123671.58,97231141293938.84,167712433456718.3,37953773654457.89,293163964766850.0,297566941971109.25,4086098013025.916,292756160388.0494,265488520797.55972,9596715891561.135,1293230917429.7336,4949398871890.608,6310650415720.636,951166948009.542,11955467866973.846,15790037871849.336,CRA40,M
285,2023-10-01T00:00:00,226917506564533.66,236544119227079.66,272770135502700.44,56357748118653.95,293921127186000.6,21150991683300.234,16.969,12.906999999999998,10.697,62.470000000000006,5.088,5.814,1233003697983.694,35206756435353.72,9227854308032.57,4217206820847.194,5778789286942.979,366416935388.159,196382455244.5999,275118150989.3783,9594271243420.729,4413589276091.794,39652687130570.79,6677826036719.884,46285592646109.36,58261997277007.4,2860782454805.0005,6388849324641.449,139582246097698.44,12435446202804.42,64493503109660.34,140125475222923.95,15330804373580.11,217211768027377.22,222267336035743.9,3412202779447.2656,113455602960.01532,135442072290.08058,9099257202010.068,661742265190.321,4951196222093.811,5496351420228.767,112874164271.84866,9705738537156.434,14276783191335.744,CRA40,M
286,2023-11-01T00:00:00,127600198380719.56,141853738987105.06,150875941716411.66,21373643755896.71,167397751035442.75,16521809319031.098,9.484,3.216,2.817,22.7,20.424,24.046,1233003697983.694,4851834436865.612,4217206820847.194,3215345774618.2993,3303081489682.466,196382455244.5999,222484643126.12054,162037607125.3558,4413589276091.794,3437830417744.42,18129616184903.734,7797105819100.391,14309075811492.893,42992372688955.48,2242759690872.347,7011128637764.631,85571201018512.12,7970962355068.943,25270223019234.13,62757549209771.305,20267336401681.875,120732012891560.34,133351520130300.47,2952921241955.3755,89943870143.52087,43567803321.9017,6170958026358.728,370474467150.558,2117704730472.028,3501221976731.3853,123612229830.31076,6868185489159.22,8502218856804.587,CRA40,M
287,2023-12-01T00:00:00,134188709974677.05,146568692657911.03,157680663542793.38,24167872663659.105,173812909566944.44,16132246024151.064,10.896,5.096,4.419,33.249,9.548,11.968,1233003697983.694,8035626639508.041,3215345774618.2993,2432903700083.8647,2474951639688.8184,222484643126.12054,176297621845.43594,129257763203.00354,3437830417744.42,2609201321929.301,19586980226926.91,7453415737696.687,17181599849407.404,50473595134896.39,1246432933685.104,5621253188377.34,90753756584456.66,11334939954692.463,20272647213777.77,59995133525585.266,25793323261382.56,127424921803551.47,138066159993302.1,3431414145065.0103,23970413743.690197,51051270437.32769,6139300456291.67,648488278301.1625,1890498330532.5005,2632834477322.08,448763464041.08136,6763788171125.58,8502532664608.941,CRA40,M
288,2024-01-01T00:00:00,86347963325464.73,90200711081050.3,99080105888594.16,17967459140478.938,111497198202062.78,12417092313468.625,12.802,5.602,4.742,30.891000000000002,11.395,20.351,1233003697983.694,5550366827010.313,2432903700083.8647,2509389371357.2935,2040281346428.3694,176297621845.43594,325755534834.7777,151819065003.0174,2609201321929.301,2835144906192.0713,9629058166858.648,5777213898425.986,12684128316394.426,35877587288241.05,785973247538.0989,4831626252021.414,49752663726569.17,7752958349456.948,13345447942122.848,32778758233506.24,20002503284612.33,81240930123225.66,83886588200842.44,2824275547032.2793,28444263225.361237,73958738454.38762,4516594264967.792,757883803355.0195,1447508308089.246,1450915113397.3887,321576043925.4616,5107033202239.075,6314122880207.861,CRA40,M
289,2024-02-01T00:00:00,170334986985197.62,155695017395078.5,168966565496722.34,39184451317215.53,192495206603526.06,23528641106803.72,14.907,9.266,7.521,39.954,4.835,10.35,1233003697983.694,15655810210411.812,2509389371357.2935,2316864953571.025,2610263779193.073,325755534834.7777,86775464442.01639,232812354788.1609,2835144906192.0713,2403640418013.0415,584336132113.6641,9209245539340.387,25187303251094.164,57746550846826.68,622423845507.0802,3297662345793.3857,95794533187330.86,7260879655133.89,29144416667797.344,88358501606157.1,15901023591421.924,156663594453911.03,141462397292057.2,6824574785611.168,29988489325.677055,91452849784.98984,10100747286039.664,970116776132.0234,3743043114840.439,5785248119758.413,358841212815.53973,13671392531286.594,14232620103021.32,CRA40,M
290,2024-03-01T00:00:00,214041911713295.5,203584726907575.06,222793968447353.28,47422128802830.17,250065703781600.97,27271735334247.71,14.174000000000001,9.044,7.457,42.492000000000004,5.684,10.158,1233003697983.694,20150393468582.46,2316864953571.025,4184011422905.982,3694568750161.1704,86775464442.01639,303580814963.28937,275105966921.77014,2403640418013.0415,4487592237869.271,11777160482718.246,10415256309091.451,31578128327065.21,68618332597007.09,1545910869659.83,4203037474775.7896,118111509700458.81,12412145594007.016,42366084224341.086,113051171036182.67,25008323902922.355,198284686701972.56,187031828697382.1,7178973470720.6,93901345944.89784,102454995775.73926,10404460185323.885,1228250585848.3125,4699677106746.607,7247545958978.289,1354859572177.5789,15757225011322.941,16552898210192.969,CRA40,M
291,2024-04-01T00:00:00,247318162535382.6,211482581418655.4,245354956658887.78,59358694961068.125,271347707198295.3,25992750539407.574,18.509,13.599,10.95,56.211,4.48,7.615,1233003697983.694,33365944421660.55,4184011422905.982,5083486966076.125,4982372681789.689,303580814963.28937,338386010617.357,352890364196.6654,4487592237869.271,5421872976693.482,-1535355956242.3984,9029549199394.97,45413703603551.49,71555860376568.06,1549888321399.4282,5819048288841.886,127633488082247.97,18208307851375.676,38745920837523.5,138093535476043.62,26928468848089.297,233676751992829.25,194857766089260.2,6120120755348.085,111080579191.85582,134189184520.449,11150132511124.934,1390623225416.4932,4457716127251.658,5996477377268.3125,905886111826.7838,13641410542553.34,16624815329395.23,CRA40,M
292,2024-05-01T00:00:00,270906828385562.7,246508206646804.16,299740000491137.56,73701619473357.05,321814031653509.1,22074031162371.53,20.372,17.224,13.825000000000001,70.04899999999999,4.444,5.82,1233003697983.694,51627588310985.516,5083486966076.125,8564543099104.218,7400543206798.586,338386010617.357,411633606718.8134,403865214681.2677,5421872976693.482,8976176705823.031,30783270301356.54,5266377531288.255,61063270769593.64,62620421663970.28,5800948705168.848,14398363148954.88,126786732519136.75,32344553267906.844,59662291328234.945,149243527611584.66,37862214069899.18,258606865692416.66,230112186622439.72,4099108897473.635,278320086937.4384,397219968454.6047,9464215195898.953,1900244070088.807,5032241745908.717,5903389757128.997,1621242995619.337,12299962693146.043,16396020024364.443,CRA40,M
293,2024-06-01T00:00:00,394589540627495.0,339725633075458.5,463407579776233.25,148106747346074.56,489333919723605.4,25926339947372.203,28.544999999999998,26.366,19.98,82.49499999999999,2.808,3.0,1233003697983.694,122180407398702.36,8564543099104.218,12709104434846.01,11434151219604.553,411633606718.8134,570872724293.5298,509092362289.12177,8976176705823.031,13279977159139.54,71620300299982.44,4050880180074.7686,132277429308932.66,101559676546103.94,4745235955018.197,13693962697228.447,208574255615690.78,46933780342174.766,79751121178171.9,216984436611564.75,25350433283573.773,379171856197071.9,318421046032454.6,5915897405090.065,182844056871.19006,304499289776.0328,13902363946025.293,2287706643690.9263,6002717817358.233,6909581091866.08,1216661222749.1907,15417684430423.105,21304587043003.906,CRA40,M
294,2024-07-01T00:00:00,469854059195069.6,403676316363840.8,582101529648783.5,207820850435364.03,608688772623632.2,26587242974848.844,32.378,31.134,22.942999999999998,87.20700000000001,2.708,2.87,1233003697983.694,181233607460515.2,12709104434846.01,12688072083440.234,15831166393638.818,570872724293.5298,503130074446.19666,699058835184.7936,13279977159139.54,13191202157886.432,114967089628033.28,3346286399243.6006,188474967702661.47,105644420758983.25,23556137017080.71,39655788681157.5,181009207555079.22,67158451289894.96,108902817718720.31,238620388456624.9,67470327571801.53,451079049186660.56,380938489862681.75,5647019962537.813,1260896834446.0625,1805513862837.3438,11350749903195.607,2951066641551.6953,5547494929380.085,8371409541482.188,4578684834137.302,18775010008409.04,22737826501159.06,CRA40,M
295,2024-08-01T00:00:00,354600012005140.44,304536791121570.06,413715330228851.8,125716352574108.3,434739209322603.5,21023879093751.656,26.722,25.305,19.408,83.277,3.922,3.954,1233003697983.694,104692473480356.64,12688072083440.234,14498779379795.387,13246740622426.549,503130074446.19666,665707268362.6079,556354679707.4679,13191202157886.432,15164486648157.994,56602537087057.81,4485470946864.905,110552460606010.56,62088411841197.0,41230033750594.58,61954516627698.336,68760639073465.76,46724439873249.64,112652347051422.03,169171881769343.88,66021070367563.516,339939250111488.9,288664090243045.9,4205522231097.001,2171389829632.315,2529493653107.1763,4273821071904.2573,1821453587366.3442,5324151871638.476,6104292422081.018,4103338105349.1206,14660761893651.54,15872700878524.168,CRA40,M
296,2024-09-01T00:00:00,335064512231009.44,316148477585270.2,398788312783383.3,105936893403166.67,421021731089235.75,22233418305852.42,22.564999999999998,20.989,16.584,79.013,4.519,4.779,1233003697983.694,83703475097314.25,14498779379795.387,9411739919674.777,12607230742284.791,665707268362.6079,248886069796.6278,555632219086.4703,15164486648157.994,9660625989471.404,59283579792888.42,5225465549014.471,89987161965479.62,78690874447986.48,19148031350682.58,33398250714292.973,110540936528564.9,24619545659644.785,134707962678689.25,183071817239760.72,34992480340292.137,319780488061685.0,299389410898228.9,4624533671194.166,1105507483415.9106,1534585876535.1472,6762526790510.007,1100270923185.2148,7175946661541.897,8024633698409.904,1715085751573.501,15284024169324.434,16759066687041.316,CRA40,M
297,2024-10-01T00:00:00,241108522804601.03,252644750505457.44,288642485653796.3,55364412095744.66,306799430489098.1,18156944835301.805,15.895999999999999,12.891,10.816,67.205,4.968,4.888,1233003697983.694,37207467260442.85,9411739919674.777,3950044840394.3394,5962890010203.738,248886069796.6278,92556187333.50052,244431041569.02927,9660625989471.404,4042601027727.84,43125669999555.71,4228192781988.4507,45883886173924.414,66920557570036.28,2980858134417.7485,8797485883384.766,158784980249559.44,17247906224101.955,51597178822203.82,138910933275054.38,25445537433296.605,231876882952577.4,238808554639477.6,2887599117870.382,92072474655.21121,137854046572.35538,10478312099693.84,771885204977.1895,3016215982901.66,5434301482603.6875,249595308729.137,9231639852023.613,13836195865979.848,CRA40,M
298,2024-11-01T00:00:00,118042325634187.78,137017323518534.92,144199851578957.62,15786757438872.947,156498430182666.25,12298578603708.63,8.001,2.419,2.18,22.096,27.131,25.994,1233003697983.694,3488178835164.3164,3950044840394.3394,2507245338094.532,3154601907003.1626,92556187333.50052,69015393331.67474,125933916995.09573,4042601027727.84,2576260731426.207,20996836423209.83,5366706040866.062,11538139891839.04,48805066074790.16,1329644661729.893,6429982539800.253,76352430502997.94,11866054545602.54,22853560018357.367,46785161114294.445,29618831165938.836,113886264274487.38,130154466349024.03,2211016389567.9087,28672027319.654373,81291911784.57309,4974985890480.476,539643101697.2278,1550023643596.3267,1324109956650.6975,309175608114.4377,4156061359700.407,6862857169510.895,CRA40,M
299,2024-12-01T00:00:00,127533924087160.7,145368880008238.4,151507083208236.47,16067905768397.746,164439387970267.3,12932304762030.832,7.018000000000001,2.07,1.871,19.515,21.864,20.559,1233003697983.694,3135601006366.913,2507245338094.532,1992876318871.7915,2211489121547.493,69015393331.67474,77879118161.153,86646638211.61066,2576260731426.207,2070755437032.9446,20465051633051.35,6367332638602.877,10632419886393.094,54082945964781.91,677064843998.5571,4061001996523.801,90619407588305.97,5142464003021.594,30300722513884.82,58881041634160.414,17284592056782.254,122167453598487.72,138881787002971.6,3261736787204.841,15249637975.536907,61114534710.75723,3925026719011.2407,269323832306.14966,2446816391201.2793,1774295334451.231,100000257078.74771,5366470488672.979,6487093005266.805,CRA40,M
300,2025-01-01T00:00:00,147121507464631.1,159847799501901.97,168230710999735.0,22876327997623.35,186083804159000.8,17853093159265.81,8.295,2.986,2.628,21.958,14.633,16.236,1233003697983.694,5023234838357.544,1992876318871.7915,2462713984782.6406,2371095373041.047,77879118161.153,105020018058.89078,109620928739.19263,2070755437032.9446,2567734002841.5312,18246505441437.008,9712820611140.229,13955450043117.09,66019245319607.69,1060291590176.1399,4327850298679.9883,99552350328271.38,9041870967388.996,24781614569208.062,58889542042609.31,26418290484179.707,138278508628285.98,151812546971835.28,5235377607715.934,58484693615.47626,77674470477.24136,5626360229954.334,594718720753.9166,2031734155604.256,2935228037398.0166,318673450892.6215,8842998836345.107,8035252530066.6875,CRA40,M
301,2025-02-01T00:00:00,157322475432404.8,146341191243123.47,164363672122414.47,36764705311512.05,183299703581484.03,18936031459069.582,15.636,10.847,8.863999999999999,48.494,4.272,8.188,1233003697983.694,17828673852442.465,2462713984782.6406,3951397514958.11,2719886712895.2905,105020018058.89078,408273964968.65485,217227585335.86435,2567734002841.5312,4359671479926.7646,8639327140246.355,6898271119726.742,25700569738707.066,58689962105282.96,653621405494.9764,2910880043274.827,92420024461535.1,6349922104739.371,25972375947677.742,78412595624361.55,15665683054041.463,146363359877658.72,134711704868749.28,5798973872362.02,31013079731.401817,57675425866.70291,8163799135522.028,618634316589.7103,2984203438677.3013,4483831939927.655,450470720443.45197,10959115554746.09,11629486374374.184,CRA40,M
302,2025-03-01T00:00:00,219592786471589.84,206411213821222.56,227300824555934.6,46225399890073.51,251128696247505.28,23827871691570.688,14.7,9.854000000000001,8.187999999999999,48.453,4.885,8.201,1233003697983.694,22397528198502.82,3951397514958.11,3652926779348.0796,3529525442272.2744,408273964968.65485,164536513948.75925,246880329640.49673,4359671479926.7646,3817463293296.839,8673747361505.613,7486047453571.77,33413971679414.07,75362232599459.48,1255210172431.3267,3582302113964.578,139241926776574.19,13206054314293.24,25952799360248.438,115039043198181.75,23783989787918.46,207189632225899.06,190233926097172.4,5738549136412.383,69017648328.31573,64183452484.69528,12670436840381.148,1109914429837.2578,2904945443072.945,5490507226956.45,532887792267.74756,12403154245690.785,16177287724050.158,CRA40,M
303,2025-04-01T00:00:00,230697377952452.03,207252278183792.56,259016658551420.97,74299365318957.2,280394662805583.7,21378004254162.703,24.171,20.432,15.876999999999999,71.22699999999999,2.8,4.278,1233003697983.694,52921361064794.5,3652926779348.0796,4607836735884.303,4939740796110.5205,164536513948.75925,326192587287.8872,314407260689.8466,3817463293296.839,4934029323172.189,30592827326010.387,5602037820725.595,62606317477893.32,57001661395343.47,3996492574333.5728,6834644576674.439,130942520251418.19,25097219866424.473,30226144448779.574,130235340786894.55,26637347063112.016,219168866625336.9,191802504337643.34,4127121619993.704,211814194574.24207,217049576774.6671,10872674886931.297,1643709988688.4155,3285397243766.8564,5540630141658.338,1079887520876.8247,11528511327115.125,15449773846149.219,CRA40,M
304,2025-05-01T00:00:00,325949841880352.6,270065338655667.03,358094413326414.0,112869612319884.31,381509294346545.6,23414881020131.61,27.059,24.981,18.994,79.255,2.779,3.964,1233003697983.694,89454731299752.7,4607836735884.303,10295649660484.574,8018733886232.796,326192587287.8872,617779411535.7903,476552775456.5442,4934029323172.189,10913429072020.365,39549627823915.305,3632412866275.5317,96898113752582.62,61989368618844.5,9096115154443.262,19442315181219.08,153455195560142.34,36532736443055.31,57555256609666.64,192340115657219.9,30794082589094.52,310304535900338.8,250900649913346.75,4502615035937.09,490939451423.5885,628115587645.0613,12696173822071.74,2051539554355.7302,5042940118849.207,8463035802075.924,934635349975.755,15645305980013.805,19164688742320.29,CRA40,M
305,2025-06-01T00:00:00,353447100543675.94,318525067529072.1,426705358034938.25,127210838671372.89,449503584922235.06,22798226887296.83,26.314999999999998,24.468999999999998,18.85,82.07799999999999,3.039,3.199,1233003697983.694,104412611784076.06,10295649660484.574,14020544317627.844,10578287939342.434,617779411535.7903,806555176848.593,463927551293.1381,10913429072020.365,14827099494476.438,73404249191928.28,3862615209096.6313,112288802689589.95,69950838175276.63,13143371037879.064,16128173968798.697,153989514177321.75,63792039424059.76,72596090232572.53,189271792405293.72,60667035579947.125,339142843973428.8,300396011027720.5,4272834969121.0127,541220136632.2215,324193999787.669,10100836643632.898,3182094053923.23,5095870338665.893,6525133547415.24,2391129382420.5913,14304256570247.152,18129056501351.6,CRA40,M
306,2025-07-01T00:00:00,397051391899812.6,330776764540329.25,464765191470943.44,152187221120158.16,487761937044450.06,22996745573506.58,29.182000000000002,27.797,20.94,84.88900000000001,3.514,3.601,1233003697983.694,129190475546651.58,14020544317627.844,17264153565616.74,14642455136630.072,806555176848.593,853054230919.0808,625241936222.0311,14827099494476.438,18117207796535.82,66205956489227.586,3239653523407.3667,135628311184177.55,66307267666947.99,47847523152393.984,78516077197945.47,77453040120766.31,60783944823349.13,118421885878183.62,175691747452438.03,68150277569805.234,381299037140680.6,311872726721149.1,4433448695628.821,2604698779923.4917,3186274592480.126,5196858522051.286,2551473508337.7793,6995840498046.103,5581157962685.281,4106640019159.2407,15752354759132.008,18904037819180.12,CRA40,M
307,2025-08-01T00:00:00,432430234876890.44,360157027076120.1,502060906947955.94,171991681458107.2,528831722589733.25,26770815641777.28,29.967,28.925,21.544,84.435,3.26,3.87,1233003697983.694,145220865816329.9,17264153565616.74,14149796601560.44,15272709054263.848,853054230919.0808,1059355424115.1772,755440535415.8381,18117207796535.82,15209152025675.617,70039602244699.36,3014703194052.325,150450840293885.16,89574980308803.6,43690941000619.75,47530208936422.75,116782635260687.53,60502395829458.13,119116644490457.08,214134862868903.0,57870049300745.93,411742447943587.5,337460270052510.3,6589710746855.433,2888287539752.328,3275586616334.65,7530335154981.696,2901152320057.813,7632832998570.139,7921337250055.065,4645301330305.625,20687786933302.96,22696757023609.79,CRA40,M
308,2025-09-01T00:00:00,313650821539753.0,294458347074666.9,384913302568799.1,113389019210298.97,405956697090966.06,21043394522166.89,25.601000000000003,23.991,18.532,81.441,3.752,4.223,1233003697983.694,92345624688132.08,14149796601560.44,9087826139974.137,11549066137251.719,1059355424115.1772,447718591424.83563,541661380687.5837,15209152025675.617,9535544731398.973,67479542928769.32,3421517113415.4717,98541288171484.66,80273600423174.11,14416096531287.691,16804871365984.783,149798087802612.72,30058900722064.43,77808010625389.94,172725073413830.53,35261993298049.97,299862445925053.9,277284188257340.3,5250810758649.795,629921258476.613,398013528362.1426,10437630073427.037,1436834384179.3967,4471674173349.514,6702716943507.793,1634933312073.4277,13788375614699.127,17174158817326.592,CRA40,M
309,2025-10-01T00:00:00,282048508177572.3,287455312396139.1,332597712201821.3,70501363569561.2,356925844146446.94,24328131944625.625,16.588,13.883000000000001,11.455,65.493,4.21,5.011,1233003697983.694,46173231624935.58,9087826139974.137,7553680148137.983,6271268733071.444,447718591424.83563,531679677192.07214,310956164552.0796,9535544731398.973,8085359825330.056,50129850937433.49,6214456817503.294,55170715107474.445,77689772011512.8,2135547834298.2349,4176914854174.023,165361035260277.88,10285556103503.904,81532403996495.19,175013335337719.66,20844329855137.55,267165578306910.38,269873316946208.88,5386155053904.809,58157526011.536804,64416539685.236374,11597566413690.523,517595248605.3726,5634611739379.895,8914763028466.498,291659770848.30176,14882929870661.916,17581995449930.258,CRA40,M
310,2025-11-01T00:00:00,119309458983238.94,144467486167749.88,153064424146260.3,16044969662241.148,164145355991047.22,11080931844786.91,7.738,3.243,2.935,30.938,18.051,14.764,1233003697983.694,4964037817454.238,7553680148137.983,2692917300790.379,2986792413873.4873,531679677192.07214,108677265804.85902,101788219961.54407,8085359825330.056,2801594566595.238,24838299743230.36,5032121992326.625,11844153264375.498,44276275118347.09,1058829960315.4497,6262845779714.086,90502437409907.9,7321997142998.178,23439412067419.156,57779204221506.016,23526674143451.94,115640322262565.36,138527353581094.45,1507138404182.9963,16844409476.942411,83785028612.92996,4589939860619.016,356300258941.4368,1153101996190.8027,1721913028936.214,180246320368.66364,3669136720673.5776,5940132586655.425,CRA40,M
311,2025-12-01T00:00:00,116004684520841.81,132718960440755.95,138450279216511.28,18184295834102.83,155651184765202.9,17200905548691.596,6.937,0.7100000000000001,0.628,5.408,68.608,62.369,1233003697983.694,983390285411.2317,2692917300790.379,2080133333255.8936,2176413200604.3186,108677265804.85902,111529556669.10478,82436773376.12924,2801594566595.238,2191662889924.9983,17087734528655.121,11135677727401.014,9604883707120.916,58985127110143.05,801132763840.1327,3940948858597.655,77015108057921.75,13017147437964.453,18155216272625.777,31590726252959.6,30793805081746.81,107533949659664.77,126765262176134.47,5891042066993.685,10359475570.892963,43840786387.31198,4084357524262.113,1014572633071.2999,1298283423838.0735,1521279374724.7583,560697840950.4043,8470734861177.054,5953698264621.483,CRA40,M
