,time,INw,OTw,GMv,GMh,AWR,CWR,CEv,PEv,PEw,PEh,RCv,RCh,dxy,SP,Mv0,MvT,aveMv,Mh0,MhT,aveMh,Mw0,MwT,SE,ME,MC,INv_W,OTv_W,INv_E,OTv_E,INv_N,OTv_N,INv_S,OTv_S,INv,OTv,INh_W,OTh_W,INh_E,OTh_E,INh_N,OTh_N,INh_S,OTh_S,INh,OTh,datasource,peroid_unit
0,2000-01-01T00:00:00,132511970143171.53,133742703580640.86,131585708391570.45,8810770396411.857,137502979558815.23,5917271167244.783,1.947,2.199,2.061,32.84,16.296,16.074,487253809198.0115,2893499229167.0737,2341061115031.953,947268990490.0269,1521040491827.514,151674886013.1218,27657335320.326363,62513925539.04479,2492736001045.0747,974926325810.3533,2606422991401.682,222997546262.31982,2562352106101.7095,72069614989688.7,2213021786591.73,1138328224185.1401,74628919366647.31,35423585201477.18,9749053889191.281,17783698323523.47,41485092252548.4,126415226738874.5,128076087294978.72,3437122121101.6406,67025253533.196655,43792545906.20157,3678296763134.9307,1358427787685.937,747694423061.7418,1257400949603.2458,1173599845932.267,6096743404297.025,5666616285662.137,NCEP,M
1,2000-02-01T00:00:00,96219728051394.64,95078976671638.45,94295974990035.8,4176406261870.557,97645891733754.84,3349916743719.0415,0.962,0.876,0.839,19.789,50.362,31.268,487253809198.0115,826489518151.5157,947268990490.0269,1408085567585.1252,1435302712008.652,27657335320.326363,16909507118.03514,37129765667.75765,974926325810.3533,1424995074703.1604,135806887288.13977,234391529886.2871,907528457526.9379,44479355398109.19,1740435342153.7878,808835288246.0479,51628433399489.59,35106528046610.28,5829650985477.353,12583788849405.828,32781841237802.984,92978507582371.34,91980360964923.73,1613041790964.185,28955448936.54077,20725396570.09588,2121538289870.3984,860665053560.6732,350377567801.23535,746788227928.3386,597744400106.544,3241220469023.293,3098615706714.7188,NCEP,M
2,2000-03-01T00:00:00,147836917404351.66,140701221097882.27,142216653080928.75,4667284490831.662,145822231445883.72,3605578364954.9717,0.88,0.747,0.7230000000000001,22.747999999999998,50.587,18.684,487253809198.0115,1061706125876.6906,1408085567585.1252,3487128113930.012,1732548364810.367,16909507118.03514,115278811511.33221,26661821976.763435,1424995074703.1604,3602406925441.344,-3896578329854.5176,267583326001.9524,1251020096558.1885,59184109552075.26,2706349505772.28,2168008906182.632,73730051537213.16,58555513966669.76,12601322307398.27,24529930092268.582,48440781520056.87,144437562517196.22,137478504870440.58,1477155332497.5664,21835488569.967136,37156407475.86291,2303656996887.279,958277027478.8406,439482463349.161,926766119703.1688,457741278635.2806,3399354887155.4385,3222716227441.688,NCEP,M
3,2000-04-01T00:00:00,200472706856957.84,196956793469599.25,195552316493056.06,7269312138107.599,200637414063950.47,5085097570894.413,0.9259999999999999,1.117,1.077,30.047,31.437,14.259,487253809198.0115,2184214567213.1855,3487128113930.012,1683026214647.4663,2288836505264.4873,115278811511.33221,2575867496.776411,43255407358.50438,3602406925441.344,1685602082144.2427,-3248503663442.494,184771834895.65427,1810246677311.331,86036644669514.06,3418843800877.8906,3140563175969.176,97825156377016.08,83813745687101.03,15634440485002.79,22137966675088.645,75180602938200.53,195128920207672.9,192059043601097.28,2762016756820.625,38817771390.08231,98851636151.8218,3125523769595.741,1492128999090.4817,705295352677.9904,990789257222.0068,1028112974838.1682,5343786649284.936,4897749868501.982,NCEP,M
4,2000-05-01T00:00:00,293172101433570.9,285177608679917.1,290501912023660.5,13784190586445.848,297419073653538.2,6917161629877.677,2.399,2.3640000000000003,2.257,49.818,17.593,6.38,487253809198.0115,6867028956568.171,1683026214647.4663,4842539632424.378,3897226064390.081,2575867496.776411,56591037392.16291,58891227460.668495,1685602082144.2427,4899130669816.541,2086064790586.7246,372502476538.0565,6969831827266.432,109918922207986.97,9146293906294.197,10055913271215.223,111675598838483.08,118517434496918.55,44893900857853.04,47868048565767.51,112973746961339.38,286360318541888.25,278689540563969.7,3618177670668.8594,31464570659.392426,57891098341.19807,3612165407400.6826,2270861307392.79,1267568386568.9175,864852815279.7911,1576869751318.4666,6811782891682.639,6488068115947.459,NCEP,M
5,2000-06-01T00:00:00,386901898942576.1,384323642691503.94,397327667331299.1,26442471538812.46,406367520425689.4,9039853094390.271,4.041,4.38,4.107,65.813,13.903,6.519,487253809198.0115,17402618444422.19,4842539632424.378,5925870475042.48,8064727892888.565,56591037392.16291,62872734843.26703,157563636664.14545,4899130669816.541,5988743209885.747,15913974733419.227,0.0,16055134524299.688,109002973803363.9,65037861701859.79,54650924399955.664,94757399527111.45,79323057734079.1,113704507486921.81,133594197028056.88,101846893616063.88,376571152965455.5,375346662331956.94,4955764868587.648,699311000887.3306,992073789859.4961,4071586021090.383,1051678714341.0377,2320895251955.1553,3331228604332.4316,1885188085614.14,10330745977120.613,8976980359547.008,NCEP,M
6,2000-07-01T00:00:00,556623147830981.5,547472720631499.8,557522071449490.56,21578936300785.562,565967610575069.6,8445539125579.076,1.934,2.3560000000000003,2.268,60.862,24.952,6.773,487253809198.0115,13133397175206.486,5925870475042.48,7134927772024.865,10571244840029.342,62872734843.26703,182604487268.87885,119554901368.98569,5988743209885.747,7317532259293.744,5311759025132.824,392288000531.8656,10785069683744.18,129483189036869.67,79347307802284.08,80509272986316.12,143111754119817.38,160476529415088.0,136726874466199.25,175423162510509.56,180416137605420.78,545892153948783.4,539602073993721.5,4456503457355.036,190791305196.29575,896145025185.276,3696707496487.72,2980725589108.029,1960480101043.849,2397619810549.7764,2022667735050.4695,10730993882198.117,7870646637778.334,NCEP,M
7,2000-08-01T00:00:00,453763372070341.3,458412450309629.2,481297197600409.3,32915437550087.17,490550097928830.94,9252900328421.61,4.8759999999999994,4.916,4.601999999999999,71.88900000000001,11.678,3.853,487253809198.0115,23662537221665.562,7134927772024.865,8660875899019.752,8913930664946.297,182604487268.87885,9457720734.179916,122549831076.05568,7317532259293.744,8670333619753.932,29664416821413.6,0.0,23467313999447.777,147208033988319.53,32562076484568.555,23616496144580.977,187292749905968.9,103889121500353.89,122171563152961.66,169784201373716.44,107142618158442.58,444497853006970.8,449169007701941.75,4144830325362.052,95285068725.82323,183385418829.59964,5203416236333.811,1295852769989.5796,2666704917685.6733,3641450549189.286,1278036384942.1218,9265519063370.518,9243442607687.43,NCEP,M
8,2000-09-01T00:00:00,316869667917862.7,318577546246375.0,326066943053656.25,18651602151484.89,334403857275623.7,8336914221967.473,3.0380000000000003,3.163,2.992,55.30199999999999,18.287,7.536,487253809198.0115,10314687929517.418,8660875899019.752,5786231466296.138,6287589591644.628,9457720734.179916,97715804484.21262,107954994174.48859,8670333619753.932,5883947270780.351,9236179909056.145,37172149247.00011,9905191609221.385,101582649705147.78,31202726761385.758,18243487832354.465,114799951938594.97,61560160843236.42,91720468676421.77,126746416715594.67,72652372601736.27,308132715096333.4,310375519978138.75,4387964734114.439,162972949077.01044,113877935240.28554,4734680001927.602,596910800698.173,2269063429722.538,3638199351476.4277,1035309887509.1099,8736952821529.325,8202026268236.261,NCEP,M
9,2000-10-01T00:00:00,304498111488657.4,299460494364685.0,297752818412062.2,15311417978846.627,307971518365387.25,10218699953325.068,1.644,1.71,1.627,33.261,24.088,12.377,487253809198.0115,5092718025521.559,5786231466296.138,3275132635972.459,3957285801916.542,97715804484.21262,9123599441.67718,84722885757.82195,5883947270780.351,3284256235414.136,-2544590133817.039,331429656122.55725,4895338109165.572,149699082042490.47,6336540782097.0205,4157548008964.249,172806693290920.06,50193460771920.91,47455920989376.07,90129656600084.94,62983192604530.99,294179747423460.56,289582347666924.2,6151923615184.572,50984819797.31915,61712904196.54941,6869410695920.055,778309572637.0468,1856943490847.1267,3326417973178.673,1100807691196.3357,10318364065196.842,9878146697760.836,NCEP,M
10,2000-11-01T00:00:00,197066458801723.1,198271823449701.7,196021178432858.84,7729701417893.268,202496854509851.75,6475676076992.887,0.6459999999999999,0.64,0.615,16.223000000000003,53.309,29.667,487253809198.0115,1254025340900.381,3275132635972.459,2304548735802.933,2228378860274.78,9123599441.67718,62300145154.9599,51670692906.23728,3284256235414.136,2366848880957.893,1541982634422.7322,592368027491.3372,1265814151700.814,116036760325550.53,1271416699088.1626,729711213160.4827,125828872695818.97,45001381824308.7,17052604699547.63,28843841771952.62,48297921450900.34,190611695134972.3,192450815545355.1,3977038194027.8354,3652953264.186796,9513619643.982616,4307893945670.21,1247656669104.9783,755492238185.6357,1220555183973.981,753968767226.5586,6454763666750.777,5821007904346.591,NCEP,M
11,2000-12-01T00:00:00,192126770470432.34,191481482854477.6,188590014427880.16,6388698588624.993,194615930976899.4,6025916549019.258,0.27799999999999997,0.192,0.186,5.678,166.701,94.562,487253809198.0115,362782039605.73584,2304548735802.933,1273930427981.9648,1950843835770.7478,62300145154.9599,25135054471.56573,46109596956.65522,2366848880957.893,1299065482453.5305,-1350288974853.3555,1310681588803.0554,524701051165.1995,111253712821259.22,694278573617.6682,271512223456.90106,107409017008160.6,63864684998888.86,8058868912568.17,10935163034522.498,70629218454386.55,186325073078127.5,186791382948732.97,3733389546465.1094,1862991121.806438,2116849739.466985,3142249498373.6523,1640013155787.3796,239300014962.95816,426177840312.87787,1306687401286.2192,5801697392304.834,4690099905744.636,NCEP,M
12,2001-01-01T00:00:00,150730628985433.84,151946502741866.34,150901009893313.03,9512007015705.885,158954315758973.8,8053305865660.801,2.218,0.967,0.909,15.334999999999999,32.066,26.418,487253809198.0115,1458701150045.0837,1273930427981.9648,1269537160916.6646,1508844529884.1838,25135054471.56573,1075733425.128703,51795113047.89628,1299065482453.5305,1270612894341.7932,2646122346883.1367,2390842870032.723,3346357224215.6914,85502618748737.69,1157040215234.5151,880946951304.9875,76473611585294.28,43257495222210.93,12035811830971.541,14949053326161.602,56618651876680.37,144590114248415.22,146285115508180.7,3687217872049.354,32411697074.67983,29697540928.828857,3201008433329.2363,1463277065905.1746,707687821606.4436,960322258135.271,1720279281675.2888,6140514737018.628,5661387233685.648,NCEP,M
13,2001-02-01T00:00:00,115306450496251.34,116878834446030.22,118217840024132.0,5595400840187.896,122592222208976.02,4374382184844.0205,2.136,1.0330000000000001,0.9860000000000001,21.822,34.754,14.916,487253809198.0115,1221018655343.876,1269537160916.6646,1682254724280.6538,1515565672625.3071,1075733425.128703,3756151506.1557727,27101403990.350754,1270612894341.7932,1686010875786.8096,3208800585036.6484,1501868284500.8513,2525508604189.276,60440367717710.59,1877579581606.2612,1338509105704.782,67635104123951.53,31429254649709.844,8643930001011.426,19029502520552.62,35853462989092.87,112237633993677.84,114010076695662.08,1700942827293.49,19398484137.640114,50679591090.15609,2151243554747.4783,437055235639.1798,284525412102.7034,880138848550.6667,413590299380.3129,3068816502573.492,2868757750368.135,NCEP,M
14,2001-03-01T00:00:00,152796795176709.84,154293613858517.38,155125589478995.34,4686145557434.52,159398039419557.5,4272449940562.1445,0.9809999999999999,0.267,0.259,8.828,114.551,35.341,487253809198.0115,413695616872.37506,1682254724280.6538,2057843379932.5967,1528690669266.8423,3756151506.1557727,0.0,19651299142.602173,1686010875786.8096,2057843379932.5967,2282346804373.311,1524704724231.9316,1521877455327.956,64806227578413.2,1701607215990.117,995765630220.7184,78328873607561.75,76681569408164.33,4970993800721.26,7152720609311.201,66544394019461.68,149636283226109.44,151545868643734.78,1101499571356.3352,11776590208.446196,14147840748.287886,1762509521504.846,1890928657775.2024,55043045987.14932,153935880720.58267,918416057082.1605,3160511950600.408,2747745214782.602,NCEP,M
15,2001-04-01T00:00:00,203027141702456.8,205079574935933.8,207761517021797.53,11125604167634.656,215049426129124.94,7287909107327.402,2.848,1.847,1.7530000000000001,34.494,20.877,10.153,487253809198.0115,3837695060307.2534,2057843379932.5967,2468014735079.5156,2670632633608.002,0.0,3563668650.0434966,54118326574.32986,2057843379932.5967,2471578403729.559,6303863349144.65,1581912000275.2104,5916360757622.911,83333443832324.44,9745427867059.146,6037923382581.855,100412558045373.48,49613471421779.86,34747696297619.527,58833059655758.91,54471459319042.945,197817898292445.06,199377141529095.1,2570974951051.0376,52597246293.24666,58214203447.80239,3591497536068.306,472564666474.16705,1257898136283.1018,2107489589038.7395,800440488194.0509,5209243410011.746,5702433406838.705,NCEP,M
16,2001-05-01T00:00:00,223191266511395.38,222189024733207.9,223690579070319.56,8864346939092.559,230343139617132.97,6652560546813.402,1.59,0.989,0.951,24.951,41.248,12.636,487253809198.0115,2211786392279.1562,2468014735079.5156,2638853702378.556,2942953983256.906,3563668650.0434966,24138216460.67043,37563401956.1243,2471578403729.559,2662991918839.2266,1400958101886.664,1934998822326.0405,3556124170074.4766,86318280011531.14,7387816524318.646,3410638611508.884,111196392501755.08,96324287289115.12,24516225146347.727,31833401498872.188,74395167025445.1,217886607411027.34,217495601197866.53,2878371217003.524,15973512581.597113,22960463543.775017,3151139818314.1367,1259345291717.0718,962420534036.0142,1143982128103.669,563889670409.6279,5304659100368.039,4693423535341.376,NCEP,M
17,2001-06-01T00:00:00,330488604738376.6,326041898052189.4,332490355610441.44,17069269772362.79,342296474595384.94,9806118984943.477,2.666,2.1839999999999997,2.078,42.551,25.32,9.868,487253809198.0115,7263150787419.312,2638853702378.556,5443699066222.661,6130046030961.897,24138216460.67043,43549399395.69225,99542842799.05426,2662991918839.2266,5487248465618.354,5640700691236.91,1904538087875.0718,8862789946476.377,104516732019427.25,25662942047696.28,19658226930586.625,133536867398742.55,122362658602773.6,49825792642186.03,75768645576163.39,109158264509117.58,322306263128950.9,318183866597742.4,3718996021269.9746,135721041780.42783,294422262535.88617,4421656921784.93,2376432191305.644,1557755290897.3635,1792491134314.2349,1742898199984.2852,8182341609425.74,7858031454447.006,NCEP,M
18,2001-07-01T00:00:00,484770204006153.06,479792206866516.9,494962291589238.6,24556834926657.64,506546298261332.2,11584006672093.584,3.154,2.621,2.497,52.827999999999996,19.781,5.807,487253809198.0115,12972828254564.057,5443699066222.661,8999818453090.45,8277945934857.929,43549399395.69225,17136913025.983673,101250005087.02261,5487248465618.354,9016955366116.434,11524537987487.781,2128038381596.1235,15609097675040.93,152566079754059.47,49325600089407.2,29714362979489.305,190731229881027.2,100633026741084.55,129207673901177.97,192952546679298.72,101088871589494.95,475866016153932.06,470353375461107.25,5355925809208.959,64954358175.56358,95627786025.34251,5640503572526.469,836263203503.6367,2337923920131.326,2616371053483.0825,1395449554576.2935,8904187852221.021,9438831405409.652,NCEP,M
19,2001-08-01T00:00:00,427769938828560.56,423021997123689.5,447167028003331.25,34084297300654.58,459107857939754.0,11940829936422.777,5.457,4.952,4.601,64.967,12.289,4.32,487253809198.0115,22143467364231.8,8999818453090.45,9604130044511.97,8777909224042.804,17136913025.983673,74669135787.43457,128573047824.7759,9016955366116.434,9678799180299.406,18057369597858.406,2005883630337.8242,24401177881112.582,101714236822398.6,49979070049791.41,43667922128627.305,124605497441995.66,111330026570769.14,128029302456931.2,161391770800249.53,110547850128988.4,418103956322044.56,413161720077706.7,4487694072223.233,192907189153.4006,361582926163.9635,4838123996825.574,1507973959464.7766,2806121380824.7793,3308731548664.039,2023124479179.041,9665982506516.014,9860277045982.795,NCEP,M
20,2001-09-01T00:00:00,420767502164796.0,426762372304200.5,442258610291582.9,34103013519057.344,456624685877695.1,14366075586112.234,4.962,4.463,4.143,57.874,11.439,5.453,487253809198.0115,19736937932945.11,9604130044511.97,5423863036563.198,7525954642715.127,74669135787.43457,67368585261.31049,149485996149.98547,9678799180299.406,5491231621824.509,21544240422055.605,2426258948139.469,21944823095349.66,130271810191438.6,40562056098620.086,24701358178690.6,153691805543310.53,59943362438434.25,130485634227585.12,193767450068312.28,90150428290154.2,408683980876875.75,414889924159669.94,5802551090253.3545,350133353827.0415,261273091837.06946,7309265770917.486,615893122656.1226,2574984138878.393,5403803983173.702,1638064880907.629,12083521287920.248,11872448144530.549,NCEP,M
21,2001-10-01T00:00:00,270939763908104.88,275734336386942.0,279177436194044.84,17943794518315.105,289362096141151.94,10184659947107.078,3.37,2.779,2.611,43.241,18.277,8.252,487253809198.0115,7759134571208.028,5423863036563.198,2519511382333.526,4574593448336.828,67368585261.31049,30393511461.119064,86060331823.21152,5491231621824.509,2549904893794.645,9612380238727.654,1670531658766.454,9407323284936.438,113488510227915.38,17642166404339.875,10017891603401.062,131401672530284.4,48517073055272.73,59987944196008.02,90447186373398.36,58218818396142.555,262470661259987.53,267250601526774.88,4135146576633.536,364992094323.4121,186706502675.20975,5106799176527.423,791342169368.5095,2249850949174.727,3355907399440.1006,762092640141.5621,8469102648117.356,8483734860167.125,NCEP,M
22,2001-11-01T00:00:00,167776269796952.78,172286403459631.56,171227925380776.78,8921992754144.918,178756841213490.1,7528915832713.328,1.6629999999999998,0.814,0.773,15.614,50.144,28.071,487253809198.0115,1393076921431.5894,2519511382333.526,1973967522425.3516,2328493658448.5938,30393511461.119064,210368234299.55313,54313319595.01802,2549904893794.645,2184335756724.9048,5537641467028.1455,1439395197152.4104,2846706779993.6987,87256444056979.48,1770182371858.4739,1594278988625.8816,85095711707706.34,57726934568180.95,7731001440972.473,15153719720476.398,71810355557820.42,161731377334262.7,166407251078357.72,3674598242818.635,41553777377.51434,25607080056.65843,3753556265544.6333,1845974358576.9475,174398205706.64255,498712781237.85986,1909644132645.0444,6044892462690.101,5879152381273.834,NCEP,M
23,2001-12-01T00:00:00,165041773896243.6,164539865910254.25,161228767344738.97,13263435182035.125,173095651510227.3,11866884165488.336,2.0140000000000002,0.8659999999999999,0.8,10.529,36.207,52.634,487253809198.0115,1396551016546.7893,1973967522425.3516,2143652331829.2363,1631141576863.6807,210368234299.55313,197298225037.09424,98799088789.88031,2184335756724.9048,2340950556866.3306,1051257838688.9976,2966891240180.6245,3247943794935.9873,86680214461043.4,1794092481732.7131,1448850540791.462,81632192720846.62,45569254106191.5,15446981437958.96,21538331635417.613,56963904577435.43,155236650743444.0,155837171217973.75,5899382982232.553,85758298609.54344,54881451772.38996,5114241498246.061,2034997567700.8877,1317280174594.8647,1815861151093.7551,2185414720830.0308,9805123152799.586,8702694692280.5,NCEP,M
24,2002-01-01T00:00:00,155640264264193.3,156075712460401.97,153582104165750.34,8581790949285.438,161744437728020.38,8162333562270.036,1.225,0.27299999999999996,0.259,4.888,138.81,113.746,487253809198.0115,419457387015.40234,2143652331829.2363,1289299032639.0574,1878222035081.1165,197298225037.09424,1963325367.388287,64128421970.310425,2340950556866.3306,1291262358006.4456,-194782620438.2256,2496487700027.7563,1880975214386.5847,74802882339285.89,1724646416724.4238,1115272469327.529,78069835843209.83,60745191538614.234,9558090612660.27,12473400407103.908,61059257046130.15,149136746754331.56,150411829918724.7,3659519033791.275,101698513967.47044,42289301705.0262,3492656219763.8022,1815150726181.0356,646267476250.7643,986558448184.4224,1423260331695.237,6503517509861.76,5663882541677.274,NCEP,M
25,2002-02-01T00:00:00,127062779329708.3,123336629148699.55,123581670870346.6,7131562169524.075,130137674663324.38,6556003792977.773,1.936,0.466,0.44,8.071,91.241,69.928,487253809198.0115,575558376546.3018,1289299032639.0574,2559496085181.9565,1875518018538.8416,1963325367.388287,118782909434.30592,59892672910.12284,1291262358006.4456,2678278994616.2627,-1763575166218.8608,1730226990975.148,2392539527399.6377,56866398448198.42,4671387563613.112,3077758016157.75,62051068760406.914,35187447761730.07,16817056680771.176,27194115786865.02,35090122252973.81,122325720012951.25,118629635257765.0,2755678181598.968,50807738365.55884,42733011549.23303,3245106849141.538,791116747188.6759,736862510039.7032,1147531376420.1724,674216793387.7506,4737059316757.049,4706993890934.551,NCEP,M
26,2002-03-01T00:00:00,178778397076716.5,174791138548598.06,174844779872633.56,11539669318055.44,183795362282882.5,8950582410248.934,2.5250000000000004,1.481,1.389,22.436,23.568,17.154,487253809198.0115,2589086907806.505,2559496085181.9565,2068462683117.617,1968351863590.3523,118782909434.30592,10889864328.416126,59695846324.38676,2678278994616.2627,2079352547446.033,-1997098049726.5547,2510653757411.6875,4414217411671.098,86382615287034.81,4193398767173.5586,2723440896593.4243,88936653992305.6,52142207399637.445,16770837476723.436,30523464496500.805,58461209541642.25,171771728079766.47,168362099777844.84,4087798216027.509,99092069679.26053,100002508992.43108,4069770887428.942,1214226761843.181,1020903435504.2797,1604641510086.9153,1239272378140.7432,7006668996950.036,6429038770753.225,NCEP,M
27,2002-04-01T00:00:00,310460345192510.75,300050589999432.06,305172570886284.94,23059543978602.992,319919097232058.25,14746526345773.285,3.476,2.724,2.533,36.05,12.2,8.824,487253809198.0115,8313017632829.708,2068462683117.617,6467015382968.295,3380607074487.635,10889864328.416126,287246414525.30176,101879920261.8983,2079352547446.033,6754261797493.597,2578171708876.533,2506509637596.0513,10607735778458.531,123927263357939.69,17584464930152.148,12579627878182.902,135123203853431.81,62550331378600.52,64952720969999.25,98962204241971.61,70437429971274.84,298019426856694.7,288097819724858.06,6246139590696.7705,105763722440.67593,140767914826.903,6757715696033.035,1706714967996.2104,3395973942226.4033,4347295862296.161,1693316913873.867,12440918335816.047,11952770274573.98,NCEP,M
28,2002-05-01T00:00:00,299792286898856.25,303288779406494.2,310946698219566.1,27224315025331.4,324842423401844.94,13895725182278.822,4.944,4.2860000000000005,3.941,48.958,12.142,8.189,487253809198.0115,13328589843052.576,6467015382968.295,4056427317851.2256,5220577614035.186,287246414525.30176,30010493073.565666,146704391307.71527,6754261797493.597,4086437810924.791,14157258629731.766,2094143083134.6082,15373062835681.256,80445817902794.03,37117441195259.94,24205574976326.56,101321664945013.47,81660765019447.25,77120856224161.75,101916123225163.58,75957245701598.47,288228281123731.44,291517208066033.6,4587848469635.632,533297713895.8916,584859421819.5486,5685201428556.6,1322335598564.6394,3889451116079.0864,5068962285105.023,1663621081929.0085,11564005775124.842,11771571340460.586,NCEP,M
29,2002-06-01T00:00:00,458471448804703.6,457230198944796.0,486421190491015.6,50115431749128.09,501864436452197.06,15443245961181.387,7.622,7.127999999999999,6.462,69.185,6.215,2.796,487253809198.0115,34672185787946.707,4056427317851.2256,5574474560803.556,7183259065638.639,30010493073.565666,138825494816.12747,134666537171.73279,4086437810924.791,5713300055619.684,35057797942796.062,1846880762366.9226,37074056919352.28,130158626266493.03,39960646849066.61,26399119942557.938,177434391546443.2,137057583470378.34,87133727602824.69,151844754788572.1,139243893012525.27,445460084468001.4,443772659010859.75,4751939832542.874,517347473750.79974,283248144375.6777,6858414589071.127,2433759079273.331,3695929096403.9116,5542417280510.357,2385848774710.383,13011364336702.242,13457539933936.22,NCEP,M
30,2002-07-01T00:00:00,511239986306975.1,503147687038247.75,528840878127406.06,29516892031209.855,539767673291506.3,10926795164100.215,3.6319999999999997,3.515,3.329,62.980999999999995,16.546,5.344,487253809198.0115,18590096867109.64,5574474560803.556,14544138179233.78,9922597372638.648,138825494816.12747,173929361858.4485,133520975579.2722,5713300055619.684,14718067541092.229,19502565349621.46,2696681179411.857,19205237266987.785,105629896803953.27,86855890280294.1,69907688567361.6,143568714425468.25,166476714693676.94,115719655823708.4,159052856972577.38,148947242151713.75,501067157037569.2,495091502681184.5,4043826066760.148,392793407031.6764,1006593967546.1746,3505064760530.1514,2086913910012.8975,2023249877405.901,3035495325086.7236,2135076312095.541,10172829269405.943,8056184357063.27,NCEP,M
31,2002-08-01T00:00:00,405794742687029.9,412746972651070.5,427392770691731.1,19075277110306.75,435471159614882.9,8078388923151.748,2.913,2.573,2.463,57.65,22.475,5.484,487253809198.0115,10996888187155.002,14544138179233.78,7642015919843.264,7972850070115.048,173929361858.4485,98858996555.97871,81057453506.89787,14718067541092.229,7740874916399.242,10971925440789.016,2535318180354.88,12447993952771.91,104801051606243.53,87077327420520.0,61262885796272.914,127899100087502.64,107187991540219.73,82467873984914.5,126089459948617.31,109858459326178.88,399341388891353.5,407302760819116.0,3276926239323.2773,412408083374.11456,568740983965.1659,2610416718059.264,1255560950050.7004,706362739072.4264,1352125622337.2505,1715024291448.7007,6453353795676.394,5444211831954.507,NCEP,M
32,2002-09-01T00:00:00,390979101945558.3,397422521727509.7,405184661610495.6,30668019911415.33,420332043299587.5,15147381689091.922,4.452,3.8309999999999995,3.5610000000000004,50.609,13.672,7.394,487253809198.0115,15520638222323.406,7642015919843.264,3241778322850.2095,7073031660014.407,98858996555.97871,1802666637.534595,159396198723.45312,7740874916399.242,3243580989487.744,17466764047219.969,1627622127413.882,18038318485319.594,143079559593447.94,33638676123130.59,22975671224490.324,171719379185775.3,72993984780541.12,94444456745659.62,139399043917539.17,84102052747760.38,378448259516018.56,383904564802325.9,6731580816056.93,475953432042.6117,313602262179.6099,8194686074863.668,644860642416.3297,3625972695761.1753,4840798708886.887,1221344722516.3638,12530842429539.756,13517956925183.818,NCEP,M
33,2002-10-01T00:00:00,295877253525459.4,299648224354060.3,296527611690942.56,14125022110443.367,308428902617832.9,11901290926890.277,1.68,0.75,0.716,15.742999999999999,46.153,26.048,487253809198.0115,2223731183553.091,3241778322850.2095,1581360511495.481,3310693804321.8984,1802666637.534595,38946675739.11559,77853439120.13597,3243580989487.744,1620307187234.5964,4371428183312.255,2179808016226.7773,4980563086899.823,148642084072221.28,2802215115794.3086,2808926763948.6396,160844998000467.06,101078783812632.84,21895125410460.35,34204802519750.637,104423349565825.6,286734597168553.4,289965688092547.3,5082693377814.537,27109211554.200047,58991983294.40797,6743008314076.365,3024255758981.826,642248201421.1226,976715236815.2362,2270170534461.334,9142656356906.008,9682536261513.021,NCEP,M
34,2002-11-01T00:00:00,217813396345531.16,218902078702335.5,216306271697483.22,10899384485168.441,226688216200894.97,10381944503411.75,1.213,0.23900000000000002,0.22799999999999998,4.747,121.313,82.9,487253809198.0115,517439981756.6908,1581360511495.481,1798779341167.6218,2092411392814.3147,38946675739.11559,28793162004.779625,59577136209.66525,1620307187234.5964,1827572503172.4014,1813387651049.0244,3335425024387.0796,2623139974449.807,117363491359485.14,214417728854.463,204633255588.58627,116746771818103.67,87234777404725.12,3646859790998.746,4773196490752.782,91276303043908.89,209576098510551.62,211884352381865.78,4810571753396.974,22431614.71036896,2652467383.365195,4932696942754.522,3282058591634.4976,126744434098.56067,142015022564.6823,1958262512001.9268,8237297834979.52,7017726320469.72,NCEP,M
35,2002-12-01T00:00:00,154731625564901.7,151530330314224.22,150415709517481.6,15881755680850.914,161898175228312.3,11482465710830.73,4.233,2.9250000000000003,2.645,27.700000000000003,12.689,16.286,487253809198.0115,4399289970020.185,1798779341167.6218,1565684914345.653,1800729663445.159,28793162004.779625,110968399477.75009,96299929244.18399,1827572503172.4014,1676653313823.403,1047075517959.311,2323868063948.4243,6367323548350.673,78940452575992.12,3344216114335.0957,1959945392907.8667,77305659154063.66,35561350013827.38,18090644045383.016,28784238611678.84,43742181741003.48,145245986594406.22,142482701054785.25,5935480160928.107,199198736459.7385,117917663906.66995,5724465051640.409,1324037084953.8127,1592931238520.6836,2108204060706.8704,1531034232818.1338,9485638970495.46,9047629259438.965,NCEP,M
36,2003-01-01T00:00:00,156301653081551.28,157566987593405.16,154554642047786.06,10620206171405.121,164309331212640.7,9754689164854.625,1.941,0.5599999999999999,0.524,8.15,60.937,62.895,487253809198.0115,865517006550.4951,1565684914345.653,1447457912939.9,1701348567355.6953,110968399477.75009,21351861711.707542,73167274143.16174,1676653313823.403,1468809774651.6074,1923007976428.5183,2273208293794.304,3000325553593.638,77533172499568.19,579384377021.1906,636027873099.1583,72373945176743.75,63023092064753.88,8073776237154.554,7600448425796.333,69079752790333.0,148792740863217.56,150106858581252.5,4104881736587.029,8480484955.78903,24874353319.09052,4450536211610.399,2589428515030.2974,735239791079.138,789727613397.3156,2265872524507.3223,7508912218333.732,7460129012152.648,NCEP,M
37,2003-02-01T00:00:00,140113519370075.5,137831569091453.69,136482306950476.94,10619183249425.188,145528421072081.28,9046114121604.33,2.31,1.153,1.069,14.813,33.454,31.804,487253809198.0115,1573069127820.8572,1447457912939.9,2247148012799.331,1879491378240.171,21351861711.707542,67589674669.33027,74449838278.3718,1468809774651.6074,2314737687468.661,137046742266.7461,2229245971513.193,3152868341395.0703,63223442214212.625,3353560785650.2603,1914093486406.5515,70105836563116.2,31249012959724.598,23642318490244.945,36282007663413.31,33980574757271.117,132668556323757.1,131082290596282.53,4074804265551.2544,74268482660.0215,33774856418.830006,4326248361510.666,1020376655675.4316,1447318332958.8643,2316007268672.8926,901443318041.5978,7444963046318.408,6749278495171.149,NCEP,M
38,2003-03-01T00:00:00,200711396964124.62,194330829431042.8,195999599970963.06,20481715694716.29,211336899014938.72,15337299043975.668,4.079,2.625,2.376,25.117,15.239,18.146,487253809198.0115,5144416650740.62,2247148012799.331,5799693386813.914,2528825487674.168,67589674669.33027,409590916623.3057,125472523276.43332,2314737687468.661,6209284303437.22,2658395673351.0117,2801547231387.3906,7995238109347.632,81696637048912.36,8618415713160.281,6788618876133.948,94025461908737.81,50904363283462.16,24753653096769.664,48902889844916.84,54807137756133.76,188292509053425.3,182204668474801.5,6217285809594.249,237261884353.78558,197938077743.9992,7609087384663.384,2482440355859.4473,2217445185105.8403,3521223667501.63,2062366502118.3171,12418887910699.326,12126160956241.326,NCEP,M
39,2003-04-01T00:00:00,285638406127078.56,286598324446084.5,284807618159190.44,25675409937342.133,302378709190235.9,17571091031045.473,3.794,2.846,2.6100000000000003,31.564999999999998,12.175,10.556,487253809198.0115,8104318906296.66,5799693386813.914,1739724411655.3318,3289044838221.855,409590916623.3057,9369134224.083134,118818561342.65546,6209284303437.22,1749093545879.415,4604046393882.455,3226660455486.6655,10804630816647.703,126137774063664.31,10237469837122.695,8678649160925.431,133650721473273.78,62986426351972.945,46888927713167.56,73374368346444.73,81486143907323.42,271177217923007.44,272263262930887.44,8080913921750.61,64576192918.28958,161998002690.2455,8425139787506.385,2504422217214.382,3124606684331.9434,3713854062415.887,2720738850440.4736,14461188204071.125,14335061515197.092,NCEP,M
40,2003-05-01T00:00:00,357625115615317.0,346157988253216.3,360435533261647.5,30986763393869.555,375431546147457.6,14996012885810.14,5.133,4.437,4.085,51.605000000000004,10.17,6.49,487253809198.0115,15990750508059.414,1739724411655.3318,8454939819694.402,5246050913344.272,9369134224.083134,163195333863.0689,139479081011.04892,1749093545879.415,8618135153557.472,11392664813502.08,2153664467212.2754,18501758213606.348,108687460086329.62,20291729801360.94,19388511623011.836,131858575422491.23,73993836916771.7,102499779058029.94,143079670943164.72,78828750946464.67,345149479569277.9,333478835228346.8,5312703029676.376,174176459410.11276,247983359901.51917,6459814107334.373,1863686300965.6677,4705086124932.152,5051263355495.56,1340076333192.8516,12475636046039.123,12679153024869.488,NCEP,M
41,2003-06-01T00:00:00,360522052789526.0,357726131125372.6,373380062534011.0,30038846103396.234,386608538186296.5,13228475652285.508,4.855,4.502,4.167,55.962,11.335,5.329,487253809198.0115,16810370451110.727,8454939819694.402,8067777435128.904,6351334276256.99,163195333863.0689,115155776739.18219,124423298152.98967,8618135153557.472,8182933211868.087,13579246885767.268,2570726009189.359,18128747799367.188,85894315031529.05,35724124233571.93,28599244419713.773,118615949005669.97,151198474237642.0,55604559011160.96,83083116130475.19,137238905049112.1,348775149819360.0,347183537299514.94,4463766602740.811,220238016376.06644,380818573102.3911,5461929410058.989,4360216203224.208,2058794014797.603,2542101591098.57,2801632384625.042,11746902970165.98,10542593825857.701,NCEP,M
42,2003-07-01T00:00:00,513775168685327.8,521804415617119.75,548777333670273.0,46352526983987.39,564856149949827.9,16078816279554.938,6.078,5.5169999999999995,5.087,65.312,9.371,3.694,487253809198.0115,30273710704432.453,8067777435128.904,7060994851025.66,9151242835123.305,115155776739.18219,36669768211.039955,150319913537.78064,8182933211868.087,7097664619236.7,37217688696682.266,2598576553994.2383,33355493506387.996,194591487783168.47,23299878509367.457,24725856568227.836,233286188984754.16,98472355391790.64,137621713071523.4,183103591241280.7,114153064747214.4,500893290984467.6,508360845312859.4,6704609892803.462,86971684436.10489,253135707604.8529,8200065473389.708,1625370781903.088,3771666073149.2344,4298761318548.814,1384867073285.3389,12881877700860.217,13443570304260.387,NCEP,M
43,2003-08-01T00:00:00,503553077661258.2,509407323882513.25,524966499258454.9,37299559823449.33,541906514331671.9,16940015073217.0,4.425,3.878,3.621,54.583999999999996,12.396,4.864,487253809198.0115,20359544750232.33,7060994851025.66,6953297274522.273,8141396259822.785,36669768211.039955,91081149080.43991,133114731562.24864,7097664619236.7,7044378423602.713,26160504637399.824,2223140308285.3643,23231671855724.074,209306377467017.38,34752469969580.35,23358401366337.04,240964848428523.28,92842632683361.34,107740645682925.16,164014447945028.22,111323566047179.7,489521859461744.0,494781530128208.5,8828784560298.625,87655487172.94115,105544604865.9168,10108386615204.518,1323115328525.648,2543317253820.9897,3773773705824.027,1886434398106.3303,14031218199514.217,14625793754304.78,NCEP,M
44,2003-09-01T00:00:00,385104156239024.06,384198523199565.8,394704751721937.8,30640925231604.934,408518110210760.9,13813358488823.041,4.898000000000001,4.263,3.956,54.919,11.061,5.205,487253809198.0115,16827566742781.893,6953297274522.273,2961328152424.5703,6204319869573.306,91081149080.43991,19798634707.229023,121643076323.75916,7044378423602.713,2981126787131.7993,11858681895648.727,2007452332018.5461,19331008063248.664,146694461842525.38,18356277345583.812,13799083568914.895,196532005209748.75,81690398505623.62,75929619007910.02,131701376302684.38,81594513943022.02,373885320219748.25,372412415506264.56,5843298020058.288,108401507280.80168,147038410159.65326,7888478198340.904,1069633341190.505,2678855948673.839,4158866247867.384,1110372039005.7139,11218836019275.83,11786107693301.258,NCEP,M
45,2003-10-01T00:00:00,274112811208765.3,277007394393691.44,278253048713321.88,15414415607224.57,289349811542788.4,11096762829466.533,2.2689999999999997,1.552,1.47,28.01,25.072,13.43,487253809198.0115,4317652777758.037,2961328152424.5703,3866401325891.603,3491962460919.1294,19798634707.229023,105571429687.1976,77940562250.74104,2981126787131.7993,3971972755578.801,8203081904910.381,2056338760084.6199,6314105659654.343,129672555992540.72,6712704863545.886,7670484397341.524,151287920291659.03,77394025368861.11,28788410139996.44,50295234137158.94,81283506432574.61,265032299895902.3,268072541727775.94,5118398763822.142,106154554856.85579,240881198866.76782,6080211794068.822,1270471472120.2642,1558045768112.512,2450759878053.8267,1190440548877.2944,9080511312863.0,8934852665915.484,NCEP,M
46,2003-11-01T00:00:00,220596934278930.5,224986530018886.2,221228036974052.62,19758039124979.258,236764591852068.7,15536554878016.059,3.0460000000000003,1.908,1.752,21.366,18.167,19.48,487253809198.0115,4221484246963.2,3866401325891.603,1468384352232.8596,2556390332852.9087,105571429687.1976,58682065662.96123,114215934454.69617,3971972755578.801,1527066417895.8208,6166173677675.156,3513465759427.8003,6737529627419.638,115119654048847.72,5061808111029.165,2597548380930.3105,126385616193802.81,39380498655264.016,33371291991916.633,50584295126016.04,48203406697651.53,207681996211058.06,213022122994400.12,7814210988531.045,168097414128.5009,106634363248.54446,7745837105348.665,1575242445412.3965,2511040018301.2666,3418850270680.4385,1539432486707.6448,12914938067872.424,11964407024486.078,NCEP,M
47,2003-12-01T00:00:00,142204077046239.97,143907948912162.06,141751442385478.97,8935984655888.988,150446881434763.75,8695439049284.783,1.405,0.16999999999999998,0.16,2.692,198.015,151.82,487253809198.0115,240545606604.2048,1468384352232.8596,1389101653433.795,1536507076905.3748,58682065662.96123,89296262284.41893,49085494002.18535,1527066417895.8208,1478397915718.2139,1895748972013.9229,3069002215642.5557,1991532389575.6523,74616753662865.27,1458694858495.1423,613944566433.2838,77612234885260.4,49264618131173.05,9474710810045.28,10822990485118.008,49825167788668.664,135318306845589.61,138370808342469.5,3966381838779.322,5789920295.228852,5221295404.4377575,3924513007871.626,2021309054646.7605,418554770814.47455,892858011819.8539,1188282870711.2295,6885770200650.374,5537140569692.559,NCEP,M
48,2004-01-01T00:00:00,122630957839576.4,120983782664418.23,117587911124293.8,10584843610218.973,127158885607139.73,9570974482845.943,2.332,0.8619999999999999,0.791,9.578000000000001,44.09,56.179,487253809198.0115,1013869127373.0298,1389101653433.795,764817734881.4279,1441981388928.5115,89296262284.41893,40231543349.151695,76556207438.53773,1478397915718.2139,805049278230.5796,-1306654683748.602,2628112164473.6763,2741941498493.082,56617685157404.65,2476441417035.5312,1225229448333.408,59625209238048.97,43835542277479.04,10232172037950.469,13198895106917.857,41747329197884.33,114877351990134.94,114081151890919.3,4203907277978.0127,111809983422.46664,51186640369.44768,4271055434146.217,2358495733592.0933,835306331738.1035,1140016197501.9192,1684459024192.1553,7753605849441.473,6902630773498.942,NCEP,M
49,2004-02-01T00:00:00,163960056403906.28,160354967684914.9,156660496897557.7,11584391499780.621,167684956920107.28,11024460022549.586,1.582,0.357,0.333,4.833,81.014,76.333,487253809198.0115,559931477231.036,764817734881.4279,1425384967788.8372,1564212245797.2122,40231543349.151695,97155722048.07816,61410038988.26362,805049278230.5796,1522540689836.9153,-2327665828468.8066,3328706027051.7666,2478742516618.457,74779260900988.52,487441207164.41345,554806583865.9349,79163717685937.47,63478731594711.11,12955669000538.822,16081839884527.72,60149541519509.68,154894638964093.28,152756369413150.38,4635682337139.663,8838185761.386316,13251546743.653471,4664384578378.834,3292931496011.958,995493481493.2865,1123552059917.738,1929882026131.0132,9065417439813.012,7598598271764.5205,NCEP,M
50,2004-03-01T00:00:00,235036880721504.34,232415575981938.97,226191870060536.7,17687839050812.19,242658860789964.9,16466990729428.22,1.728,0.54,0.501,6.902,50.118,49.147,487253809198.0115,1220848321383.9707,1425384967788.8372,1970492567154.4797,1973772028095.7268,97155722048.07816,26176784338.649185,80645874753.19576,1522540689836.9153,1996669351493.129,-926327755716.7573,4337029780794.747,3909585674929.6284,135211036824988.86,2027348570518.1472,795770916242.341,127720562693061.64,67085129849556.93,11335066810342.275,18263845476881.703,79228813744530.5,221355783067669.84,220311791818452.56,9350967838626.363,24455557856.240154,11777061494.434006,8226868371478.08,3271298936173.047,611111211183.2107,1047053817540.6433,3241349022968.866,13681097653834.486,12103784163486.398,NCEP,M
51,2004-04-01T00:00:00,264447272866955.25,251286614144989.62,254311871264492.12,13669337417220.367,266366527050283.34,12054655785791.215,1.3639999999999999,0.635,0.603,11.812000000000001,59.931,32.931,487253809198.0115,1614681631429.153,1970492567154.4797,8377421741442.105,3225665881478.019,26176784338.649185,448613139238.3334,73851221238.41478,1996669351493.129,8826034880680.44,-4716611540464.234,2784550459780.47,3469327543947.9224,91685321170821.42,9409086021003.002,8140257294289.592,115594204039465.55,93984590428059.31,31011809192983.31,60463270884851.1,86450022725650.27,254273439778021.44,242465121979102.12,5015237799048.022,48539753269.38875,113068374153.34721,5582367277680.384,3146033220750.144,1418089586291.2427,1899493694982.2834,1772495548646.474,10173833088933.797,8821492165887.488,NCEP,M
52,2004-05-01T00:00:00,373412906750629.9,371637020349834.44,375577772419468.1,28455500259240.11,392017322366911.75,16439549947443.63,3.5340000000000003,3.199,2.9739999999999998,42.227,11.08,6.687,487253809198.0115,12015950311796.479,8377421741442.105,4135712644240.46,4294745712459.354,448613139238.3334,26461297414.348595,108005921564.78224,8826034880680.44,4162173941654.8086,5576203097595.376,2945385523130.531,13272742426672.053,109088111060380.47,14983292877673.04,7461211881139.736,162084208116577.3,163628540383103.6,43983472682454.766,78500898732676.36,137118343671850.55,358678762057300.1,358169317348555.6,6051801893127.902,59319512440.20487,60435921348.38391,8562030895888.229,4495591175281.751,2509701370030.6323,4126315703571.685,2336651222919.7197,14734144693329.723,13467703001278.785,NCEP,M
53,2004-06-01T00:00:00,458474494719963.94,456554446336641.44,466832814314041.9,32591218149397.28,484019486651912.75,17186672337870.938,4.035,3.3000000000000003,3.084,47.266000000000005,15.211,8.263,487253809198.0115,15404545811526.344,4135712644240.46,5934276621071.5,7810389697981.837,26461297414.348595,12221065252.553099,176781453615.28546,4162173941654.8086,5946497686324.053,15268821425059.973,2683832885388.684,18834709491371.742,108563479136396.7,39320435716324.65,40852644965631.68,129367067702428.25,146483317977162.9,139451998800842.34,148845005280161.44,133924325982003.39,444744447359352.75,442063828201598.6,5347178176091.772,377326918772.618,714703777678.9406,6423661802669.34,3285827319102.564,5258630510285.385,4382338087737.9116,2430998903315.4893,13730047360611.19,14490618135042.832,NCEP,M
54,2004-07-01T00:00:00,539381402741297.1,522823486710230.3,542402707691349.25,32422887049578.797,556885332284821.3,14482624593472.094,3.634,3.308,3.121,55.332,16.474,6.083,487253809198.0115,17940262456106.703,5934276621071.5,11114726854050.13,9534069281387.945,12221065252.553099,181773254778.82214,146679956783.73944,5946497686324.053,11296500108828.953,6732348844576.432,3054949785633.538,19710395683096.902,114639739203285.25,89930833675548.73,85859537762001.89,143145739660604.03,164602646095420.1,116524806349276.33,161579209379360.47,161976205468773.12,526681132440067.75,511577585154202.2,4230504610470.5674,921694793808.9597,1712940503026.3284,4843511750911.936,2468546731984.4326,2649481831680.17,4288278455748.0146,2831213179627.0815,12700270301229.344,11245901556028.146,NCEP,M
55,2004-08-01T00:00:00,520854716782117.94,522817672566631.0,545045265901169.8,48627829810429.914,563279910973334.1,18234645072164.29,6.083,5.576,5.12,62.502,9.737,4.518,487253809198.0115,30393184738265.625,11114726854050.13,4820624229879.539,9546213802346.678,181773254778.82214,31949660958.649544,184577883452.96674,11296500108828.953,4852573890838.188,25912214170874.023,2453522702717.1094,33156141947061.727,166565133185541.53,61891819214405.92,52298412229023.0,192575376230714.06,95421129695687.31,149172884112824.94,191280127063276.7,103428420166283.62,505564802173528.56,507068499724228.56,7587261162542.079,250986547503.26752,469399045800.5565,8702612226731.959,1314679932431.3718,5290583302473.679,5918574467815.359,1504990765693.5593,15289914608589.367,15749172842402.465,NCEP,M
56,2004-09-01T00:00:00,351833503955377.6,359116753525578.44,364082699436868.25,25976406293574.28,378104727596608.5,14022028159740.281,4.134,3.283,3.065,46.02,14.192,6.918,487253809198.0115,11954378133834.0,4820624229879.539,1755319051246.0803,5655138425856.933,31949660958.649544,11596689609.222685,114864834741.74167,4852573890838.188,1766915740855.303,16151969493798.29,2170162038453.227,15050896351975.1,146413788164994.6,14357513396505.21,12448955373040.523,159570464697170.56,73954984949770.0,82884223131518.1,108122215186932.02,90464282808453.08,340939943674737.1,347276484033647.0,6270297295489.932,74872408369.52005,233835393749.6366,6620150876649.023,1007791433987.1818,3533910124453.967,3381636157413.779,1611336082458.897,10893560280640.53,11840269491931.408,NCEP,M
57,2004-10-01T00:00:00,209495291532448.38,207707209837910.12,208607845696510.44,13352763734886.963,218265374155903.8,9657528459393.357,2.541,1.771,1.6650000000000003,27.674,27.645,15.994,487253809198.0115,3695235275493.606,1755319051246.0803,3077397026234.491,3295347627204.05,11596689609.222685,32258005418.785046,79435361766.02072,1766915740855.303,3109655031653.2764,3249892865637.7715,2147587568242.8682,5300921724213.041,84292517781941.3,7935660994265.974,4537638678092.016,99678217865559.77,52572376371533.39,37502114038118.18,60052513379817.01,55113534048118.945,201455046211383.7,200229526946062.88,4267719473970.8774,54140993779.97432,53953978045.05172,4485055197503.293,1081908091736.3298,1894906793391.8157,2636663777312.4404,1043579907172.1632,8040245321064.699,7477682891847.246,NCEP,M
58,2004-11-01T00:00:00,189450425756021.06,188780316154285.5,187199328050038.62,10625997520308.01,196989964618127.9,9790636568089.305,1.374,0.44600000000000006,0.422,7.861,83.182,54.037,487253809198.0115,835360952218.705,3077397026234.491,2776840889832.008,2316226118303.0244,32258005418.785046,29431148060.054504,62695397942.5295,3109655031653.2764,2806272037892.0625,-138131635778.19873,2831159856697.698,2572216561752.7954,96783397842850.78,2608063935032.536,1523827243357.2966,105489039906806.45,60000239226764.01,17148590818864.115,23121438489912.535,56604575937750.695,181428902802884.62,181850270598453.8,4941817294863.753,32457746224.311405,43655648446.81482,4689056645271.46,1918121033742.4302,1127195016761.1426,1117928976083.4326,1081336147574.7654,8021522953136.43,6930045555831.68,NCEP,M
59,2004-12-01T00:00:00,201339385675820.78,198212837741506.8,193877111512587.44,17841564956142.336,208822487849265.56,14945376336678.127,2.7369999999999997,1.494,1.3679999999999999,16.233,22.413,29.131,487253809198.0115,2896188619464.209,2776840889832.008,1498669118583.9075,2093960895445.3455,29431148060.054504,124256346686.26138,113397806662.09024,2806272037892.0625,1622925465270.169,-1413705901556.44,3681166094054.2173,5305558562519.159,94731252177206.38,4274427308853.7373,3399271001647.0137,98456275885342.58,58982476381556.91,23576276436002.016,31719810869847.355,60765904201286.07,188832810430257.66,187072883831484.38,6602016637034.177,131975318213.11859,202262614667.3072,6669729101302.377,3451594566859.077,1685207723797.7773,2250701427002.5586,2653041766709.1587,12506575245563.121,11139953910022.432,NCEP,M
60,2005-01-01T00:00:00,142901660091869.8,144167117887636.4,140043807481816.27,11293469939930.295,150988847866378.7,10945040384562.422,1.638,0.249,0.22999999999999998,3.085,142.948,176.008,487253809198.0115,348429555367.8727,1498669118583.9075,1061416895557.4569,1606691771987.4207,124256346686.26138,84937377156.9681,82427992885.91798,1622925465270.169,1146354272714.425,1137316158924.6802,3381850689234.263,2293525016447.6284,72173621743109.0,2046947569308.4246,843698303157.1558,74948495103563.67,45900563872598.43,11488201193817.484,15108087596208.814,48205221703121.6,134025971515073.4,136688865569811.17,5088070514921.811,27573829547.966434,22346195598.4079,5056667706824.145,2550671591120.7847,780029449425.8263,1214600275155.4,1613981332027.3098,8875688576796.404,7478252317825.247,NCEP,M
61,2005-02-01T00:00:00,157571544686124.4,152374945808288.25,147354993344090.0,16662146810336.623,162249320235413.1,14894326891323.088,2.629,1.2,1.078,10.61,26.155,42.421,487253809198.0115,1767819919013.5347,1061416895557.4569,1859657638909.6836,1651328578866.5571,84937377156.9681,123291849810.53616,111596835166.08531,1146354272714.425,1982949488720.2197,-2592183743568.6304,4017442538003.951,3873982401152.469,77292434663449.44,2522952527471.898,1987911315395.9104,80042063468207.52,42283955799793.555,13458537137316.408,23304015875458.332,45597800171032.016,144868317654097.22,141621353304027.84,6873674625061.903,72151768833.13974,92443838784.93036,6915532627251.832,3621859248486.8203,1494122838295.2559,2115249319693.5308,2271785269880.1826,12703227032027.186,10753592504260.41,NCEP,M
62,2005-03-01T00:00:00,185008147262481.3,182091016420559.22,178727218993744.66,13130386517786.812,190698629407363.8,11971410413619.17,1.551,0.6479999999999999,0.604,8.827,54.903,47.942,487253809198.0115,1158976104167.6418,1859657638909.6836,2882409783447.336,2052616828874.5703,123291849810.53616,83665303743.29192,74681795842.91019,1982949488720.2197,2966075087190.628,-775029142486.9404,2870203191433.0273,2771334711383.841,80226223036070.81,12334983589915.283,5092131537321.895,68952302072562.375,65758894700175.266,10006254631248.418,23695138032320.883,81779934205187.39,174772387305888.88,173073474498913.47,6352248284143.988,162656421445.44574,129381672157.43102,4237454191216.0806,2636509595400.769,272650913775.87112,1117620404890.2468,4344780395208.345,10235759956592.436,9017541921645.742,NCEP,M
63,2005-04-01T00:00:00,243599285020118.66,240954473162965.3,237368207794280.25,14582902028658.826,250221695226019.44,12853487431739.201,1.6840000000000002,0.729,0.6859999999999999,11.859,44.836,28.228,487253809198.0115,1729414596919.6257,2882409783447.336,1764959247650.3223,2584664331539.95,83665303743.29192,19753006624.27196,67801805010.621826,2966075087190.628,1784712254274.5942,-2096760090227.143,3485134831345.5713,3997374974511.3794,100210824549849.83,2679767145539.3477,2799695424550.322,127442626452672.16,102107089870857.33,17517999924928.754,27979813424457.03,83965480048978.3,233097423269714.5,231605873572118.56,5043179503256.475,7663131877.632978,12988108651.14851,6112768233315.475,3536697069602.659,1311029436051.5703,1908997068893.8728,1917138789602.0642,10501861750404.156,9348599590846.742,NCEP,M
64,2005-05-01T00:00:00,354177093906105.1,343818749917339.6,351159314847995.94,25236025715113.15,365448197287301.7,14288882439305.793,3.875,3.117,2.9080000000000004,43.379,12.579,6.423,487253809198.0115,10947143275807.355,1764959247650.3223,5136127798027.767,4442234005503.396,19753006624.27196,36210346740.850555,94514566374.11479,1784712254274.5942,5172338144768.617,3976425123018.9424,2850082530189.3315,13607026749521.143,110326203888686.56,12900600539399.383,11203916499195.57,152533686390568.4,116907306683116.12,66342768328390.42,104130420876139.11,100639105042088.86,342567847947137.4,332416160300447.06,5182414708071.703,103953244906.76797,191015675800.71878,6524766290716.813,2595433494643.4834,3265899225367.0176,3640382080451.8306,1507970855901.9854,11609245958967.734,11402589616892.584,NCEP,M
65,2005-06-01T00:00:00,417820898214843.6,416041100812662.75,426605059291701.0,22922888645995.36,440883305613305.4,14278246321604.348,2.752,2.026,1.923,37.712,23.683,9.591,487253809198.0115,8644642324391.013,5136127798027.767,9886823046231.754,6824440075794.83,36210346740.850555,260093421628.07672,115151666561.15419,5172338144768.617,10146916467859.83,11839423225802.371,2954446106023.9673,11740842246257.852,159842738209152.88,14796822789208.145,13642920454266.646,188411104153398.62,141652813278548.5,66675810625115.81,91536590219878.92,135093656431488.86,406675062161846.94,404977393999211.44,6029888263573.58,105632884504.3348,260771341744.8178,6261061424231.641,1850703753519.5864,2687185551926.6616,3004472694158.675,2009826952788.66,11145836052996.658,11063706813451.297,NCEP,M
66,2005-07-01T00:00:00,541295077482382.4,545170795871519.3,558193598346353.0,29224159768611.273,573531739584911.8,15338141238558.771,2.8979999999999997,2.488,2.3640000000000003,47.516000000000005,23.023,8.487,487253809198.0115,13886018530052.502,9886823046231.754,9479804531330.746,10312696409402.8,260093421628.07672,214723496927.51642,158396186953.76013,10146916467859.83,9694528028258.262,17309348508856.469,2490097341370.074,16176318314495.55,147580442678650.06,58398010765177.555,38081084765512.945,180276485192332.44,159900821610452.4,152500262558101.28,182944980395279.4,141362716984915.47,528507329449894.75,532537475500526.75,6482961074314.342,259014700891.08234,160284771198.20193,6737461617189.182,2447630197281.397,2988693083595.74,3696871989693.708,2648150969316.551,12787748032487.648,12633320370992.555,NCEP,M
67,2005-08-01T00:00:00,517941029015688.25,524218615363838.9,539843700688576.3,33922833928415.42,554463291724243.9,14619591035667.523,3.988,3.576,3.3640000000000003,56.903000000000006,16.523,6.429,487253809198.0115,19303242892747.9,9479804531330.746,5928521880992.751,10288566858364.246,214723496927.51642,51319673746.007965,166809861430.89874,9694528028258.262,5979841554738.759,21866142661499.953,2734545113269.081,21530289798276.22,130430399782062.06,66435001596269.48,53176656210788.73,141115235043469.1,104593009590232.83,182579788937936.62,217563142799393.0,122254863431632.16,505763208382476.56,512384889009307.4,5102720810843.395,261817149927.4742,523395102407.28455,5171694286784.357,1775218029458.65,4355818946732.6787,4776486690502.357,2044395971087.0068,12177820633211.686,11833726354531.518,NCEP,M
68,2005-09-01T00:00:00,393997451889114.5,396510543645248.56,400703059518926.3,24142361473170.51,416230961699295.5,15527902180369.219,2.782,2.15,2.028,35.682,24.471,11.945,487253809198.0115,8614459292801.292,5928521880992.751,5588328693600.397,7026674483903.287,51319673746.007965,250978557591.35022,142912323551.70255,5979841554738.759,5839307251191.748,10987016646568.65,2734095887118.695,11147015014556.262,162347193329752.4,26815321662542.758,16865738141155.842,201181651460377.84,57072847728881.67,79194698307417.11,144767645904456.3,76776044380431.98,381053425104246.25,383967715810769.7,7428402942549.697,136466822484.30878,179377832142.27576,8779033493789.771,832729863039.9856,2446675020345.7114,4503516147136.283,1180652497859.0823,12944026784868.242,12542827834478.873,NCEP,M
69,2005-10-01T00:00:00,243300376047701.5,254688729322741.2,253771758293073.8,13314663535896.27,264385891808052.28,10614133514978.443,1.807,1.064,1.011,20.282,40.834,22.221,487253809198.0115,2700530020917.826,5588328693600.397,2767142203234.96,3557209728707.0796,250978557591.35022,42010974839.00969,80658175240.3762,5839307251191.748,2809153178073.9697,11058729234729.732,2303620388055.988,4584388907291.095,114296835944428.1,6190499045731.12,3123940779673.0464,130580435668427.83,56932630647241.18,41703562464484.56,60467672605345.35,67945730003904.23,234821079976687.7,246420227182547.75,4954001721544.561,26887584182.35594,28333952230.32077,5449054457872.126,1057122901144.2498,1441925455817.0198,2439837496094.6943,1350634642321.9333,8479296071013.825,8268502140193.435,NCEP,M
70,2005-11-01T00:00:00,173816227037601.9,179268918618715.22,178049163364935.5,8978603475893.578,186536250141725.28,8487086776789.808,1.379,0.27599999999999997,0.263,5.473999999999999,129.235,88.0,487253809198.0115,491516699103.77075,2767142203234.96,1809444292178.4019,2117376979187.287,42010974839.00969,226362335256.4525,60074531062.044716,2809153178073.9697,2035806627434.8545,5170861732973.041,2777005889829.782,2454519002350.382,95052403820604.9,3347399714274.8276,923512203272.7008,108818301566327.52,56236383139625.48,9742852533149.662,15121854375394.637,51876646256654.734,167334153538897.72,173785200070406.72,4070833176120.9785,167360926257.52338,8275081346.817059,3956050627513.8145,1604670719166.422,411904389529.00354,798294522069.9702,948402605008.1512,6482073498704.1875,5483718548308.493,NCEP,M
71,2005-12-01T00:00:00,134988915301496.05,136513070170645.33,134072435600516.97,9276815121946.53,142808518210856.9,8736082610339.949,1.474,0.40299999999999997,0.377,5.829,69.936,79.28,487253809198.0115,540732511606.57965,1809444292178.4019,1435300839483.956,1219893163855.8887,226362335256.4525,33300262400.613197,57619818165.26873,2035806627434.8545,1468601101884.5693,1497681857508.8943,2850406810048.3086,1976440125975.383,65914155482883.64,1156710566451.5193,646504034100.731,70012199788770.58,53080348348140.41,4167743888027.8423,8273894775656.581,55324040391807.68,127914902640781.36,130660694635057.62,3851137981969.1772,37758271438.51193,21745601790.10808,3929524130879.7783,2533787277510.703,347230938030.73395,667341799444.7052,1537862195238.6729,7074012660714.693,5852375535587.697,NCEP,M
72,2006-01-01T00:00:00,154363953949113.84,154213134595390.53,151903162478914.97,16884925837383.395,165351822384002.97,13448659905087.977,3.846,2.262,2.036,20.351,15.399,22.642,487253809198.0115,3436265932295.4175,1435300839483.956,1994800256092.3245,1706928975920.5762,33300262400.613197,97789461909.54636,104574758545.92587,1468601101884.5693,2092589718001.8708,3909435212701.42,3203549043233.2256,5842549009365.309,80191169908066.88,5130038312857.7705,3153880767081.827,82045270995210.69,31000051596097.1,16296135957125.184,29009775112250.58,40594367948263.7,143354877383496.38,144065813213457.34,7088226392914.297,286736436007.35754,199610992420.40967,6615706832744.807,1470297865789.6904,1330136453884.662,2250941314493.0757,1914741659296.3545,11009076565617.473,10147321381933.182,NCEP,M
73,2006-02-01T00:00:00,166699065563810.4,169063030680128.25,163406058134687.2,15645141748773.553,177559963404460.06,14153905269772.865,2.3970000000000002,0.9129999999999999,0.8330000000000001,9.532,30.23,39.741,487253809198.0115,1491236479000.688,1994800256092.3245,1037345124585.6462,1609979179790.9001,97789461909.54636,38708372490.03935,88189678965.35979,2092589718001.8708,1076053497075.6855,2838665375923.371,3503758345785.8037,3917120879939.2905,90836094904720.62,1763163832828.9788,820960136691.9752,85776972615509.66,50789529441100.89,7863730275677.909,12622249674372.184,63047725406145.71,155068834156885.7,158451592130162.25,7661097728927.181,63643278922.46978,20881680549.354904,6697689564084.225,2902408256984.9146,550833461334.2415,1045843740463.2643,3299272245625.069,11630231406924.715,10611438549966.006,NCEP,M
74,2006-03-01T00:00:00,171139541803791.28,171410537294949.97,169156990009154.78,10870258286116.195,179473082086871.38,10316092077716.588,1.562,0.328,0.308,5.098,94.281,73.983,487253809198.0115,554166208399.6083,1037345124585.6462,2034329136049.5652,1685402154552.6758,38708372490.03935,36876245686.90851,55105791350.57076,1076053497075.6855,2071205381736.4736,1820313590385.7544,3348965364808.4536,2642374039209.789,88105527781114.75,1916823242102.6572,1222060126999.1465,89188602980621.17,63740665079569.34,6726826766936.792,9882112941691.676,66648033844234.81,162950365929374.9,164480286833895.4,5025728009954.898,121622412928.96407,75557317691.27621,4597429452532.524,2270615622733.8945,472165015608.501,817274924036.2988,1739033579984.5708,8189175874416.368,6930250461054.56,NCEP,M
75,2006-04-01T00:00:00,299706826001335.9,296238603555295.56,294313084477909.7,17610276467275.04,310482889633924.75,16169805156015.02,1.459,0.48900000000000005,0.462,8.18,58.288,40.866,487253809198.0115,1440471311260.0203,2034329136049.5652,5425963431429.588,2798743307640.101,36876245686.90851,49151681960.02835,81759463680.21686,2071205381736.4736,5475115113389.616,1376158578578.2012,4473978151550.817,4295192831983.371,141713915044431.34,1953653188199.8071,1660681232138.6072,152668896813028.12,114519846479354.58,19171838485692.496,28534175855806.59,110797539727576.33,286428618611731.1,284591928214496.75,6845900062888.105,7517522555.290403,16547255471.718182,7556745516564.368,4379284409531.843,1297732117762.4111,2036475661713.093,2784680183916.763,13278207389604.758,11646675340798.832,NCEP,M
76,2006-05-01T00:00:00,359422314593486.25,360988896437915.8,366369862389630.75,28067965749583.75,383840095126666.44,17470232737035.717,3.646,2.8930000000000002,2.6870000000000003,37.757000000000005,13.384,8.813,487253809198.0115,10597733012548.033,5425963431429.588,6708587846860.953,4575362296340.761,49151681960.02835,158213732709.55737,125541222855.70518,5475115113389.616,6866801579570.511,13556001500250.13,2628218900782.51,13356178031306.025,158222302200585.7,5791306429746.507,9122809321734.35,171711358402162.44,89877106518836.61,54042980331878.19,87537460516011.92,114759451347676.69,344759678557168.56,346305096511463.8,8538098464561.076,21026291286.820614,95826557783.69498,9201271349594.432,1803465409718.1392,3087650993214.8477,4225245604254.7876,2373851292355.8833,14662636036317.697,14683799926451.982,NCEP,M
77,2006-06-01T00:00:00,461318439428943.8,465261596211848.1,471751638779649.94,25741329844725.56,488721767318963.1,16970128539313.184,2.3539999999999996,1.859,1.763,34.074,24.344,11.237,487253809198.0115,8771201305412.376,6708587846860.953,9410840026753.36,7117658028568.7705,158213732709.55737,160975564309.758,136896611529.13556,6866801579570.511,9571815591063.117,15419372139418.107,2784315963272.113,11104039513170.94,165835230416089.1,12433426962622.95,8520553256013.15,215203762772716.06,180506863653588.84,66392311633455.39,91976715504407.69,157207257870931.22,446839362830098.75,451236759239725.6,7244989626671.797,30196552636.234215,48149206057.595245,8726891655091.512,4115999141351.5444,2481349148537.7837,3069938624764.1245,2786399615856.975,14479076598845.062,14024836972122.504,NCEP,M
78,2006-07-01T00:00:00,679297188158667.0,682180387935525.5,705561585681542.5,48257497127507.49,725632768736227.5,20071183054684.984,4.582,3.995,3.739,58.408,13.184,5.88,487253809198.0115,28186314072822.508,9410840026753.36,8392543652072.832,11987455347954.383,160975564309.758,82440086175.90073,222771346246.86304,9571815591063.117,8474983738248.732,29972682629546.832,2651504720537.302,32325891709235.785,238157508080055.75,73704286102584.69,42750723214943.87,276661147555472.72,169717607910129.84,137458142783536.92,212900719099575.56,177019573878639.6,663526558304705.0,664843150320233.9,8950267144355.43,571571000067.8918,235297439328.57318,9468295943323.197,2672944839827.0835,4147206441748.8745,3912120430450.866,3150164230151.6475,15770629853961.951,17337237615291.613,NCEP,M
79,2006-08-01T00:00:00,531124171364084.0,531281237754969.1,550962265513743.94,37941676194201.81,568192888751656.8,17230623237912.793,4.285,3.759,3.517,54.586999999999996,16.057,6.29,487253809198.0115,20711052956289.02,8392543652072.832,10228375047273.756,10727507794829.932,82440086175.90073,177303685542.23016,175087939885.499,8474983738248.732,10405678732815.986,22798814311886.062,2899197821959.7837,23606774471767.176,181045346237376.84,47384066603631.5,32541644899230.266,210614372515038.78,83406617875034.34,153578182037622.56,219878100716183.72,105550494838410.17,516871709727825.25,517127115994703.0,8377177947974.418,60813400112.04485,240050356770.84705,8974498358664.346,1069407550839.6758,3619061010087.5015,4565825780673.797,1499748991402.2148,14252461636258.738,14154121760266.107,NCEP,M
80,2006-09-01T00:00:00,340782068322138.75,343934698739738.06,350541061603145.5,21334244753252.92,362746827374966.94,12205765771821.428,3.232,2.604,2.455,42.788,20.161,9.322,487253809198.0115,9128478981431.494,10228375047273.756,5140524270407.322,6134747247405.987,177303685542.23016,25568286248.58948,118189465563.29385,10405678732815.986,5166092556655.912,7041523165273.596,2317933241035.1265,11328102895134.969,110784651835054.5,31215064241404.258,21815694749074.91,125545920634215.53,75327645808082.84,95740633110786.64,123025237757350.77,81570816451196.77,330953230149563.0,334072434437603.2,5373749009120.407,145293938723.99362,165172080977.90942,5949016101905.458,1443136434520.0364,2277842633802.9663,2846780647957.369,1490111627702.4402,9828838172575.723,9862264302134.857,NCEP,M
81,2006-10-01T00:00:00,276111796266700.6,280841830554048.75,281174666679646.72,11688374683202.959,291187066736556.06,10012400056909.332,1.3780000000000001,0.596,0.5720000000000001,14.338999999999999,76.453,30.982,487253809198.0115,1675974626293.628,5140524270407.322,3588085396849.825,4133343850773.619,25568286248.58948,106346654517.94403,69791553954.17612,5166092556655.912,3694432051367.769,4934348389951.038,2777154190824.37,3873649958717.7803,136036596481098.28,3177057045902.642,1994993529526.9001,166952786302333.88,61373678031519.11,39784927089789.055,68917371786319.73,63798160886053.55,268322639828464.0,273712931324079.12,4870967544205.039,9845355804.600002,9160159146.398775,4958626278408.191,1149471962333.0938,1261314621882.4695,1759556772552.0576,899112973874.3749,7789156438236.589,7128899229969.636,NCEP,M
82,2006-11-01T00:00:00,198854268462440.28,199890003701683.97,197925796542529.53,11296712420129.037,207126860668922.25,9201064126392.736,1.7999999999999998,1.059,1.002,18.551000000000002,35.895,29.109,487253809198.0115,2095648293736.3,3588085396849.825,1101094316714.479,2507475405477.4395,106346654517.94403,31601381254.545734,84725193396.77992,3694432051367.769,1132695697969.0247,569647184510.6113,2541736614293.5205,3562424650046.3843,85495320025963.31,4144356814306.9766,2307487876264.5845,95601375608256.7,77879873350885.11,17701356855426.6,25543646093762.574,75815188297778.38,191226327346875.56,193262277575768.66,3666969929418.7866,41000623770.814514,64263744063.676636,3994754241342.453,2285997432182.883,1194435650009.4487,1610710009899.3633,1397535610792.6038,7627941115564.709,6627726125915.32,NCEP,M
83,2006-12-01T00:00:00,131665963607189.27,133787612558306.52,131603188648736.92,8768781703558.377,139813003431909.89,8209814783172.969,1.699,0.42500000000000004,0.398,6.375,82.9,77.578,487253809198.0115,558966920385.4081,1101094316714.479,1097979149286.9022,1494780239818.2517,31601381254.545734,8613669716.931335,58284396852.43464,1132695697969.0247,1106592819003.8335,2654512990978.1147,2683212241133.3853,2235585815025.4985,61144540786878.94,2127564347543.506,1023588886157.6597,70098880459755.89,49759203665055.64,10333947568714.24,13237035761818.701,45709231308410.88,125164369099910.94,128269623684424.52,3515142221353.6274,14768432406.24135,16061490423.210152,3622231413565.383,1936993669046.794,659434501109.4866,1033397126454.7006,1221554526800.8958,6501594507278.332,5517988873882.006,NCEP,M
84,2007-01-01T00:00:00,118324234590440.12,118860125679943.73,116545919349107.69,8448245214927.55,124518215909094.94,7972296559987.26,1.818,0.40800000000000003,0.381,5.634,77.574,78.166,487253809198.0115,475948654940.2897,1097979149286.9022,1219384928667.2036,1191006373221.532,8613669716.931335,33589227243.89597,50004285742.188934,1106592819003.8335,1252974155911.0996,1158221078070.3013,2286566507569.286,2118549568951.6924,47540576782080.445,2168751414002.155,1075548548346.8701,49946820811347.72,50794338244093.9,12410078094977.459,12592689039659.992,48682334531161.47,112003152614181.2,113207984851488.8,2933899968708.039,34013238217.785828,17322566616.51855,3113602066390.077,2402132771573.3877,852603280641.3618,967726669360.9803,1651922243205.7185,6321081976258.926,5652140828454.943,NCEP,M
85,2007-02-01T00:00:00,137742189978661.16,133861772454820.78,136845006213802.31,11690741927193.758,145505750030501.25,8660743816698.958,3.422,2.214,2.04,25.918000000000003,17.685,17.527,487253809198.0115,3029998110494.8,1219384928667.2036,4368808063429.1294,1913745093256.716,33589227243.89597,272380923477.37793,79027357450.0043,1252974155911.0996,4641188986906.508,2537795380424.3613,2320514327291.1475,4682274298708.317,52694204568383.38,4583319005558.393,4305967485551.089,61679571485817.06,35929727407537.2,27081969563731.08,37837412115947.93,34449063796558.344,130767311577419.61,127793923851664.88,3479862053520.8623,65920898090.49587,89374474421.80777,3471798792604.044,1233349928542.9312,1567641672061.1562,2172291944755.944,962487240400.2075,6974878401241.545,6067848603155.904,NCEP,M
86,2007-03-01T00:00:00,223898302617631.84,229134411872060.1,227281358408210.34,24775518452075.47,244503062963866.2,17221704555655.852,4.584,3.324,2.997,30.489,10.171,12.922,487253809198.0115,7553813896419.618,4368808063429.1294,1434680763495.7551,2478287808326.631,272380923477.37793,47964464917.50254,131192604543.8158,4641188986906.508,1482645228413.2576,9631379418377.93,3468517145193.344,10417488692176.178,105905732353550.11,7199078786401.451,4449996528038.711,113541629182735.55,62876492464283.39,18165098762051.152,36580432435337.766,76523382221350.23,209812653781209.94,215429188952538.4,7813568602808.39,298666442499.21185,226133473258.91028,7818212862344.027,3406158938899.8467,1930352367105.613,2639787821454.7666,3657991247572.836,14085648836421.914,13705222919521.688,NCEP,M
87,2007-04-01T00:00:00,259942041095564.0,258934146673074.4,256076955095794.28,18737014434884.88,271111171813470.34,15034216717676.078,2.343,1.4460000000000002,1.347,19.762,24.061,20.14,487253809198.0115,3702797717208.8003,1434680763495.7551,3001556125956.7656,2969792928278.615,47964464917.50254,63252665467.934425,103576219360.56853,1482645228413.2576,3064808791424.7,4277066852383.5117,3113124730673.5957,5999091623644.815,112874437558926.38,7483663334382.518,5558113224720.017,97296156476836.94,107305181129442.4,16439426454351.389,21514350836152.637,125857061080621.89,247252082749241.44,247076307346192.72,6729762410569.409,123293522514.50397,136974055597.4953,5786165612490.9,4843551401559.593,832794741589.5786,979670478596.0647,5115585450286.697,12689958346322.562,11857839326881.68,NCEP,M
88,2007-05-01T00:00:00,384036023517448.5,386443715463978.06,384322493093055.2,22322899940648.28,400784155002094.7,16461661909039.496,2.1999999999999997,1.525,1.4409999999999998,26.257,22.334,12.424,487253809198.0115,5861238031608.784,3001556125956.7656,2942682697323.442,4222825968427.3,63252665467.934425,15709995534.117077,97873894822.37892,3064808791424.7,2958392692857.559,8162513846655.486,2926494680028.1904,8455552198146.626,149573852790222.0,13802186992214.146,7755138052497.156,170709280706688.06,136706159758897.5,49899329046273.65,76196777838798.12,138513461452409.31,370231928440414.75,372924258197585.1,7087538459861.326,51456599823.78792,45990798572.05066,7858436959804.185,3505868449842.2124,2357006104834.948,3164697368758.1304,3252557601930.0415,13804095077033.72,13519457266392.96,NCEP,M
89,2007-06-01T00:00:00,440746185238915.2,429068925112668.44,442173378539317.94,39356823890478.14,460712138337440.6,18538759798122.727,5.061,4.707999999999999,4.3229999999999995,52.896,11.203,7.172,487253809198.0115,20818064092355.414,2942682697323.442,6784237995138.167,7774337299127.5,15709995534.117077,114900946640.05263,207369488928.6138,2958392692857.559,6899138941778.22,13081550155487.838,2366804916804.386,22377269425731.125,125130676032572.22,40688918280858.07,42891918038532.42,130044734053802.72,69654946884122.73,146308401294562.56,186104799814474.94,95969817489225.36,423782340769702.3,413011871118448.7,7168078406893.378,613668611880.22,818941343031.2201,7124650877885.21,1514997295298.5403,6051510942415.353,7461827423989.758,2267223562038.9585,16963844469212.896,16057053994219.742,NCEP,M
90,2007-07-01T00:00:00,543459841182175.44,539964060809903.3,553682130480044.3,39503685636182.92,572033010894036.8,18350880413992.367,4.093,3.82,3.566,53.54600000000001,15.666,8.673,487253809198.0115,21152805222190.555,6784237995138.167,6751664671156.16,10689633684459.646,114900946640.05263,33006429134.399666,246590835584.67752,6899138941778.22,6784671100290.56,17542556946263.18,2620069493585.495,22664209552424.87,158226517295194.06,63107482490975.29,64841258791173.85,152201498162914.4,143519407333644.7,148328179496134.28,160148082625044.88,160629096106439.3,526735266045057.44,524266256256463.25,6573775919629.526,778774778416.7502,1293486708210.5977,6735537878558.0625,2989981633263.371,5072472950229.463,5867330876014.507,3111018946235.8096,16724575137118.002,15697804553440.084,NCEP,M
91,2007-08-01T00:00:00,526406992889393.56,519487497415892.56,534466466091030.56,33427708480316.594,550640651133923.3,16174185042892.764,3.6470000000000002,3.228,3.0380000000000003,51.614000000000004,17.585,6.796,487253809198.0115,17253523437423.83,6751664671156.16,9027571044635.662,9787026214309.938,33006429134.399666,172358519665.32538,157611967690.74722,6784671100290.56,9199929564300.988,12749286499208.18,2463129855058.4272,19490094227396.355,163435215471768.03,57368829607474.1,42385777597261.66,176687656929660.34,106435506349197.62,153025191567544.72,200245885647380.44,118867122714319.28,512502385065607.75,505948800818998.5,8046081634341.154,143265176822.93243,206868977415.00574,7102088249371.297,1528151978186.2498,3555852723283.191,4123505233843.426,2737490447416.637,13904607823785.836,13538696596894.059,NCEP,M
92,2007-09-01T00:00:00,361749018708549.7,359075772819447.56,373003147895665.7,31325470446757.402,388346428766781.2,15343280871115.543,4.8,4.285,3.9530000000000003,51.019999999999996,12.613,7.216,487253809198.0115,15982189575641.86,9027571044635.662,8817915089342.162,6719251022899.8545,172358519665.32538,358592188479.48706,160180695805.86472,9199929564300.988,9176507277821.648,13285521377542.695,2189384337927.2534,17904764354102.45,117159318864034.75,43271000909066.86,35630439855761.93,116342657478730.94,56441892784984.46,107173941949577.72,139269019630778.94,79492868114845.53,348500671135560.06,346280468452221.06,7106462448298.112,359846674702.1466,372511073769.6478,6773616360868.699,1210128155299.3918,3858958112976.9453,4559245895622.474,1802883218678.7114,13248347572989.627,12795304367226.502,NCEP,M
93,2007-10-01T00:00:00,294875823161335.5,297729023046315.94,301056495714548.0,28918457106812.203,316976485409618.4,15919989695070.406,4.9399999999999995,4.3180000000000005,3.939,44.949,9.494,6.897,487253809198.0115,12998467411741.797,8817915089342.162,1210177334298.9348,3980795488672.6396,358592188479.48706,10447585086.130783,120496332072.50934,9176507277821.648,1220624919385.0657,7895784844230.655,3154159524274.6016,14872678013697.828,136692288823472.06,12220172893398.02,5768501078447.918,171176301631501.1,52495546907935.31,36852388696768.76,86232299446845.31,64724777144883.35,281188636256700.6,284973640366551.25,8046406588837.654,174816090845.66583,107112452456.76093,9083415864166.42,1079783908689.4662,1865510713138.46,4453883954651.006,1631640011614.1174,13687186904634.889,12755382679764.664,NCEP,M
94,2007-11-01T00:00:00,169731076789450.22,166167986502590.1,165225004791183.47,7669985584385.701,172496159043039.47,7271154251856.015,1.185,0.241,0.231,5.2,157.481,87.858,487253809198.0115,398831332529.6869,1210177334298.9348,2134671948236.1204,2093608256940.7485,10447585086.130783,153628604999.17737,48667524590.75468,1220624919385.0657,2288300553235.298,-2096583323619.314,2081847119104.5974,1958024871248.598,86548395715194.16,2179377479891.9382,1397536191556.9004,90130247547996.83,54723154849343.53,14975967776870.836,21360476905304.676,53846715166939.13,164029563661399.25,161132307971698.75,3498167510469.6543,5789587793.497283,15237646107.562683,3458857400659.9385,1679837329182.4033,510940998616.344,508270642291.3527,1060090543821.5781,5701513128050.973,5035678530891.357,NCEP,M
95,2007-12-01T00:00:00,133186087241393.97,132270568993269.86,129423294384628.12,9918199372397.262,138271602711806.83,8848308327178.691,1.973,0.827,0.768,10.786999999999999,44.138,40.893,487253809198.0115,1069891045218.57,2134671948236.1204,892973503906.2653,1523318711713.0823,153628604999.17737,5531283268.803252,58804999424.71698,2288300553235.298,898504787175.0685,-1235422976947.8135,2549170918493.7266,2553358020850.2056,65566131112614.29,1705893208218.0444,908859534242.3097,68885216260978.2,42083723632599.26,12694120090855.793,17416160215390.248,42691733299819.61,125974874494846.1,125976962859871.66,4320498099131.1763,11699301383.084322,18565317210.667072,4082664721324.9355,1889114780315.6196,832293295741.061,983034549890.417,1366948814949.1187,7211212746547.879,6293606133398.199,NCEP,M
96,2008-01-01T00:00:00,111546920616338.7,107065149985945.81,101921996126529.5,13111074934318.734,113320472571727.6,11398476445198.086,2.942,1.68,1.489,13.062000000000001,22.265,44.026,487253809198.0115,1712598489120.6475,892973503906.2653,713487899707.0132,1230008879281.4949,5531283268.803252,18289222638.336277,101341997755.10014,898504787175.0685,731777122345.3495,-2935899813314.147,2525009333911.982,2998536136736.618,54024365200355.25,6046482349312.821,2293799167955.224,61263309297706.56,22625041267370.55,7892892215155.991,22496707466344.367,23007288227910.496,101439913102025.39,98209972090085.86,5942344231189.37,465483965543.1725,164451747303.85474,6039550626468.478,906729552660.8987,1013979275583.6879,3093481983159.19,1336164028264.6091,10107007514313.312,8855177895859.947,NCEP,M
97,2008-02-01T00:00:00,102625261633006.53,102351278049083.03,100858101163705.98,7941074886013.041,108159550752754.12,7301449589048.141,1.939,0.634,0.588,8.055,56.361,68.579,487253809198.0115,639625296964.9004,713487899707.0132,1739803195077.1628,1243104989660.7903,18289222638.336277,94957352969.19272,63023900400.56283,731777122345.3495,1834760548046.3555,1468625140335.717,2017632150879.4038,1955880003152.018,51701215961754.27,1623829736913.5076,927396075190.6274,50832110002230.85,32755371430154.36,6948889369545.303,11274372505684.594,37757588856787.13,96658355972783.84,97162417965476.8,3637021473990.6636,37848179750.61168,21311652553.96265,3320540563990.119,1466667796985.049,445655429149.0752,841904736693.0122,1384815910716.4336,5966905660222.6875,5188860083606.239,NCEP,M
98,2008-03-01T00:00:00,213844455446048.06,209471974819334.56,207036710671120.22,18048090450951.492,220960606336876.78,13923895665756.543,2.948,1.992,1.8319999999999999,22.851,18.055,17.855,487253809198.0115,4124194785194.95,1739803195077.1628,2182407649335.9272,2402019695930.1235,94957352969.19272,121588946965.111,98974891064.61102,1834760548046.3555,2303996596301.038,220950213410.25098,3082008401333.1826,6102626513233.856,93183707257797.3,6067877824379.15,3891309501006.969,93060215624941.61,69037734538609.7,24735026292978.555,35881197563885.65,74888556766251.12,201993948861299.62,198751676508550.44,6434791597808.686,77424183625.138,69509347846.71707,6214095796379.079,3490716748838.18,1727816889114.0027,1855488890254.8586,2700961441665.9033,11850506584748.441,10720298310784.123,NCEP,M
99,2008-04-01T00:00:00,266193696154889.12,259613335572914.0,259030922674357.2,19496982342045.355,273870136043756.72,14839213369399.531,2.528,1.798,1.672,23.89,21.526,16.576,487253809198.0115,4657768972645.824,2182407649335.9272,4674131629603.949,3342121484523.712,121588946965.111,127053402261.49117,107230503798.15579,2303996596301.038,4801185031865.44,574596886729.9609,2907225412123.938,6548389966358.471,93866834960735.12,8748937714203.293,9380401040486.635,109586008805662.78,77045559245765.4,49289772471155.7,73073897479180.17,80183682087372.95,253366692726167.34,247808401078394.75,5792794033414.597,151513181990.92834,252464947893.86383,6368516221000.832,3351532083474.044,2753495165415.511,3430212363939.2705,2531409926111.9927,12827003428721.773,11804934494519.266,NCEP,M
100,2008-05-01T00:00:00,351108144448308.9,355460691514395.9,352912526304301.8,20677491026202.754,370649885240687.6,17737358936385.793,1.6660000000000001,0.8330000000000001,0.787,14.219000000000001,41.802,24.934,487253809198.0115,2940132089816.9614,4674131629603.949,5211468778567.37,3964616279125.7515,127053402261.49117,128753186413.01453,98532189964.33301,4801185031865.44,5340221964980.385,7831716081783.57,3969545183234.5005,5879426585312.213,128187113294287.03,9888513288508.086,8459258251967.558,149879434974866.34,156605851855583.25,28239546197850.61,43184910007841.98,153814136479197.16,336437133409679.8,341821630940422.25,7961802042971.557,46836120278.64118,101532544462.7375,8040680829199.066,5127071737307.94,993038928597.7634,1480604713886.8145,4558504695898.146,14671011038629.05,13639060573973.62,NCEP,M
101,2008-06-01T00:00:00,448193450406673.7,444009346902872.06,456312602437149.2,34452354151738.914,473970830815524.0,17658228378374.773,4.182,3.6799999999999997,3.422,48.746,13.438,7.288,487253809198.0115,16794125773364.143,5211468778567.37,8258185411711.862,7522617704335.428,128753186413.01453,83217951947.45987,169983141971.82565,5340221964980.385,8341403363659.322,15611203745718.564,2536331290648.006,19083749180867.453,157329625790996.06,16896711171896.012,17043783643308.408,176821165774253.66,163841120187789.6,77992660459319.98,94739069000121.22,157260130439100.22,432953598622215.25,428970667844569.9,6927012724138.28,82769470907.82333,278446608033.9136,7692759418400.602,5188323445796.952,2657418699794.7334,2846069006489.2993,4605731469199.038,15239851784458.445,15038679058302.195,NCEP,M
102,2008-07-01T00:00:00,555772594161712.8,549711507452777.56,572847257657014.8,44121226154636.56,591473037745088.5,18625780088073.867,4.896,4.4510000000000005,4.132000000000001,57.785,12.516,5.876,487253809198.0115,25495446066562.695,8258185411711.862,10887506257826.432,10293975735469.041,83217951947.45987,312536008683.5533,201363306998.01575,8341403363659.322,11200042266509.984,22292998027530.16,2517591049382.9263,28043897209366.016,156024821374574.16,52191009411495.79,48666232008150.55,150749351817716.9,123928219097767.39,189797358578349.84,211159210687897.72,141178134382259.66,539778483168389.75,533915854189822.25,7960660089124.662,292294109520.09534,455656747446.82806,7233252952644.596,2041056124788.6973,5611239783536.836,5536738031962.8955,2658866417253.7637,15994110993323.084,15795653262955.291,NCEP,M
103,2008-08-01T00:00:00,529569265580556.7,530405138883314.8,557875491712607.75,51480705436235.99,574435759033708.1,16560267321100.324,6.643000000000001,6.260000000000001,5.731,67.83200000000001,7.877,3.522,487253809198.0115,34920438115135.668,10887506257826.432,4125295422516.062,8872917800394.852,312536008683.5533,36325014957.64333,165311418750.12866,11200042266509.984,4161620437473.7056,28717889413641.07,2809993844823.5493,37059006043312.43,149457220382794.16,57621902839024.83,41055603524544.65,170930383356252.47,129839036715329.81,158436943145069.72,195108241573648.06,129701960906432.16,515460102196316.7,516691190246779.25,5566783502148.832,370288780512.6917,419323725395.31836,6259176549398.775,2269152807335.2837,4969809821663.453,5853903349360.575,2114673484960.6445,14109163384240.01,13713948636535.564,NCEP,M
104,2008-09-01T00:00:00,456239655993410.2,447739641511205.75,457062871327688.9,37581857662117.086,475587694530456.8,18524823202767.98,4.517,4.169,3.853,50.708,11.187,6.494,487253809198.0115,19057034459349.105,4125295422516.062,4731216291186.696,7106589963070.892,36325014957.64333,16481229445.881115,171871717331.80566,4161620437473.7056,4747697520632.577,11143096990982.748,2453209296544.1313,20647146271395.184,167301910424395.44,36735972970059.37,21917811373049.305,202976726988621.84,73286213004849.58,109999891135703.0,176835334815351.62,81971917670722.81,439341269617645.94,431684508765107.0,8682850754284.937,449672223538.66327,227790045717.4911,10352846567003.463,1290055345855.0906,3350050530935.999,6697690229906.744,1902563424620.635,16898386375764.262,16055132746098.762,NCEP,M
105,2008-10-01T00:00:00,277282827118638.12,280882926589772.7,282798398954688.9,19017409962152.52,294668099458202.3,11869700503513.463,3.253,2.527,2.368,37.585,16.299,7.882,487253809198.0115,7147709458639.057,4731216291186.696,2276677943703.8955,3758104604681.808,16481229445.881115,29344690184.165398,75723614130.34154,4747697520632.577,2306022633888.061,8306134009259.023,2279208185353.8027,9199942082957.877,124325839708648.03,6557968168502.404,5020445606025.503,133434739979009.31,75909728102538.14,47303237475412.06,62225827051677.69,84025833305103.34,267481840468889.38,271321778928027.12,5653345116559.291,22329031752.511295,56889260405.390884,5564509116242.274,1740402834949.9814,1966021944395.3005,2350349437834.097,2008287569355.4922,9800986649748.762,9561147661745.578,NCEP,M
106,2008-11-01T00:00:00,188803333056670.4,188719564118965.3,186619702563096.9,11251628573204.607,196195332649931.53,9575630086834.63,1.797,0.898,0.847,14.896,38.605,28.438,487253809198.0115,1675998486369.9773,2276677943703.8955,1661937852070.329,2156708597571.3052,29344690184.165398,7120243594.562099,66196663687.815216,2306022633888.061,1669058095664.891,955264985094.3403,2452868785334.8193,3353841675313.8823,92440975951230.2,1429655566464.3425,910343988840.8807,95853750319546.98,73509024136601.55,12253768359169.822,14074546772291.219,72066748790531.56,180934890848963.84,181603923035712.7,4821329802256.316,6533514362.620574,4855862636.567615,4419687532048.057,2211955409901.06,625096029377.7473,830301132912.6168,2064324007464.2117,7868442207706.561,7115641083252.636,NCEP,M
107,2008-12-01T00:00:00,185367445030470.53,184101120116441.56,179159840333764.3,14031761014404.256,191854102670147.78,12694262336383.47,2.017,0.747,0.692,9.532,34.241,38.636,487253809198.0115,1337498678020.7847,1661937852070.329,1003178786523.1572,1477328599664.4102,7120243594.562099,25564588664.56905,69455721590.01595,1669058095664.891,1028743375187.7263,-569140956376.3472,3109830073954.461,3614409104455.0044,97500532743112.03,856653984175.3164,529082347971.64813,90226101064711.2,68299540052598.83,8030851947955.991,8628058220433.347,75428645445943.6,174957213364115.84,174542252442786.12,6366776373951.94,12672041729.220772,15411471471.902098,5835500337370.364,3468969839382.8765,645604430507.9756,559073981547.9711,3065090864047.8613,10410231666354.69,9558867673655.422,NCEP,M
108,2009-01-01T00:00:00,138499097021809.95,136035599235936.44,132974490513824.95,11130547435895.314,143488871705828.4,10514381192003.445,1.745,0.46299999999999997,0.428,5.536,67.143,88.971,487253809198.0115,616166243891.8683,1003178786523.1572,2171104310409.8582,1334558768954.4412,25564588664.56905,107965948573.49622,73683749008.56876,1028743375187.7263,2279070258983.3545,-597004659242.971,2853364608857.986,2320837603107.5796,72832843114147.83,1319982608176.9546,819149188314.4672,69346898072168.48,48822539642339.74,4773163266786.545,7240419832884.757,53042504653175.53,129714951777686.78,128482548600307.52,5582948956651.097,70431167250.68687,39834135166.38718,4643208837440.115,2567122862830.3564,295304656729.234,594239289475.3254,2544105974208.888,8784145244123.165,7553050635628.924,NCEP,M
109,2009-02-01T00:00:00,154271828686194.75,152751632100530.88,147925487200206.84,13783897408832.152,160751906972528.56,12826419772321.709,2.064,0.647,0.592,6.946,50.383,58.591,487253809198.0115,957477636510.4436,2171104310409.8582,1630410581625.5212,1722875194711.5508,107965948573.49622,130885263722.63905,83481818747.10771,2279070258983.3545,1761295845348.1604,-1080493363556.895,3186427372342.9365,3052551655074.8784,85248921774738.5,2464617647833.1055,1403793517323.0552,93609500755965.34,31646698116987.176,13036957806375.156,25349035471962.22,34131448753332.855,143648448881010.97,143242524963506.47,7180969154088.907,33226801363.595886,19159088823.811447,7314281152624.93,1344758025816.0828,1146314693714.3118,2078493536454.9756,1015284489321.5708,10623379805183.777,9509107137024.408,NCEP,M
110,2009-03-01T00:00:00,206426757566172.25,204919152028170.2,198792254611572.6,17720260822884.4,214133064305599.4,15340809694026.816,2.271,1.197,1.099,13.428,25.407,27.523,487253809198.0115,2379451128857.582,1630410581625.5212,1048844245171.4661,1950171206008.4846,130885263722.63905,13823035972.310461,88024506431.1918,1761295845348.1604,1062667281143.7765,173217010825.0962,3635691635310.7236,4515553376800.75,89523629587278.64,5945041392586.496,2548680443961.7925,101552926378773.55,68011599157226.195,18006765396332.402,33269026195344.63,67723123821907.93,193352935383811.25,193227856989600.38,7353165354072.159,72495324837.60829,33481157045.24924,7594942328103.435,3294519291360.8096,1173003280344.62,2392656379882.7944,2850854105284.158,13073822182361.012,11691295038569.82,NCEP,M
111,2009-04-01T00:00:00,252700488081690.3,249231605141492.6,247613670584519.9,15743309384426.598,260134257115573.28,12520586531053.383,2.234,1.302,1.224,20.47,31.423,19.346,487253809198.0115,3222722853373.215,1048844245171.4661,2453809681215.1084,3375609439453.6807,13823035972.310461,38470154035.68463,86594855625.45554,1062667281143.7765,2492279835250.793,1183452472957.965,2879641739105.7036,5530730394048.714,74595638125015.03,14580687650327.873,7825262912230.379,92201198498342.4,84009062939866.47,52711466230287.81,76071768150172.88,80135778130297.97,242501732127284.75,239629130509256.06,4727169591758.38,49686925528.155,45918134861.27438,5217878250973.3125,2987270944395.7793,2117743041482.1306,2438397283390.138,2217166414252.9233,10198755954405.572,9602474632236.521,NCEP,M
112,2009-05-01T00:00:00,352579160302824.75,356512916978194.3,355137189798043.5,26195594603111.97,372775920566053.94,17638730768010.395,3.037,2.409,2.244,32.665,16.576,11.229,487253809198.0115,8556863835101.574,2453809681215.1084,2790507255373.2217,4575428876951.509,38470154035.68463,38755731424.73032,129146368903.13443,2492279835250.793,2829262986797.952,12827603607554.273,2646799789544.884,10786940865980.793,120948467504906.27,17791373370986.242,12473714667157.299,139113564098377.66,76078257278085.22,96007474691300.45,127708537269580.44,88647329516025.14,337208976719729.25,341559741676689.5,7969888473087.625,157760785284.63483,66771557873.81271,8788119947077.599,1689756786256.943,4034341298726.6343,5643766765877.109,1972953270415.9321,15370183583095.49,14953175301504.8,NCEP,M
113,2009-06-01T00:00:00,428689096944888.44,433267547818297.4,433886562230538.6,18907331831784.36,448206862377737.4,14320300147198.766,1.7260000000000002,1.057,1.013,24.261,38.271,15.599,487253809198.0115,4587031684585.594,2790507255373.2217,4390667969864.844,5851688841241.42,38755731424.73032,16279505844.443289,99379393669.56757,2829262986797.952,4406947475709.287,10743167054841.703,3043330125121.0986,7489036950673.74,161111854768522.9,24801755207812.38,10256117235843.193,187370589797863.38,165248814379042.0,51123131560760.53,80692771411794.48,158711380743563.72,417309557795202.56,422006857310000.0,6807699896504.701,61711288986.426704,19214837214.73042,6325510860306.662,2987921495238.9336,1442862390559.6792,1564702920727.5247,3430605968444.6147,11379539149685.89,11260690508297.383,NCEP,M
114,2009-07-01T00:00:00,569425668626936.6,564785534803496.5,581378485408092.1,40521860244768.51,602081780123207.1,20703294715114.96,4.005,3.4090000000000003,3.1870000000000003,48.908,15.185,6.972,487253809198.0115,19818565529653.547,4390667969864.844,10847833116401.479,9708207838240.723,16279505844.443289,196837160094.4166,185719002178.08365,4406947475709.287,11044670276495.895,21816154328449.79,2966948816827.0957,23284626404937.812,196520476782237.53,55056120476663.266,36533296775573.17,214356307282832.56,119825264304209.86,128533400365724.19,199325676430929.78,149300197761532.8,552204714292950.4,547246025886752.8,10528955457753.22,320624636768.1714,175499772113.3731,10168636282921.092,1902268441997.3435,3549368791290.383,4614230662122.312,3500879205764.055,17220954333986.25,17539508916743.701,NCEP,M
115,2009-08-01T00:00:00,458472841831795.75,460967540009357.8,479653290590554.1,41141875880712.44,497632522617532.25,17979232026978.117,5.331,4.829,4.4479999999999995,56.299,11.321,5.113,487253809198.0115,23162643853734.32,10847833116401.479,8084070842327.133,8458543812451.242,196837160094.4166,137230376077.08072,159195557683.51605,11044670276495.895,8221301218404.214,22833972958127.477,2873784491050.3438,25569896913797.105,156332447804810.16,36444615769133.4,32373695729892.477,180613997113678.2,85101566149983.08,123249495312264.75,169289990340289.1,105691214639353.5,443097700024974.8,445999322834429.9,8084960472570.287,249845890750.91153,276412970247.7778,9236330706396.705,1418068005816.1543,3881630350717.4985,5595700358186.699,1600410227062.845,15375141806820.918,14968217174927.96,NCEP,M
116,2009-09-01T00:00:00,465550578235027.2,460617007165564.6,463477639813722.6,33472872156020.824,483605660583362.1,20128020769639.504,3.402,2.879,2.685,39.867999999999995,17.268,10.519,487253809198.0115,13344851386381.32,8084070842327.133,4487590284958.306,7681225768552.225,137230376077.08072,8826772761.691536,194959630138.62396,8221301218404.214,4496417057719.997,4686396312970.339,2725154156469.2954,15767082046872.46,182156021999913.28,41119192445820.56,21213514266613.754,221080009091254.97,79713558662674.1,87809408900625.4,164898923572754.78,93214357044190.92,447982018501955.9,443222967481891.9,10634870607930.5,486460151320.728,248803456688.41055,11470720316027.27,1492098151804.9739,3210842257348.814,5192787516647.398,2226016958975.9346,17568559733071.283,17394039683672.748,NCEP,M
117,2009-10-01T00:00:00,252206787950605.53,256804152538183.56,254969978311496.88,11542670159998.883,264572208487693.1,9602230176196.225,1.473,0.761,0.728,16.811,51.941,21.861,487253809198.0115,1940439983802.6577,4487590284958.306,1621725917836.2356,3251260743215.1543,8826772761.691536,70425091137.52374,57017102579.601425,4496417057719.997,1692151008973.7593,3733538508882.047,2321045301741.4414,3754859652546.746,126231095898725.3,6447062053783.58,3219568603877.5596,138254666798199.9,82619266673381.75,16901901430336.346,32357873039930.48,87989762458794.06,244427804215915.1,249593392741113.9,4817319573305.621,29077353615.77873,26847582273.883682,4898832704075.113,1807943220357.7012,567906384044.0079,1126873358753.238,1714943355334.7559,7778983734690.444,7210759797069.655,NCEP,M
118,2009-11-01T00:00:00,182621529188954.2,179119616146490.5,176954184141757.06,15223258186947.424,189079554634633.0,12125370492875.92,3.005,1.7510000000000001,1.6119999999999999,20.349999999999998,21.113,26.359,487253809198.0115,3097887694071.5044,1621725917836.2356,2178263876263.9946,2180199211132.2976,70425091137.52374,98106793383.68344,113411986066.20116,1692151008973.7593,2276370669647.678,180194288100.24365,2366310413229.275,5317257429446.979,95337038392072.66,8171172023626.308,5468793034474.407,95415938429517.7,46430226971021.56,18158998500525.87,25549895125022.652,47712553882376.19,172785953522591.28,169458662836046.06,5925439214740.219,437927250814.79865,268339422067.93628,5971363846483.678,1884826385511.7856,1574039279462.5269,1756970644042.981,1677622933683.4329,9835575666362.922,9660953310444.436,NCEP,M
119,2009-12-01T00:00:00,178189574891932.16,177178521287344.16,171621079219426.2,16220318877203.934,186933300741895.34,15312221522469.14,2.059,0.529,0.483,5.599,52.079,81.255,487253809198.0115,908097354734.7937,2178263876263.9946,2535968514422.026,1525566429433.0024,98106793383.68344,239888396949.56635,99176161580.1516,2276370669647.678,2775856911371.5923,396529986323.16016,3445735881097.4424,3533186667629.6963,99736605241824.94,950534706452.7346,622146052015.9036,86846654411848.19,51690793600265.945,11589475149257.4,13551004581634.816,66165259769816.14,165600549475741.6,165551924037374.47,8510733647230.439,38801218594.5724,23590908531.732822,6763254645377.126,3139644443499.9136,906070016564.9698,915056416928.4672,3918471369433.009,12589025416190.553,11626597249969.678,NCEP,M
120,2010-01-01T00:00:00,198510596488212.06,196790613756416.72,186233468395547.22,14684482808279.002,200441904122615.8,14208435727068.604,0.23800000000000002,0.256,0.23700000000000002,3.2419999999999995,101.132,160.109,487253809198.0115,476047081210.39777,2549029929504.366,1361535182062.6382,1553025432660.4614,248419897029.1154,88569847766.87962,102445307181.38182,2797449826533.4814,1450105029829.5178,-2591280447288.9355,1757875602903.615,443309733465.96967,114427622162270.4,879724900217.6669,543589429912.24304,97355922532105.83,54090756798289.086,11046238039426.148,15455874919956.414,75146738008268.94,184517843310428.16,184428623480018.6,8978957067183.861,32466092915.668392,24148592948.12525,7321367930713.482,3954592246765.3535,952343807298.6382,1035055270886.5773,4055812445470.3213,13992753177783.918,12361990276398.111,NCEP,M
121,2010-02-01T00:00:00,191361097630690.0,186108279490176.9,177855723827893.3,15901750942588.225,191641144922442.84,13785421094549.537,1.027,1.1900000000000002,1.0919999999999999,13.309000000000001,27.024,41.327,487253809198.0115,2116329848038.688,1361535182062.6382,2878457848022.004,2042570196333.4238,88569847766.87962,243456869223.984,130150619765.1833,1450105029829.5178,3121914717245.988,-1464678605057.948,584313071908.061,1826637643111.9036,106116529937839.42,3743090966977.5903,2287191151792.269,106692385012024.0,39715953648107.664,14574928709075.17,29254879441241.223,48140223648682.67,177374554178980.56,173150628336759.4,9414072751016.504,226671739260.30634,127911264684.46793,9032705857997.943,2433528512425.3555,1345916855721.7048,2011030923583.1128,2352356700437.536,13986543451709.441,12957651153417.49,NCEP,M
122,2010-03-01T00:00:00,296788063779202.6,295602578729870.7,279107948776142.03,23875624297065.312,299719009983697.6,20611061207555.59,0.9199999999999999,1.17,1.077,13.672999999999998,20.216,28.609,487253809198.0115,3264563089509.721,2878457848022.004,883044777551.6364,2128899068900.4846,243456869223.984,37134791471.401726,125532329126.80482,3121914717245.988,920179569023.0381,-122657108045.16504,628155580200.0531,2568096104603.8184,153820934268253.7,1834594766079.376,912519316535.4773,141856303523483.16,85549823236771.86,18260833988912.203,35440715634404.08,113705075615511.84,275723992455965.12,275656807893986.56,12389822911993.957,56375662263.53553,30487234728.969395,11806723943587.76,5660166455810.194,1732192770701.443,2983594720704.3916,6350478459331.398,21064071323237.51,19945770835884.137,NCEP,M
123,2010-04-01T00:00:00,303331157845773.56,294770972340872.0,284772912307743.4,22637368718970.355,303130138369847.9,18357226062104.5,1.377,1.503,1.392,18.907,19.029,21.33,487253809198.0115,4280142656865.8555,883044777551.6364,4018458020295.076,2714949924921.416,37134791471.401726,53530133806.74128,126800912458.73308,920179569023.0381,4071988154101.8174,-1128234262956.9,366859305056.5643,3920318569817.475,146465032770465.38,3737131776846.7188,4378259044734.366,133602725538085.98,97709129542304.44,20474096235361.066,36098821130587.875,119020182167337.05,284651242488092.06,276834135717630.8,10943626397666.758,113723386474.63199,190788759322.3368,10628818083455.832,5245369452406.6455,1551874278612.7576,2300130748285.7393,5642420874697.973,18679915357681.477,17936836623241.195,NCEP,M
124,2010-05-01T00:00:00,446208717636767.56,440593514774500.25,442494380947643.0,35880698622952.31,462382945362332.8,19888564414689.793,3.492,3.614,3.343,44.57,10.41,8.148,487253809198.0115,15992134208262.52,4018458020295.076,6172151111212.991,5370222323877.124,53530133806.74128,152957580062.20523,175146394731.32864,4071988154101.8174,6325108691275.196,12630051883168.559,10631794467.235138,15453690102090.127,150321347850545.53,31670515289049.312,18654381308311.3,167768298696368.9,116123040972622.0,104229230654199.73,140736469118233.25,117200495094721.94,425835239249712.1,420868539734339.9,9641817928626.791,561798481905.3726,264170571190.25012,9970466045319.729,4098251845501.2056,5808575514898.197,6369238041737.197,3384134998037.0537,20373478387055.445,19724975040160.35,NCEP,M
125,2010-06-01T00:00:00,466236041387118.2,464173585497323.0,471982128897852.75,20714174400476.363,484250991672147.4,12268862774294.592,1.653,1.789,1.714,40.771,28.151,12.248,487253809198.0115,8445311626181.771,6172151111212.991,11966262052618.676,7924736807980.131,152957580062.20523,213330295159.01245,143660136217.07965,6325108691275.196,12179592347777.688,12237339392889.096,97588974853.95728,7800224852192.681,92703697192190.75,66891051104530.48,38376013182642.94,112752290800577.62,123077787226166.67,163805312455024.97,199317551817896.28,108766987632908.33,453475049418896.7,452215641993041.4,5078049814668.106,461266842964.91205,518386186668.3077,4518884058194.711,2713589753145.7036,4221443971006.3027,4450966213739.358,2756348632115.697,12760991968221.477,11957943504281.623,NCEP,M
126,2010-07-01T00:00:00,648011503088589.4,647777591756174.0,657894350439827.9,26792359328843.555,673286262286169.6,15391911846341.81,1.6650000000000003,1.733,1.6650000000000003,42.551,30.547,10.947,487253809198.0115,11400447482501.744,11966262052618.676,14142078544408.785,11234017907460.504,213330295159.01245,364003719263.77136,167740516365.638,12179592347777.688,14506082263672.557,13493026065981.238,46777849826.03871,10955810416497.168,168907483101598.03,98746795537324.75,64220761945975.0,191818117791546.0,150998765055268.2,181689265629378.3,248261274368560.72,160542282520672.84,632388284471402.0,632796461478922.0,8004208958000.834,466246618540.66016,543473349561.7474,7799003780902.038,3618611869907.345,2558494058870.141,3456924439717.4453,4157385818939.156,15623218617187.373,14981130277251.994,NCEP,M
127,2010-08-01T00:00:00,526699191631177.44,541150301099338.44,546445937330335.6,29745995081662.793,562914740180872.4,16468802850536.816,2.432,2.4299999999999997,2.3040000000000003,44.635000000000005,20.073,9.475,487253809198.0115,13277192231125.977,14142078544408.785,8164036706838.795,8597104183709.042,364003719263.77136,248406281474.459,169080869536.45807,14506082263672.557,8412442988313.254,21634662423927.695,62819868836.979256,13289176224383.729,223964128313562.38,41720813617775.305,24204390193546.098,256143537620199.8,109841655974085.28,88319570845218.55,152596202011968.44,138808802315919.38,510606376493162.1,524992724399113.06,9626308258662.559,85740849292.11194,229701304382.11456,10474224263388.562,2241485122015.2134,2300778984473.9116,3995320452955.406,3296832603070.7915,16092815138015.293,16157576700225.377,NCEP,M
128,2010-09-01T00:00:00,456795558554813.75,440360111794556.6,459199290775470.8,45024304839886.17,475788054493117.5,16588763717646.64,6.204,6.192,5.639,63.156,8.621,5.076,487253809198.0115,28435541122239.53,8164036706838.795,6611184222189.874,8171415960250.875,248406281474.459,327177426156.46173,200455228099.02872,8412442988313.254,6938361648346.336,10526013022015.508,0.0,28489581050214.492,150023815409243.53,40929944006075.516,30730618346675.08,171175806093016.03,81982295792674.92,122248753927323.8,177772511498022.94,89744021476651.05,440509241046616.5,424098525503066.44,8402010339883.541,381471599809.0329,514264015293.2645,8608166734032.084,1778523628168.9463,5144057459371.746,5591519524851.469,2127890498277.3127,16286317508197.219,16261586291490.176,NCEP,M
129,2010-10-01T00:00:00,272831404762811.44,272219596518910.53,272333216909688.38,17994666820076.22,282775871289942.44,10442654380254.006,2.682,2.773,2.601,41.967999999999996,15.901,10.189,487253809198.0115,7552012439822.213,6611184222189.874,2990273192433.882,3873606412770.087,327177426156.46173,156439424626.95343,103427184421.37099,6938361648346.336,3146712617060.8354,3148555164635.8066,104594649360.45212,7304967504610.563,122038172048781.72,7597940462203.25,3212630637102.0576,128990711109959.5,74184544075365.92,38911038464063.03,63033536112252.57,86538286176418.16,262468882873502.25,262037976212643.94,5965276186414.254,141002906599.91217,59639036995.8215,6133388093177.612,1805167518218.32,1763140029278.391,2532439147680.7983,2144089277210.685,10362521889309.193,10181620306266.6,NCEP,M
130,2010-11-01T00:00:00,240645424478339.6,239964811340498.28,233471207170170.66,11847885184379.902,244648962125449.34,11177754955278.682,0.404,0.28700000000000003,0.27299999999999996,5.656,97.504,71.289,487253809198.0115,670130229101.2198,2990273192433.882,1746959689053.261,2178023226306.3845,156439424626.95343,25877528679.862083,66351250065.1249,3146712617060.8354,1772837217733.123,-1384358308067.8123,1968190114357.5432,943123452860.4143,126269614897872.47,404940180227.00024,318434846261.19617,119466846488970.42,95649567073195.31,11842665546797.27,7659485354118.081,99066671812262.3,229897102171447.06,230781124028257.0,5612839525996.979,2980884070.429955,1412062840.7732143,5457427929188.672,4745014582049.978,701968868215.1865,389056136004.8068,3021309630766.9927,10748322306892.535,9183687312241.281,NCEP,M
131,2010-12-01T00:00:00,200849868143003.72,196767969476951.75,189036184054371.78,13258892674377.732,201388032225105.72,12351848170733.95,0.252,0.48,0.44799999999999995,6.841,45.663,61.29,487253809198.0115,907044503643.7826,1746959689053.261,1286009768153.0146,1336069386867.9568,25877528679.862083,127588645734.02026,74720839174.7421,1772837217733.123,1413598413887.035,-3534092966254.2803,2730693815304.6763,475770518962.2669,103269203487394.94,757771487389.0957,240858776943.5382,99407482902956.03,78695871570578.06,4916691448417.821,5886689681351.608,82192457928493.56,188092623516268.12,187274403767256.5,7116964055804.363,43748360601.86005,11487368679.789787,6263676267427.85,5146157208900.275,365736059900.44946,482635993351.17523,2820405021765.0938,12757244626735.604,9493565709695.254,NCEP,M
132,2011-01-01T00:00:00,94953439543430.39,92807989941396.5,89029333325970.2,9956956487279.996,98242769776237.75,9213436450267.54,2.1999999999999997,0.835,0.751,7.467,38.173,72.012,487253809198.0115,743520037012.4572,1377317729295.0337,672490637766.1843,915559101912.138,141572948793.89297,29856010362.39399,71965136568.6944,1518890678088.9268,702346648128.5784,-2218473597285.8125,2773562757974.754,1958870431041.947,49790150309598.94,2024412209158.453,1280129905403.6533,48070713611594.26,25947593383761.105,7946194150040.329,10079052837222.527,28356652286369.043,87096926435986.23,86397972257162.08,5034724182090.979,72550348585.38725,65833591245.58266,4207901426809.056,1591371280960.9333,836677591830.471,1164584053146.662,1292888317009.5154,7856513107444.157,6410017684234.43,NCEP,M
133,2011-02-01T00:00:00,143219459830005.16,140823973958488.16,136437596429678.72,14633122299807.305,148698150614384.0,12260554184705.266,3.1489999999999996,1.7389999999999999,1.5709999999999997,16.214000000000002,20.708,29.057,487253809198.0115,2372568115102.039,672490637766.1843,968014397820.2548,1754642276110.7244,29856010362.39399,21400023135.937637,102590246403.38316,702346648128.5784,989414420956.1924,264150026067.0498,2588582352314.1084,4296179872971.135,59506836232476.8,6386054943083.6875,3370127910598.6753,63454202396927.58,35536671891773.77,22129226302343.855,34498737378682.13,39203918516532.195,132912373413531.38,131173402158887.33,5747740076362.799,76512502703.03375,87492431153.10043,5881277891295.593,2118492720438.7715,1562042225346.8345,2353361188519.1045,2130739180255.3745,10307086416473.775,9650571799600.836,NCEP,M
134,2011-03-01T00:00:00,141425409457033.62,135110304099778.16,133263525541803.45,12986966180626.4,145309729475590.3,12046203933786.855,1.9040000000000001,0.7060000000000001,0.643,7.244000000000001,46.082,56.424,487253809198.0115,940762246839.5442,968014397820.2548,4391006984747.2505,1398446098762.5454,21400023135.937637,348493207305.4616,71345652864.49011,989414420956.1924,4739500192052.712,-1624257337966.0981,2922541549164.09,2537383633242.043,58956059973861.09,3336605810152.3735,2241655339685.5615,64279866312434.02,48812915912983.42,12699516104915.84,20986595706255.125,46019146696311.91,130997226932785.2,126335134923814.16,6051779848597.28,30143046860.07945,38326143641.804726,5429326739149.59,2388217417989.6294,1393396757732.0261,1949859114019.7058,1922302632222.3062,10428182524248.42,8775169175964.001,NCEP,M
135,2011-04-01T00:00:00,289894762570200.25,291288885787420.4,284460451835377.0,19429885416532.35,302046001997128.2,17585550161751.17,1.5230000000000001,0.6479999999999999,0.607,9.492,46.537,39.119,487253809198.0115,1844335254781.181,4391006984747.2505,3024330771684.16,2860988770461.1943,348493207305.4616,198066789857.99744,100205631851.80708,4739500192052.712,3222397561542.1577,1721355832478.3647,3203599521966.1387,4331119135211.875,120765700059455.77,9665597801190.258,4814668501591.551,108857741968280.12,121761080466441.22,14830737365139.508,27803040468696.69,143750924793871.06,275144489496185.22,277105001928480.94,7724324309334.072,18142517768.682167,53737671846.29642,7106468628521.758,5730336854342.854,644705460111.256,1241874238491.7944,6414567252537.736,14750273074015.018,14183883858939.432,NCEP,M
136,2011-05-01T00:00:00,398218385331187.7,400722191477663.94,392843850429934.1,29882500645303.684,417241830586697.3,24397980156763.203,2.1510000000000002,1.396,1.2970000000000002,18.354,23.429,18.976,487253809198.0115,5484520488540.479,3024330771684.16,3414246107290.4683,4145140991320.953,198066789857.99744,36119849575.73972,139885494887.24744,3222397561542.1577,3450365956866.208,8216294977236.24,4619268489598.282,8450004715673.401,192084378446401.7,8888408634824.63,5374525619008.837,186849702065858.0,124188249702829.9,33621206398939.91,55336802423174.91,151620282507347.66,376983956191415.4,380979599606970.2,13525734772254.195,78234465412.20505,85499167032.71602,11892715278795.973,4598689087135.287,1615417620851.8093,3024506113350.0854,6156224505633.76,21234429139772.285,19742591870693.746,NCEP,M
137,2011-06-01T00:00:00,500101211153726.0,491836570259903.7,504257378112392.5,31681256480581.977,523735074111890.8,19477695999498.312,3.0620000000000003,2.42,2.2769999999999997,38.519999999999996,21.596,10.684,487253809198.0115,12203560481083.666,3414246107290.4683,13111664859786.822,8784799758135.055,36119849575.73972,290971032489.81006,181080689453.2847,3450365956866.208,13402635892276.633,13891189457048.016,3055773214373.561,15440094810960.723,164089221122219.38,37141717914366.09,24484106215784.008,178666582008947.44,146413060395601.75,115747338846471.47,148909781600075.4,144149979671860.0,483896169333680.5,475705618441645.0,8144975968705.325,620417677528.4214,218914705542.30618,8448881401718.746,3835342906977.9136,3731751718783.085,4005808238819.969,3329901020228.4595,16205041820045.516,16130951818258.71,NCEP,M
138,2011-07-01T00:00:00,473085623702568.2,491791828122304.94,502837245291645.75,31029121001184.227,518766781802088.8,15929536510443.057,3.505,3.003,2.828,48.663000000000004,18.386,7.709,487253809198.0115,15099584490741.17,13111664859786.822,6627760688844.568,8955586580560.102,290971032489.81006,52084436993.15001,156445434007.6777,13402635892276.633,6679845125837.719,27082997946183.72,2670132407140.87,17624976344660.594,155639063392885.7,46203698639393.875,32243160498370.79,193703953361282.9,169402923880385.66,83527645279653.06,102687302306892.23,155149210977810.78,459972450078534.4,478584508258140.6,6689294878501.109,237386881298.69434,350969031197.03064,7731182599100.978,2717395120745.4785,2605186326765.1587,3355514593590.204,2633564056999.482,13113173624033.822,13207319864164.312,NCEP,M
139,2011-08-01T00:00:00,502381706235052.44,509427348694820.5,526485161107968.4,37329830010352.984,543949359076385.0,17464197968416.633,4.346,3.773,3.5229999999999997,53.217000000000006,15.867,7.477,487253809198.0115,19865632041936.35,6627760688844.568,8839645409057.896,10167897825004.13,52084436993.15001,260494558063.22208,199650633513.8601,6679845125837.719,9100139967121.12,29331569449542.723,2542714313701.2354,22879155994187.19,181365650816339.5,44944490484707.88,47012940547723.234,158751098556408.7,112572897156564.05,143718325654434.03,147031628135253.03,147352445009172.7,487983116655879.8,494766359704723.25,8645801803838.205,237064921817.81888,383765261741.01685,7956947418628.536,2036205362142.9692,3491737986121.9004,3332817151450.447,2975238663529.0195,14398589579172.639,14660988990097.275,NCEP,M
140,2011-09-01T00:00:00,331089311563502.56,348657259358419.7,352352033217454.0,29151100322312.31,369274435880166.44,16922402662712.426,4.38,3.4709999999999996,3.205,41.949,13.91,7.726,487253809198.0115,12228697659599.883,8839645409057.896,2655326375746.625,5669855328870.357,260494558063.22208,57892232022.91606,131223038795.24414,9100139967121.12,2713218607769.541,23409723989754.17,2470666672873.9644,15433291346514.535,159607585688027.1,25969989148222.676,13060584365900.885,168200066600956.8,56618404841959.41,51489095476573.13,88345422249880.6,88604264269440.25,317631997145768.0,334263415495192.9,9173124720850.51,140861098099.9676,76322547469.45062,9961297356092.41,941337571609.9036,1411979533664.648,3266529577804.6855,2879705875369.776,13457314417734.55,14393843863226.8,NCEP,M
141,2011-10-01T00:00:00,259617643235254.5,257878209697667.44,257811720777814.7,18704748290842.973,271238022331943.3,13426301554128.621,2.879,2.0469999999999997,1.909,28.22,22.063,14.458,487253809198.0115,5278446736714.351,2655326375746.625,3111594654590.0693,3756710456469.5854,57892232022.91606,144167692959.48224,102575280876.77681,2713218607769.541,3255762347549.552,4081556932952.3477,2680807404637.8457,7423242888043.437,98254250521406.3,11284922836775.715,6634631702453.83,117608649901387.5,71529585658600.64,48056692287546.51,71975562182017.12,70326618209471.484,248394030064477.88,247276883235181.2,5888635071233.863,95742504220.09296,78376980608.97949,6281714454327.15,2586528902315.059,2156426788756.4844,2670072216618.717,2067442715182.5208,11223613170776.62,10601326462486.248,NCEP,M
142,2011-11-01T00:00:00,222253883991641.66,215431566395494.1,216737054167135.88,24761399319054.67,232607142664879.7,15870088497743.81,4.894,4.102,3.682,35.908,10.134,10.51,487253809198.0115,8891310821310.861,3111594654590.0693,2936919715299.681,3003352910357.4395,144167692959.48224,269075013129.99142,129790573791.35426,3255762347549.552,3205994728429.6724,2019225641117.7803,3362699540762.8623,10606881965118.688,100698568704149.55,6171093909088.103,4849331524667.614,106965120470647.78,48137409639525.94,34323041213377.723,54558224462322.07,55733996893603.88,208243534330665.16,203193252486717.5,7958545865371.924,75270736961.83287,101905731054.70523,7547462666560.366,2341253149801.464,2180668102404.7048,3608644914748.4067,2434912402849.6934,14010349660976.5,12238313908776.598,NCEP,M
143,2011-12-01T00:00:00,121569584283528.5,123032293626641.5,119729703842113.86,9641132897835.848,128823257291856.64,9093553449742.781,1.804,0.457,0.42300000000000004,5.680000000000001,80.731,94.018,487253809198.0115,547579448093.06635,2936919715299.681,1254789983636.9487,1426016274844.1033,269075013129.99142,48844708397.7957,69196888955.34192,3205994728429.6724,1303634692034.7444,107928753584.59424,2327170461844.084,2160158512562.8481,56645307923420.43,1548363023761.3984,534920155992.4906,63982599304157.445,48221587097732.77,5452298989548.498,8955869734239.805,45331494028446.71,114357684911385.5,116314755345914.06,4052207413069.8936,14768230806.549156,14023182745.475065,4489771107186.314,2533138470067.846,390010873685.6306,612530306259.7925,1822988069048.9426,7211899372143.008,6717538280727.437,NCEP,M
144,2012-01-01T00:00:00,94465453362524.88,95350090423758.14,93034207030922.16,7931187747459.156,100282118011137.64,7247910980215.487,2.153,0.734,0.677,8.615,46.585,59.087,487253809198.0115,683276767243.6692,1254789983636.9487,954522374817.5759,1026782235906.2372,48844708397.7957,40079994364.57071,54264125593.33626,1303634692034.7444,994602369182.1466,1258881507787.3782,1934337143549.6392,2003088072484.6714,50668881606085.93,1371010545196.1418,570703731719.2003,56674331629546.125,28678764988622.555,4292507040095.242,8667848069520.494,27738747368782.39,88586198395948.19,90076596583619.9,3758408388843.5283,90519334857.26463,37303365592.80206,3956872580310.619,1041239802908.633,398584789886.2567,1042303409231.7253,827517135084.0865,5879254966576.688,5273493840138.228,NCEP,M
145,2012-02-01T00:00:00,115665138453937.78,112341145022322.69,109084284585562.75,11296110529422.992,119918668143085.05,10834383557522.283,1.849,0.42300000000000004,0.384,4.087,75.779,109.509,487253809198.0115,461726971900.70807,954522374817.5759,2440664206007.925,1206531882569.8064,40079994364.57071,194916475691.4197,72648638561.3447,994602369182.1466,2635580681699.3447,-1221288149339.674,2925199281533.625,2016743159671.852,60218165034858.836,3142121632904.9756,1066035695557.7421,61857416970105.625,29719033981936.45,7367213443233.331,15422616366198.191,32260125173639.04,106425851078551.22,104626877219882.97,6493733728402.7705,73539038172.32368,15330251392.381762,5646003097953.956,1554890862542.2927,556684917443.6562,1175332533049.1248,1438040748869.784,9239287375386.57,7714267802439.72,NCEP,M
146,2012-03-01T00:00:00,169734905692816.44,169224377490092.34,166259758977035.9,17427871257234.355,180044836348787.47,13785077371751.58,3.3529999999999998,2.191,1.983,20.902,15.067,19.3,487253809198.0115,3642793885482.7754,2440664206007.925,2360017396788.645,1770569550000.0442,194916475691.4197,182753864822.6842,94495381102.68056,2635580681699.3447,2542771261611.329,3039456316255.5776,2702213859009.7773,5575473684489.135,69476043468554.92,5018191681366.138,3064449025977.4434,82744589688568.48,47937693139153.516,22712876285527.547,37599238962076.75,47848610240295.95,158077424595762.62,158324267895758.12,6373011578596.187,32526697732.52032,61201476286.84328,7214734255968.877,2495771169397.3467,1811786714384.7437,2727496872773.4243,1841061926248.084,11657481097053.8,10900109594334.225,NCEP,M
147,2012-04-01T00:00:00,263023979253419.84,255956760082667.94,256645708752537.62,19391082553032.812,271916161507120.38,15270452754582.766,2.624,1.606,1.493,21.25,22.223,18.228,487253809198.0115,4120629798450.0474,2360017396788.645,5331525891466.351,3052485721397.657,182753864822.6842,117664485641.4856,104321649969.58104,2542771261611.329,5449190377107.836,-40170256946.24072,3776091216875.4707,6734119830610.024,112875558000191.9,5129398156410.453,4705002567580.785,122570459985153.7,88682374766151.86,26094356182320.383,44286835061895.22,90785848706576.72,250549770395819.75,244580063030461.25,6803362827921.686,127371251369.50801,110070168566.39905,6704354116179.026,3394416664868.1772,1498583723202.3486,2166359196243.8425,3046387961455.814,12474208857600.105,11376697052206.695,NCEP,M
148,2012-05-01T00:00:00,335729810873074.25,339450596970523.4,347341783962789.6,27916908225171.164,362720743104456.5,15378959141666.826,4.558,3.61,3.341,44.912,11.466,6.595,487253809198.0115,12537949083504.338,5331525891466.351,4678289338377.235,4637536754571.38,117664485641.4856,135102833251.42863,111142784595.39235,5449190377107.836,4813392171628.664,15622936916566.656,2623438536278.3047,15833315484933.701,115584412346282.52,23037909337411.258,12442610798080.055,135480985051867.52,84850871152346.05,77268740955445.08,110885988321769.64,91042543794754.8,323763882618478.25,326830179139478.6,6791235114691.079,206592293116.8935,94535267645.17136,7171324139357.909,1609797654002.1816,3087506564752.409,3470360218257.547,2154994833817.513,11965928254595.979,12620417831044.727,NCEP,M
149,2012-06-01T00:00:00,475086730823447.94,468846363814008.06,494850616333783.5,47900067266100.12,512240507287744.1,17389890953960.594,6.694,6.166,5.621,63.695,8.074,4.206,487253809198.0115,30510176312139.523,4678289338377.235,7653230686419.8,8211461672366.45,135102833251.42863,116299656739.50874,178231967225.1105,4813392171628.664,7769530343159.309,27225947225898.094,2499884607738.9307,33124728771170.023,153657955356254.06,31388122866832.926,16626214146766.521,181539031304316.94,160848271264706.03,95142496129963.08,129314054394042.64,146003006575080.78,460446495161769.25,454072656876193.7,7095963778230.29,217809371198.96738,177263258056.6643,8279576997795.056,3809440460967.394,3198087871127.8237,3557568164424.3184,3078232697692.5327,14640235661678.668,14773706937814.38,NCEP,M
150,2012-07-01T00:00:00,612186449002686.0,602238832646530.4,642230870968746.8,63617985559076.39,661887054234975.2,19656183266228.508,7.324999999999999,6.845,6.228,69.10300000000001,8.015,3.282,487253809198.0115,43961802292847.88,7653230686419.8,9444823428867.738,11365681614083.994,116299656739.50874,81210534658.55478,193945901473.86337,7769530343159.309,9526033963526.293,35770690164088.81,3077354934496.2515,47044832083392.75,198743898961165.94,42691722581272.22,32119097701488.277,225204125944523.8,158882173822929.78,164529356467850.34,205984424698157.84,153316010462839.88,595729595183741.9,585741215456486.2,8008628974093.6455,274996049192.5314,249889540372.7261,8724297901194.17,2232369536720.8726,4882765650786.138,5965965767756.889,2615557588871.3184,16456853818944.135,16497617190044.156,NCEP,M
151,2012-08-01T00:00:00,519939429098559.1,532195067531386.94,550253033117318.9,34276106813825.816,566362792941949.6,16109759824630.645,3.853,3.3009999999999997,3.108,53.0,16.555,6.277,487253809198.0115,18166346989195.17,9444823428867.738,10351788241258.418,9701613623075.52,81210534658.55478,511972368209.89136,153277088196.62595,9526033963526.293,10863760609468.309,31759712100395.35,2103052750383.9836,21200912018279.906,186455693897907.84,46429835421336.13,36014793457609.75,188878043050097.53,95917796022224.4,166044869394465.66,188557161459929.72,117347584991881.2,506945444837671.75,518700332857780.5,8125075809277.545,107141191206.65492,131175154468.58728,7915271338871.224,1149824104601.279,3080021754284.8267,3587909192539.944,2392300389243.7275,12993984260887.355,13494734673606.432,NCEP,M
152,2012-09-01T00:00:00,314909674291187.44,323451148693127.3,335268516871554.25,30286270475922.133,348106853052963.4,12838336181409.104,5.646,5.204000000000001,4.773000000000001,57.60999999999999,9.83,4.728,487253809198.0115,17447934294513.03,10351788241258.418,3218432949078.8774,5717136137952.137,511972368209.89136,11085319832.261147,114581707773.9347,10863760609468.309,3229518268911.1387,18355166471371.82,2498264221537.0923,18927921753911.766,110286643248975.8,18569321249097.83,11664460897701.375,115463994999582.34,86503254303930.06,73679599386559.3,95608939486779.7,105409246533324.16,304063297937386.94,313122162168563.6,5123427347570.865,43787307438.97217,93793408859.78735,5717610680008.3125,2568165486891.431,2119389740064.1335,3060990110478.3906,2448198797052.253,10846376353800.475,10328986524563.672,NCEP,M
153,2012-10-01T00:00:00,259316038743776.28,259286564736414.22,259802893405568.38,17485679813260.871,271958549616810.2,12155656211241.816,2.884,2.052,1.9220000000000002,30.482,19.035,10.752,487253809198.0115,5330023602019.056,3218432949078.8774,2441369078952.1035,3272769397312.926,11085319832.261147,38397084589.21419,77028970305.05722,3229518268911.1387,2479766163541.318,4550797537600.012,2699603904749.1655,7492614763792.669,122357514101025.23,4020913207623.006,2702035704085.848,144677274176947.16,70603961435941.4,35226389193065.234,53670547773087.85,65944332985188.22,249334059014140.34,249868909562823.62,5620138585603.799,9952399021.91698,20455031885.7577,6563416493084.507,1906556152744.8015,1905235697613.672,2434829959401.581,939050583870.4932,9981979729635.94,9417655173590.59,NCEP,M
154,2012-11-01T00:00:00,202588426244374.84,199288256460994.03,196127379963280.53,20580814308593.496,211922300648606.78,15794920685326.24,3.611,2.44,2.2079999999999997,23.254,11.64,14.07,487253809198.0115,4785893623267.256,2441369078952.1035,1817395213259.8992,1856939245506.8289,38397084589.21419,117550949851.1949,93521945111.54047,2479766163541.318,1934946163111.094,940903908286.7881,3616891143660.868,7082206812010.204,97449746697675.36,778761871781.8417,2504545695425.2764,97513730038749.12,60428821609580.5,23265623863909.215,28745101829699.633,65669662163570.26,189128215832380.78,187227777938010.44,7522093753059.367,4585227949.603635,268607590566.53592,6976301547369.902,3101080246167.6743,2543963768013.6025,2568428822200.4995,2535627979650.4985,13460210411994.076,12060478522983.605,NCEP,M
155,2012-12-01T00:00:00,183619683553725.5,184171559570137.2,175918632553449.28,18630660077789.44,193055490905966.66,17136858352517.371,2.343,0.849,0.768,8.018,30.785,50.875,487253809198.0115,1493801725272.0703,1817395213259.8992,889616885970.0242,1483437728237.6353,117550949851.1949,48967983613.65104,102146013328.22305,1934946163111.094,938584869583.6752,1049316454432.3433,3823667267412.715,4121679192557.058,90753548975199.19,2320574447979.4756,1243141308573.4214,85710317795921.73,57934948376462.875,15031251973292.37,19296614958108.824,67845192257728.62,169228253618344.3,170907336474922.2,8197704252438.483,26679953612.08922,29889061721.135525,7968528363435.8955,4730134008899.566,1114983150835.203,1433702612322.0046,4154031627331.815,14391429935381.19,13264223095215.002,NCEP,M
156,2013-01-01T00:00:00,117899258383741.33,116336590459846.97,113886128231430.69,9454512320352.54,122624023482049.02,8737895250618.334,2.0650000000000004,0.629,0.581,7.580000000000001,53.841,60.231,487253809198.0115,716617069734.2053,889616885970.0242,1401994595086.1548,1244632783861.0017,48967983613.65104,65862411468.209114,58013792409.77985,938584869583.6752,1467857006554.364,-316778716046.9343,2467932785096.9033,2351643229408.2446,59680768402172.336,1182643485379.0151,580791889738.5347,63289619092228.83,37118738714387.484,10531150444723.139,13465058270112.33,35129077384605.297,110845357276410.69,110132490406936.28,4131616188960.831,27005758327.4241,19788444359.4991,4167120354900.722,1781393222789.3318,942404007483.8221,1121103251220.9814,1067569932198.7164,7053901107330.644,6204100052910.686,NCEP,M
157,2013-02-01T00:00:00,144002449725441.56,145931720097060.47,139571382917268.27,13530442872399.102,152311662900945.22,12740279983676.934,2.012,0.5660000000000001,0.516,5.84,49.022,65.04,487253809198.0115,790162888722.168,1401994595086.1548,778086666800.0892,1383393381946.4224,65862411468.209114,57653896485.29611,76476148497.42212,1467857006554.364,835740563285.3854,2087316811773.5386,2736069471789.4395,2808132774108.481,79177350690608.98,2038318250674.6196,988493161061.1888,90108752678065.94,36051771881150.484,6512458849489.238,17128386305798.48,37325633698129.9,133346002038619.14,135985163476359.7,7561229624648.944,6907023751.58691,11786315712.621626,7865041191761.745,1667262139048.1194,396767788421.21857,1416169607412.7275,1677840616766.2068,10656447686822.412,9946556620700.758,NCEP,M
158,2013-03-01T00:00:00,251239153151141.16,251698683547750.84,245339749473653.38,16064039599649.271,260555308029526.2,15215558555872.816,1.482,0.346,0.325,5.282,86.522,71.073,487253809198.0115,848481043776.4543,778086666800.0892,1452008269093.348,2368146534381.6333,57653896485.29611,8437143661.963246,81053587296.47388,835740563285.3854,1460445412755.311,1932716276068.9653,3760828457192.2715,3635350625614.853,111618716726660.0,3118347722337.3423,1828533254189.7925,128300547328451.31,108883426704418.08,8985638195481.676,16537441388324.16,99847857332674.81,238868118073592.03,240252390578945.16,5815030378307.748,4464690545.817302,9726445789.588768,7749548173756.272,5851441137534.752,436833171149.9875,694837115917.0309,3255446933353.6147,12371035077549.121,11446292968805.693,NCEP,M
159,2013-04-01T00:00:00,253876822128700.47,253530052203824.47,250225642531992.44,15305880575382.252,264374685401886.75,14149042869894.324,1.498,0.462,0.436,7.558,69.078,45.684,487253809198.0115,1156837705487.9268,1452008269093.348,3766407006706.94,2663726909524.5654,8437143661.963246,125681731815.8195,73401974552.86475,1460445412755.311,3892088738522.7593,3241711091130.8804,3203457673099.792,3749086801688.268,89675241727507.31,13403005072300.844,4982800408769.585,122494676604695.14,113902518311834.94,16395260329758.969,33767905050556.6,90417206716842.3,242328465498668.44,242710148723597.25,5026597178762.645,26910441759.65371,38360358586.87673,7622122635466.177,5087610600262.609,828020019785.4318,1395788492419.8901,2342850383215.964,11548356630032.021,10819903480227.225,NCEP,M
160,2013-05-01T00:00:00,359839460263891.3,360169143986813.5,359244711990540.2,23895971393935.312,377406367129010.56,18161655138470.402,2.188,1.5959999999999999,1.497,23.997,26.459,17.723,487253809198.0115,5734316255464.911,3766407006706.94,5698690933693.546,4894377523416.2705,125681731815.8195,143854995838.20203,136596685586.03214,3892088738522.7593,5842545929531.748,8014457158638.165,3533251476427.4,7861425746995.896,139502441526073.23,14877663813073.05,12732782588162.535,152203183220487.97,84135028638392.14,82728092673923.97,107560343596139.8,95875655602365.72,343930596348767.7,345684595309850.75,8568355908579.785,126958946374.27335,117805560118.60757,8770108857341.057,1864908181850.9739,3713690390184.5723,5357794264574.23,1873790483062.8496,15908863915123.598,14484548676962.752,NCEP,M
161,2013-06-01T00:00:00,592619222995461.0,582661868612758.6,611961728997252.6,54369147610649.05,635865576436852.0,23903847439599.473,5.698,4.978,4.572,56.03399999999999,9.109,5.349,487253809198.0115,30465300171049.574,5698690933693.546,15096329253884.89,9250673265983.594,143854995838.20203,496600491345.4085,226342141534.80392,5842545929531.748,15592929745230.299,30258329529878.883,2741970760433.759,34868807392596.36,237109071497133.94,35612073386234.04,25479180811425.67,273249876164795.7,117562434415122.12,119458596003928.69,193112051049564.7,133676046795813.03,573262737773246.5,561996592350771.44,10950334260388.691,457008542223.188,212161995276.95718,12576301244944.988,3124082064710.4688,4423114975947.781,5069906901838.37,3208851498871.2407,19356485222214.49,20665276261987.195,NCEP,M
162,2013-07-01T00:00:00,624965896657235.6,639998705896266.8,658386890830688.2,49088915789137.086,680698750950272.4,22311860119584.07,4.584,4.067,3.785,54.547999999999995,12.389,5.376,487253809198.0115,26777055669553.016,15096329253884.89,7488775914185.63,10701021065135.79,496600491345.4085,45161395664.30274,193495380895.54465,15592929745230.299,7533937309849.933,33750872391190.29,2982553981290.458,30183553844878.633,265313092205527.84,29884576840107.99,23231478030895.938,295188663870945.25,119080096637659.73,147342076409158.6,198932468330239.16,148299243951412.12,606557135204322.6,620714561071624.0,10091203752755.076,164937504376.24603,140794207196.89294,12179968812652.125,1259118900557.334,5019441624081.37,6917644592403.74,1919796883533.0417,18408761452913.043,19284144824642.78,NCEP,M
163,2013-08-01T00:00:00,620922624543336.6,626743741032883.5,637566900728869.2,36921711325158.2,657598443498590.8,20031542769721.484,3.143,2.649,2.504,45.745999999999995,18.215,7.631,487253809198.0115,16890168555436.72,7488775914185.63,7402852893740.488,9924316709335.008,45161395664.30274,209914969223.91125,173244477916.11417,7533937309849.933,7612767862964.399,22790115801293.28,3201133697804.71,20040800701742.883,255647829035910.84,38270478894674.516,22127974504814.562,308912909157420.25,126695168421323.97,133809841227824.08,199615903353536.25,129130017853466.98,604086875315585.6,610123247133385.9,10252718612923.39,48514497183.249626,54628342863.22886,11052039351131.734,2253135777232.436,3251406982856.8716,4275266494731.961,2268533068325.7905,16835749227751.016,16620493899497.646,NCEP,M
164,2013-09-01T00:00:00,387519653469669.6,392138206437012.94,400682543001929.56,29461468658334.555,415233094895431.4,14550551893501.81,4.372,3.721,3.466,50.612,12.215,5.621,487253809198.0115,14910916764832.744,7402852893740.488,3405788873564.336,6071050088133.89,209914969223.91125,6923171681.025089,116417250784.74529,7612767862964.399,3412712045245.361,15329413819168.076,2162518535570.107,17519657972891.898,154046835664109.56,20426268360157.703,12121309592910.941,183017701719472.3,74225263781739.48,90458597454827.5,135394348714690.86,85854528621015.81,375787757753450.9,379757096155473.3,6308032875686.871,46676119617.50054,94751461346.07927,7899284401761.016,756266097389.9089,2799812851905.1074,4572845281795.886,1635336908255.9756,11731895716218.744,12381110281539.6,NCEP,M
165,2013-10-01T00:00:00,254287801146989.38,254095432327516.62,255518760194793.5,12221720649062.855,265225939018788.88,9707178823995.379,1.822,0.984,0.9390000000000001,20.574,43.014,21.664,487253809198.0115,2514541825067.4756,3405788873564.336,4311779367002.05,3489054032608.059,6923171681.025089,212864495415.44476,73219210297.42792,3412712045245.361,4524643862417.494,3434104848609.301,1949703914018.786,4656158888993.529,118280197920869.3,7485379711104.03,4208650220008.787,133076505284843.62,71226533880212.06,39301132907239.96,53013780537510.91,66687804035610.28,246729162558601.06,246550821938797.9,4273634698184.735,36357089010.43459,35486922882.72123,5164432071513.119,1394775644892.1792,1600560282038.023,1854741322428.6646,743260946157.1368,7558638588388.301,7544610388718.713,NCEP,M
166,2013-11-01T00:00:00,184854456280123.94,187749065497438.84,184454445856135.0,11453870348325.84,194964115475783.72,10509669619648.72,1.525,0.512,0.482,8.244,66.796,52.628,487253809198.0115,944200728677.1185,4311779367002.05,1723300052318.037,2102282760411.47,212864495415.44476,36203709991.773705,69015188417.2976,4524643862417.494,1759503762309.8108,1073669844654.6523,2642892577202.411,2812653640062.326,85293892698820.42,4209273629544.541,1042763341816.5746,92310337441640.33,71126289808939.86,12303217915787.902,18963158217699.04,71095663176781.84,176426104067275.88,179918492163754.62,4445357130467.638,106292904397.7746,5145300404.471816,4926002685874.347,2460877696314.926,820315428297.493,1516972085661.0334,1977962315114.6052,8428352212848.068,7830573333684.22,NCEP,M
167,2013-12-01T00:00:00,117222621477780.33,117560603613743.12,116038955736510.55,7072016396865.525,122766236090051.44,6727280353540.884,1.351,0.297,0.27999999999999997,4.875,118.723,98.212,487253809198.0115,344736043324.64197,1723300052318.037,1457790878620.1685,1320264217537.391,36203709991.773705,6139191777.5873785,45507202707.87754,1759503762309.8108,1463930070397.7559,387144488490.6987,2174464403057.986,1567238001737.2566,53008608044633.43,1344932282759.654,946676540668.8937,55308105990759.18,51934797512840.11,5849343018145.565,5863964694501.395,50511545564488.72,111754046792643.83,113013926856153.12,2881728056618.1387,19467535737.21328,22649618623.87481,2945483398982.1167,2071323110650.4788,328233809663.9061,492873899244.0027,1253492013206.7559,5468574685136.495,4546676757589.992,NCEP,M
168,2014-01-01T00:00:00,124191120285388.66,122954726553103.45,120532131433598.0,8828708561646.365,129137580802806.62,8605449369208.63,1.5270000000000001,0.185,0.173,2.529,163.514,151.082,487253809198.0115,223259192437.73517,1457790878620.1685,1824361760717.6394,1177611318749.72,6139191777.5873785,13280510051.703821,45336537655.795616,1463930070397.7559,1837642270769.3433,-639422339787.4988,2504775902642.695,1840436076602.7563,67984163466480.734,356953166913.3136,266066923385.79108,70425244346062.58,39179794142466.984,7878067901499.029,9778962459789.127,38207068181802.69,117208986992122.64,116867333596277.61,4694794286412.974,205986394.37617272,0.0,4620640904339.531,1603680162814.2065,444760732125.2361,683658844038.8417,1021785333966.707,6982133293266.021,6087392956825.851,NCEP,M
169,2014-02-01T00:00:00,127228176889705.89,125978609116593.95,121508050344381.06,14433515691308.188,133633780636092.48,12125730291711.418,3.486,1.899,1.698,15.989,19.833,29.656,487253809198.0115,2307785399596.7695,1824361760717.6394,898586546929.4165,1634622071950.25,13280510051.703821,20399495262.173355,101845230517.7026,1837642270769.3433,918986042191.5898,139561415452.84058,2499813752005.3643,4236371707755.8184,60720193616186.49,4287994561808.311,2038077326283.4355,70117486568443.33,22976635847406.008,16816791829918.139,31309406626329.273,25150819129526.047,117044313416205.22,116373092089695.83,6055459086733.291,161161878065.44427,114693231921.89784,6957843965655.895,1149760106700.3726,1427848622769.9749,2863951048145.1035,1058662560406.8164,10183863473500.666,9605517026898.13,NCEP,M
170,2014-03-01T00:00:00,145615619113444.25,144172299309508.97,141564008282175.7,9662777803063.975,150745869931238.44,9181861649062.748,1.4789999999999999,0.33999999999999997,0.318,4.977,118.842,94.548,487253809198.0115,480916154001.22723,898586546929.4165,2051274839738.4844,1843649025318.9814,20399495262.173355,80100713041.19116,61115347491.51223,918986042191.5898,2131375552779.6755,249985862599.3318,2348047039048.678,2094148027955.8171,60454731724192.95,6009987315949.551,3190872851918.1343,69293673984901.016,43855015644458.93,16922117511912.691,30566768613028.22,45192806601718.125,138067388833598.25,137418585414481.38,4399094602737.974,38075099684.63621,29685140152.80285,4523292855212.853,1811675715931.1548,955448019940.3219,1307774821024.0535,1236897920189.7805,7548230279845.984,6753713895027.591,NCEP,M
171,2014-04-01T00:00:00,212006185573906.97,209804830444088.16,213069273987804.34,20593331265420.293,225986805852474.56,12917531864670.242,4.475,3.6020000000000003,3.2849999999999997,37.273,13.378,10.229,487253809198.0115,7675799400750.05,2051274839738.4844,4154855749773.6,3422974609594.097,80100713041.19116,242791783417.19907,109054674585.36794,2131375552779.6755,4397647533190.7993,7740716220771.998,2248512252603.7295,9535815653162.299,69980434146467.17,20913546142527.54,14032489314471.473,75355185644098.56,38406743057059.73,52418086463568.78,78609104156691.78,50691784334673.59,201028770674690.16,199378602584868.47,5519722226424.974,137722213805.0327,147046026894.28534,5761181817510.408,809228660937.2654,3186491311139.761,4501417984960.278,1340832516764.477,10977414899216.803,10426227859219.68,NCEP,M
172,2014-05-01T00:00:00,362440933074104.25,363497683664185.4,363994209523105.6,23919037724423.195,382384242307588.4,18390032784482.74,2.4410000000000003,1.5190000000000001,1.425,23.115,23.005,15.219,487253809198.0115,5529004939940.456,4154855749773.6,6503563133392.955,4103132277667.798,242791783417.19907,112553782608.31807,113095827484.04346,4397647533190.7993,6616116916001.273,8804224870334.54,3387147339537.868,8883294430361.303,137357509453699.73,6728971995891.769,5624949808732.346,169026839375285.9,106428018559522.42,76254288221086.19,98237503741505.06,96597252367087.42,347647981563459.56,348607351959351.3,7748812779880.443,37661631851.219,60589611764.48388,8834311818906.45,2801386931837.283,3871686815347.875,4182162187162.4824,2146671438728.506,14792951510644.693,14890331704834.049,NCEP,M
173,2014-06-01T00:00:00,442185537786737.25,441201848189169.9,461355369268178.56,41844766211730.195,480927758707983.75,19572389439805.223,5.53,4.828,4.426,53.226,11.226,6.794,487253809198.0115,22272376771924.973,6503563133392.955,10781640249451.521,8334578212321.023,112553782608.31807,310890075621.1935,210172112717.8454,6616116916001.273,11092530325072.715,25765100368499.586,3121782556064.0166,25511597852606.66,150651238959621.12,37639777949432.62,31512280199516.0,139767266522896.31,149418703890508.2,96115590089876.61,94382700160576.77,151539496603914.88,425964923210222.06,425062131166120.44,8964378146331.816,339369319290.0156,276514888868.3261,8349944753066.885,3402893151054.1104,3816074949305.6113,3576828390260.9663,3634328001386.9404,16220614576515.219,16139717023049.451,NCEP,M
174,2014-07-01T00:00:00,556770530105463.5,567549429899583.1,586959027705612.0,36618218106886.266,603661328749022.6,16702301043410.598,3.785,3.3930000000000002,3.1940000000000004,54.388000000000005,16.145,6.245,487253809198.0115,19915917063475.668,10781640249451.521,11169858303735.885,10372185372299.576,310890075621.1935,100086895653.129,167171950697.2473,11092530325072.715,11269945199389.014,30872231862918.402,2623100644679.2495,22218852874364.414,180594056375103.28,40253833444882.805,32800038233220.09,200119021319557.94,143857540770053.78,157715124634415.84,185430419570185.75,155482337128655.12,542682054948562.9,553570316527511.75,7614762869238.938,140194588157.3922,190068636838.64096,8183671036082.881,2676264101726.465,3042371306045.865,3607379549096.6133,2612876441785.22,14088475156900.656,13979113372071.36,NCEP,M
175,2014-08-01T00:00:00,438132483854870.4,444637619961619.5,467152105252663.8,39966358819471.53,483762875286858.06,16610770034194.2,5.602,5.0,4.606,58.438,11.705,5.386,487253809198.0115,23355588785277.332,11169858303735.885,9770290372394.84,8818392587517.82,100086895653.129,336746803544.6951,169073291864.25488,11269945199389.014,10107037175939.535,28697817324311.6,2848166840069.694,26170050853494.656,151081535764400.94,51706026771765.85,28148967037376.574,163996944946336.06,115532308166465.61,91347967252650.83,129673451816303.52,124160825056021.62,424436262784546.6,431211764026774.3,7729517410244.472,132745446924.08539,160748570459.3721,8154763413840.304,2575659315182.5854,2622577206052.3267,3230295774437.3154,2515769868028.482,13696221070323.746,13425855934845.197,NCEP,M
176,2014-09-01T00:00:00,390854418907913.9,390287526851150.0,400432716451454.75,35689745404819.39,418597741825200.56,18165025373745.85,4.939,4.376,4.018,49.103,10.986,6.157,487253809198.0115,17524720031073.54,9770290372394.84,5896643360885.012,6417305644174.005,336746803544.6951,188825605988.7676,149857501681.79013,10107037175939.535,6085468966873.779,12936259803374.404,2449242193238.0767,19775503775808.31,165311271583661.3,18969892474779.74,15854625245383.277,181785937738226.66,63805282005871.016,87423636511786.61,130305745247531.89,86581102589968.47,375276924082447.5,374760569314761.5,9113215807664.04,114034203555.13394,171668472336.55487,10817033187143.84,828396529741.5309,2701971859604.6167,5464214015724.258,1893918286084.9146,15577494825466.383,15526957536388.506,NCEP,M
177,2014-10-01T00:00:00,294997281355521.5,295575047152227.1,295841662741185.94,20512936872602.83,309181866450942.3,13340203709756.365,2.984,2.4250000000000003,2.267,34.967,18.127,11.212,487253809198.0115,7172733162846.463,5896643360885.012,2095591650691.6565,4194108515951.275,188825605988.7676,110573541529.64133,108090073838.21776,6085468966873.779,2206165192221.298,3871195208954.2764,2571659840670.0283,8828994241769.223,124279263952585.1,7029303052084.45,4961363001927.279,147955539773423.1,66180761179061.42,61795799844702.125,88080776197102.9,68136434178515.47,283502164330676.7,284917076848725.1,6029347141893.343,28367404417.96364,39452336237.66526,6348875529949.228,1448142020702.1477,2878665880684.1562,3978175526011.6797,1402061488450.654,11495117024844.836,10657970303502.002,NCEP,M
178,2014-11-01T00:00:00,170605160442486.5,172094993448566.44,168306746342683.84,14578986909896.004,180330017973942.7,12023271631258.832,2.557,1.518,1.397,17.53,24.473,24.466,487253809198.0115,2555715278637.172,2095591650691.6565,829963359877.8873,2084862346904.9087,110573541529.64133,59119920297.90995,86844264526.57823,2206165192221.298,889083280175.7972,2728466388953.051,3042978078790.616,4302963150128.3735,94024350340152.1,3602654991150.572,1383544118257.6294,91517514563265.17,41777796268033.125,17806455539415.17,23254019497805.656,50247194738846.65,160439710224248.5,163173819832677.56,7106659359954.852,24031617132.206676,19287687646.360912,6000886943681.464,1417391065401.8489,1024969236597.8542,1622112105234.9282,1871285818477.3452,10165450218237.99,8921173615888.87,NCEP,M
179,2014-12-01T00:00:00,141464693722618.8,141816778085480.22,137743735303689.55,10233825241195.438,147612924376238.47,9869189072548.893,1.546,0.265,0.246,3.563,97.124,101.694,487253809198.0115,364636168646.5455,829963359877.8873,737924217595.1227,1142420360784.967,59119920297.90995,17019864501.214045,49840261511.399826,889083280175.7972,754944082096.3367,582581332628.5879,2911655446083.223,2129546763378.5444,68949918713151.47,967373918425.8689,388549547712.1927,69222172715037.0,55532888550047.195,6263759905119.136,8548178354188.975,58422957784133.87,133419535165099.84,134876264322715.88,5040989183418.812,2821732438.513728,1145757536.3231382,4295666414088.3574,2420011237740.2646,450309472884.89276,583012378823.584,2191716143352.5854,8045158557518.983,6940513762764.35,NCEP,M
180,2015-01-01T00:00:00,130700233508044.23,128351652067586.1,125906573633023.33,12819782417215.303,136893599200558.69,10987025567535.371,2.823,1.456,1.321,14.296000000000001,23.417,30.488,487253809198.0115,1832756849679.9324,737924217595.1227,2124505088644.0632,1384455567068.9697,17019864501.214045,201716167191.95483,75104320186.18033,754944082096.3367,2326221255836.018,1055452574626.6895,2661289655918.3745,3554436229552.9985,61038610026760.48,2628684762285.463,1265032158272.2515,64659152578032.65,36110359562540.58,14738350058649.74,23037905437309.836,38201444915858.42,121451907184883.14,120227632314826.27,5482672792252.562,106868196775.12502,52264465968.27371,5188368392319.667,1515527952362.626,1396468931412.9912,2197861112577.6274,1432314232252.0413,9248326323161.09,8124019752759.824,NCEP,M
181,2015-02-01T00:00:00,127047067726403.47,129450133091432.11,126288188673792.38,11180029958059.984,135695029632991.0,9406840959198.62,2.604,1.4040000000000001,1.29,15.86,23.113,27.458,487253809198.0115,1773188998861.3655,2124505088644.0632,906667647701.1066,1463706669671.5232,201716167191.95483,23398968509.132065,72452605308.17247,2326221255836.018,930066616210.2386,2780099727016.887,2025946397609.0303,3288883524986.952,62879620188827.25,2835517374103.905,1677154165779.8433,58283070120568.88,35182241842698.953,14507864717632.38,19618621263216.35,46466185288799.15,119357637460522.39,122092637501104.31,4798029556048.742,48070790093.7686,26116231252.635258,4276131288200.374,1305857840509.151,1204023360260.122,1559426638070.5466,1829270151773.5378,7689430265881.076,7357495590327.803,NCEP,M
182,2015-03-01T00:00:00,196489419774385.9,185910074971517.75,188531370589451.44,14111954257292.342,201727812740371.12,13196442150919.672,1.7510000000000001,0.486,0.45199999999999996,6.487,68.345,56.695,487253809198.0115,915512106372.6709,906667647701.1066,8670225357217.169,2018403987919.4749,23398968509.132065,564156396303.4579,69765034982.26732,930066616210.2386,9234381753520.627,-1359517571526.7183,3282614745257.7197,3300741282416.6577,90490173015249.75,11532477190435.129,7639798355876.32,94137554158893.38,45325326150732.414,21919761310024.11,42246308246160.87,48970611290465.03,185701605768019.34,176560403949817.62,6938583206965.009,121089095246.80124,127702389598.31061,6327239393975.989,1815666026602.4873,923977360560.8494,1905862383200.7422,1977365171916.484,10787814006366.55,9349671021700.123,NCEP,M
183,2015-04-01T00:00:00,268002209023349.56,274169340505646.6,276062093814505.9,24330624742026.797,291724178330791.7,15662084516285.82,3.8850000000000002,3.1399999999999997,2.886,35.628,11.703,9.673,487253809198.0115,8668540225740.976,8670225357217.169,4191114774676.074,3381734510205.4673,564156396303.4579,107039278992.29419,116456658005.93764,9234381753520.627,4298154053668.368,9899444009034.34,2531275766209.1636,10725408004419.037,100056113289509.98,8957685394147.963,9045688684854.19,107685741644226.22,81794800449328.02,47351496734474.57,64064546258353.07,97150647262562.06,254961148682045.25,261145571035410.8,6455832621593.03,68239336890.42723,171418774545.0261,6897514840727.748,2199790183959.2363,3372114278122.1113,4214018761207.0093,2685901014495.4937,13041060341304.303,13023769470235.78,NCEP,M
184,2015-05-01T00:00:00,363143967718638.06,373983747366275.75,372073556883113.44,23977630941470.266,390793724357962.4,18720167474848.934,2.133,1.413,1.327,21.927,27.61,18.065,487253809198.0115,5257463466621.333,4191114774676.074,5341188076894.96,4682529146486.027,107039278992.29419,200474493716.37253,127658495568.87111,4298154053668.368,5541662570611.332,17340751654149.916,3330997231969.803,7937317166157.5205,163180716320459.03,11247846710942.941,7938542866197.762,169774716990252.44,119645569990336.62,41964462442386.13,56445864045324.19,135808025496479.44,347210693222317.6,358795051640060.94,9527648339105.635,82770419310.69905,66354169319.02408,9539783938136.303,3589608118507.822,1814512910896.2246,2749663869387.9697,3751628457871.6123,15933274496320.451,15188695726214.838,NCEP,M
185,2015-06-01T00:00:00,549407251764500.8,553593279510795.94,560584989616835.8,34268654684089.633,581883619501165.1,21298629884329.22,2.7199999999999998,2.314,2.18,37.848,19.756,11.091,487253809198.0115,12970024799760.412,5341188076894.96,9115449604119.307,8541119386692.456,200474493716.37253,139508536828.12378,199794948130.69797,5541662570611.332,9254958140947.43,20869348047150.54,3784732783818.545,15250649134844.172,179008627552354.88,60331131820693.11,37368272283958.76,191421465265721.97,192589080628176.0,91964582361273.94,121623740244482.14,192501711430183.34,530589720708971.75,536218890877872.3,9225150219279.215,711281276786.7587,297676957257.4025,9967941060253.998,5344527730124.728,2674380039363.75,3950176148867.7466,4020786256519.1274,18817531055529.09,17374388632923.633,NCEP,M
186,2015-07-01T00:00:00,521352623448110.8,524881400063534.06,546127173179433.44,35108040516340.746,562338172685985.8,16210999506552.45,3.945,3.46,3.251,53.825,15.959,7.08,487253809198.0115,18897041009788.297,9115449604119.307,13401249096795.324,9728148980361.51,139508536828.12378,281753518642.50024,179821081486.8053,9254958140947.43,13683002615437.824,26853862232856.383,2228402551465.419,21545367322394.098,165982124918111.03,40154291564834.46,24314264773796.426,152391305395902.3,181998734620723.62,126785693031218.73,135634334478361.2,191849266768288.47,507929458790992.3,511180556760244.0,6261880177830.48,305135207195.97345,282076237850.2744,4930249228962.213,4146579585574.7324,3728821487404.868,2732628655863.0376,4736637379727.008,13423164657118.525,13700843303290.062,NCEP,M
187,2015-08-01T00:00:00,425726908434048.8,441174166661660.25,447598017160935.9,16413624367025.543,458097339383912.44,10499322222976.559,1.696,1.321,1.275,36.033,42.706,13.804,487253809198.0115,5914302144048.984,13401249096795.324,6580602990125.682,8147529178517.062,281753518642.50024,70125091576.92865,109734269773.28241,13683002615437.824,6650728081702.61,14329285791032.828,2681809244656.211,7590635442785.807,105182818418325.3,84259688586565.78,54750571671101.44,119678666741647.5,151656938845086.38,90535175643325.95,105595344093938.42,138953247756485.19,417185673028451.56,433426778728024.44,3818548847983.7334,313127531449.3904,515268211809.66125,3712951671688.3438,1860090647044.3003,1367927179859.3367,2347327698759.5415,2353381550638.7456,8541235405597.236,7747387933635.817,NCEP,M
188,2015-09-01T00:00:00,457466596697519.8,454248532481240.5,469814520384535.4,45035416838272.12,488587130098371.75,18772609713836.39,6.288,5.59,5.101,58.316,8.204,4.734,487253809198.0115,26262807124435.727,6580602990125.682,2126024493887.0603,7181629664739.314,70125091576.92865,285157070.59012824,172673383765.9469,6650728081702.61,2126309650957.6504,18520324641826.258,2668969920759.1177,29543317880999.684,174259760100824.4,30549013499527.773,26906838260776.957,184770312660780.72,92323920064305.19,113556216644994.28,148554104405917.75,109269635204345.89,442044622831824.3,438145178009648.6,8273847609634.68,329352038407.57196,357863916348.6837,9353515821734.254,1859856560035.3594,4117644215720.9277,4930405779676.784,2302842395729.1074,15421973865695.508,16103354471591.861,NCEP,M
189,2015-10-01T00:00:00,266509438607953.28,266718464161407.56,265018482883630.12,15879599242425.047,277090174706109.56,12071691822479.418,1.997,1.437,1.3559999999999999,23.98,29.314,17.896,487253809198.0115,3807907419945.63,2126024493887.0603,2107212037932.3137,3600775107898.746,285157070.59012824,2195354695.3425474,91593387368.71846,2126309650957.6504,2109407392627.6562,4000030752305.12,2970348292488.0796,5291954822351.009,109223184262467.97,10242701976918.312,6909873583553.957,131818820797110.6,79016303665967.69,35809013748957.4,60772717832960.24,79748779500360.48,255922079344949.84,257619316023346.78,5391493843278.906,110710831465.568,199353664608.51318,5976112252488.504,2424793311127.2383,1396830258572.7927,2571718443988.789,1615494795533.9312,10587359263003.447,9099148138060.797,NCEP,M
190,2015-11-01T00:00:00,273552080318520.47,267119188383246.22,266452935322524.78,32017394398274.984,286893637887445.1,20440702564920.387,5.293,4.345000000000001,3.879,36.158,8.765,10.378,487253809198.0115,11576691833354.598,2107212037932.3137,2037978422891.3145,3382214109998.9087,2195354695.3425474,91205868818.60463,166857311100.2682,2109407392627.6562,2129184291709.9192,5163576944286.563,3541454579481.066,14103810485884.004,131061461052862.64,7726661435143.528,5922767576828.456,139056945425073.03,59310390970627.87,36329858367265.77,59346072160505.88,67197681186267.125,255640691760824.84,250311146413749.47,10156559609379.49,248213630689.70978,209877174553.02872,10900240571253.088,3971739727420.51,2300637518165.754,3573212046342.6074,3358950249388.2114,17911388557695.637,16808041969496.762,NCEP,M
191,2015-12-01T00:00:00,147157717765067.6,149385776754112.3,146144083150629.34,10882203851875.316,155997941518668.4,9853858368039.062,2.018,0.7040000000000001,0.655,9.45,52.503,55.784,487253809198.0115,1028345483836.2549,2037978422891.3145,1449158712425.8242,1741648700515.4482,91205868818.60463,16510598390.853487,77103765490.3121,2129184291709.9192,1465669310816.6777,2592889488917.498,2198015321445.9429,2948480135363.7124,67430201646776.98,2546506559845.0605,1464101811054.5122,72072940318849.77,49467248667979.14,16898912981111.086,20953647791563.957,50228084443033.89,139315199917374.6,141746444302839.8,4027203320774.028,44708216045.69282,29752844838.52859,4744968497642.46,2233303329484.0015,1262745719586.093,1552258352596.4421,1586910017998.251,7842517847693.0,7639332451272.496,NCEP,M
192,2016-01-01T00:00:00,120772229682415.4,121908685328595.5,117218237131621.47,11737401951564.309,128074072474552.69,10855835342931.209,2.1399999999999997,0.752,0.6839999999999999,7.510999999999999,40.013,64.366,487253809198.0115,881566608633.0995,1449158712425.8242,876848279831.7206,1137888325695.4607,16510598390.853487,77983478457.60936,76266813249.41713,1465669310816.6777,954831758289.33,1507184699153.8486,2701639522411.7773,2508915868388.0576,61228902367505.42,2520017592743.241,1060111346276.6499,61304810588841.516,43541035296887.88,2626862164083.6274,5730205186960.0625,47380782637733.305,111560254197630.02,113832472983401.69,5746546692262.639,150055637887.69638,37157692010.7244,5057524144170.536,2810155880934.6235,206631171902.93262,618115219577.4092,2662001391232.6504,9211975484785.396,8076212345193.815,NCEP,M
193,2016-02-01T00:00:00,161329754894844.34,160950819920783.44,158299301406684.25,14140627211573.658,170356633119795.44,12057331713111.186,2.562,1.316,1.208,14.732999999999999,20.073,25.866,487253809198.0115,2083295498462.4727,876848279831.7206,2909383540899.3164,1441974673068.1362,77983478457.60936,175288566539.70728,77424282364.6191,954831758289.33,3084672107439.0234,3834200878394.0864,2265618106880.312,4055522979849.834,72155192889986.02,652214017637.6919,633147742949.044,70061224824579.59,65401131471383.05,8234900877178.347,13133162037260.008,72386055166539.48,151322634141578.12,151334394885935.1,5205979918851.295,14355506480.04041,20816686270.059124,5191826825961.611,3506707640935.3896,820324334581.0486,1273616507209.4712,3589918367825.646,10007120753266.215,9616425034848.346,NCEP,M
194,2016-03-01T00:00:00,212175533279691.5,213919655225241.5,210757242132445.72,18252551157511.766,225828431834537.38,15071189702091.656,2.622,1.509,1.389,17.43,24.394,26.751,487253809198.0115,3181361455420.1094,2909383540899.3164,3470799806450.4473,2503430440210.622,175288566539.70728,135127640896.86014,114388462313.94838,3084672107439.0234,3605927447347.3076,5446738725030.565,2777493745544.7354,5525355432251.67,98515526136646.67,15169091808723.504,9686475962792.867,91244749598100.9,52785142029382.22,21810505964884.6,38636481992149.33,73536739522034.6,199623626120971.1,201761086893743.6,8185172405795.145,288125569273.2912,206776537942.11884,6630090339679.256,2334792102810.55,922360977240.4283,1825166112172.576,4317991445304.946,12551907158720.39,12158568331497.92,NCEP,M
195,2016-04-01T00:00:00,266645159398986.66,266704682999544.88,265825387911427.72,18574929595068.87,281207226305553.4,15381838394125.707,2.077,1.201,1.123,17.19,31.048,21.87,487253809198.0115,3193091200943.1646,3470799806450.4473,5788076673934.055,3304593435673.7573,135127640896.86014,248931659812.85867,96988519446.1906,3605927447347.3076,6037008333746.913,5683695675864.277,2944779630679.987,5520755353618.345,123743550718219.47,5117993488188.169,4142044107143.5874,136204761113798.06,81799879602625.52,23801371159742.426,44040638370444.414,89392430122146.66,253726112798433.0,254516555883875.3,8241050415394.91,59646604848.78476,50363706611.56159,7699650082454.934,2524581221866.056,1461876548260.2563,2103051256681.1401,2966953880105.5938,12919046600553.668,12188127115669.568,NCEP,M
196,2016-05-01T00:00:00,413752501858310.9,411421963661166.25,414569758494799.25,35600069532699.07,438550073291172.6,23980314796373.4,3.47,2.803,2.581,32.64,13.587,10.182,487253809198.0115,11619754736325.674,5788076673934.055,8996115729235.87,5092643434554.243,248931659812.85867,313916626538.8795,159019063677.81436,6037008333746.913,9310032355774.748,12562240775078.367,3431803348357.937,14386273712004.24,172274079288035.94,14357418884979.309,10609064491789.234,179312981195893.9,99813444257699.42,81019443841971.47,110091049659904.25,116497525130714.45,392787637697428.9,391187369053559.1,11834831653741.35,185344347959.9311,73083538755.25735,12099824584040.068,2704978351418.026,4813013769940.3125,6351970616967.333,3136411905666.806,20964864160881.97,20234594607607.117,NCEP,M
197,2016-06-01T00:00:00,514226159440141.25,521660990559264.56,538929024617564.6,37447613343555.5,555761595204080.3,16832570586515.668,4.354,3.8249999999999997,3.5770000000000004,55.05,11.832,5.706,487253809198.0115,20615042757039.832,8996115729235.87,8094874628725.29,8130662282178.082,313916626538.8795,54687636741.47777,163384645844.01303,9310032355774.748,8149562265466.768,26889404343516.617,2483573261142.4526,23467468560545.023,198058719587196.75,26975050045440.094,25512840722875.39,202669681140641.22,206501324940412.2,65195677128021.0,70487046033185.38,212526273114192.0,500559931283669.7,507366681428294.3,6462640898911.791,258981434771.75015,452798215650.00323,7466839804172.151,4856968897912.995,2079484178136.7222,1893820143996.803,4489003713889.624,13666228156471.594,14294309130970.248,NCEP,M
198,2016-07-01T00:00:00,617608068103918.1,611165782262627.2,641594386930739.5,46222882067127.54,657518675996840.9,15924289066101.46,5.029999999999999,4.7219999999999995,4.405,65.549,11.733,4.281,487253809198.0115,30298593001026.08,8094874628725.29,11434812782367.941,11467536912670.02,54687636741.47777,10836502505.975245,174323869835.91995,8149562265466.768,11445649284873.916,27152394106233.953,2633280977063.3843,32273963545184.81,177185599442473.2,69955242603003.734,67276419238550.7,178946209910088.94,135924560782715.2,186932442642260.47,223327257754977.75,162051715447833.62,603713837218716.9,597885610603186.8,6091527957053.458,296605688015.33417,554016795151.3171,6508600240550.748,1972455977486.9888,3861956148671.485,5276230155509.486,2613009582202.913,13894230885201.25,13280171659440.48,NCEP,M
199,2016-08-01T00:00:00,684619031219390.0,684853319009195.0,704309751265977.5,48528348799193.516,724857077073034.4,20547325807056.945,4.317,3.9730000000000003,3.717,57.659000000000006,14.466,6.554,487253809198.0115,27981022992136.57,11434812782367.941,6339933366311.065,13057329196351.125,10836502505.975245,99158981709.23264,246498230467.66882,11445649284873.916,6439092348020.298,23208753789680.15,3160326560848.967,30404339210377.863,195505386666850.84,112890928476481.8,86419531527425.23,213202331085392.97,143963527480376.9,177300036507556.53,240617412458427.4,164172182619857.25,666505858133080.4,667565478689288.5,10673903270265.078,436253741234.5331,414991886933.0519,9995427781832.207,2937491195944.902,2974842414670.8354,4086786733166.6436,3881316382168.864,18113173086309.676,17287840319906.44,NCEP,M
200,2016-09-01T00:00:00,352986033097424.44,357855187101614.0,367021214218666.94,22978297682691.42,378439065614982.56,11417851396315.604,3.5479999999999996,3.15,2.964,50.31,17.751,6.993,487253809198.0115,11560446286375.818,6339933366311.065,5081689353563.853,6840422151028.907,99158981709.23264,22214958616.022766,112278614583.8273,6439092348020.298,5103904312179.875,15094412164906.297,2457194987571.3438,13022779303435.916,133984487785018.55,25783166909689.312,13792284535490.172,161766981565850.4,118861144144854.52,53086572502685.71,76491757234514.95,108280024583441.7,343129673699878.2,348916745561667.1,5684495353325.735,60093075550.60663,82668860681.57216,5675369283141.054,2487493230826.0356,1007515721959.5596,1601701952712.9321,2195463459295.6655,9856359397546.275,8938441539946.887,NCEP,M
201,2016-10-01T00:00:00,322876225679655.5,321539425728084.75,327137194103989.75,31220209267377.156,343466997384508.75,16329803280519.008,5.173,4.552,4.154999999999999,47.695,8.279,5.045,487253809198.0115,14890405986858.148,5081689353563.853,2235386186666.536,3976860184570.5347,22214958616.022766,78126604875.58191,100978581918.55325,5103904312179.875,2313512791542.118,10763214694782.736,2691110658357.685,16922948026391.05,145478240381657.94,8977458184196.021,6815444063529.147,185169152262171.34,48792709000081.12,54229962753443.125,107514785952017.22,59602286691121.62,308601179397285.44,307978859890932.1,8162593741118.34,40416446758.98483,89196133446.66504,9531123942886.246,1201525728427.4648,2678166683281.2593,4821730679377.613,1310858764226.1536,14275046282370.082,13560565837152.645,NCEP,M
202,2016-11-01T00:00:00,217271676446840.2,217916734273270.47,214125147259381.34,14326217992965.307,227183738507188.22,13058591247806.879,1.7819999999999998,0.592,0.555,8.848,51.472,38.5,487253809198.0115,1267626745158.4277,2235386186666.536,1296872664905.2983,2174907837565.3206,78126604875.58191,134300077.53520367,67782195408.232285,2313512791542.118,1297006964982.8335,896178761098.7036,4153523700892.232,3816473551973.4233,117080984339805.94,1203764624237.9875,625292165036.872,131588722977922.25,63841843939882.21,17546804879440.963,25291938165998.836,58672508560901.42,206840058610723.88,209011801042502.62,6674827173872.358,23020870055.447926,7598068300.403149,6483556915289.863,2573796210729.983,1002745941938.2842,1175396383213.5566,1395609503484.2588,10431617836116.3,8904933230767.855,NCEP,M
203,2016-12-01T00:00:00,170328472193242.0,170353726981510.2,165585456263877.16,13229903853324.336,178098349091243.3,12512892827366.139,1.737,0.43299999999999994,0.40099999999999997,5.42,80.055,76.294,487253809198.0115,717011025958.197,1296872664905.2983,1629036035533.2888,1851623134397.7344,134300077.53520367,57542781305.721306,73526251874.35693,1297006964982.8335,1686578816839.01,1131837664912.6873,3181361806323.115,2876681487740.8433,87770232811086.58,2164920114955.2832,1374484200378.8552,83421176592799.48,50552460258273.195,15125123527788.383,20278206857997.395,60368518505059.84,159975384127736.03,161079738740603.0,6501481736542.207,12370016944.341503,14858160375.330538,5708877175733.268,2849930465523.7085,638588655889.2451,986817703064.7113,2914152392340.321,10353088065505.957,9273988240907.176,NCEP,M
204,2017-01-01T00:00:00,117378514097434.53,117157016815371.9,112985639824023.23,7881682849078.05,119782469322150.22,6796829498126.992,0.656,0.96,0.898,13.764000000000001,35.721,36.483,487253809198.0115,1084853350951.0576,1629036035533.2888,1092136531817.1932,1250069960522.6895,57542781305.721306,14545447600.186117,53197532354.52474,1686578816839.01,1106681979417.3794,283459231466.7982,777050808835.9938,741719718524.9501,61233267143121.445,1596300372910.308,828347199783.273,66575788699421.63,33613616121679.805,8913833724089.18,14620863283602.627,34065860777259.977,110296093748187.16,111151783573681.1,4871024954025.499,12887588529.857082,14251951645.785654,4368984744349.634,1412038801604.4133,491113226093.7628,785104641971.68,1132247682717.5579,7082420349247.378,6005233241690.812,NCEP,M
205,2017-02-01T00:00:00,155963090273870.0,155530612749598.97,150055473135980.34,14853154166040.842,160458782026536.28,10403308890555.928,2.552,2.965,2.698,29.959000000000003,11.307,13.879,487253809198.0115,4449845275484.914,1092136531817.1932,963698961706.297,1796900641255.3604,14545447600.186117,6273813589.813661,91903343417.83421,1106681979417.3794,969972775296.1107,3880658547092.618,128168862565.9008,3830027639075.2905,67099690550629.195,4555404893655.147,2068477984081.604,73294033249919.34,50876697911220.63,15492541019769.453,24909642748573.203,51919767371854.83,144954509194504.62,145261746535198.75,6175714655164.587,47377110063.032166,27398541089.549484,5908538831316.609,3046876152415.9717,1241329347437.792,1758591730695.2568,3071620925582.779,11008581079365.365,10268866214400.21,NCEP,M
206,2017-03-01T00:00:00,160723483857055.1,159047426196965.75,155599966332220.78,16200044402108.445,165659234572715.4,10059268240494.617,3.2689999999999997,3.9469999999999996,3.5740000000000003,37.906,11.237,13.489,487253809198.0115,6140776161613.827,963698961706.297,1470762973054.6653,2225985328118.361,6273813589.813661,54875899592.03126,111332290481.3825,969972775296.1107,1525638872646.6965,5020384598875.061,0.0,5086169503102.942,56692857655083.89,12525389128683.637,6926730477852.445,55935808610274.93,53091039841458.32,24392746599987.41,32905254797244.754,56189089517117.18,149615882771639.4,149043033856063.16,5782489353123.492,214537608346.78766,223326106654.98236,5408446100347.777,2682752762804.8145,1572102155669.93,2419032862832.4,2809306476538.091,11107601085415.69,10004392340902.586,NCEP,M
207,2017-04-01T00:00:00,270323127165438.22,270625673897998.4,264125120570953.78,18716982747852.555,278389378176882.66,14264257605928.91,1.5,1.686,1.574,23.79,23.781,21.534,487253809198.0115,4452725141923.645,1470762973054.6653,3647939013913.8774,3529679937915.2065,54875899592.03126,89326670225.82368,133173012529.70607,1525638872646.6965,3737265684139.701,6966898685976.843,63826652139.54327,3962611942605.0493,121958014697905.38,11988849382591.21,8341331445049.553,109800829950393.92,86666376438735.56,24527649724918.6,38657909678092.266,110197240556531.16,255623632259782.75,256514569614434.88,9020166990140.121,232698178953.9769,174495066139.7999,7815185468071.522,3376717588350.5317,1155657408218.4336,2128115261025.019,4907563228319.608,14699494905655.473,14111104283563.541,NCEP,M
208,2017-05-01T00:00:00,322806750386864.1,323105961962591.3,322532430039202.7,18528451649092.35,334537664212958.56,12005234173755.867,1.8499999999999999,2.022,1.913,35.205999999999996,21.963,12.742,487253809198.0115,6523217475336.484,3647939013913.8774,5421950817557.413,4621698188953.311,89326670225.82368,37371348850.60992,111716101681.82895,3737265684139.701,5459322166408.023,8544485533332.023,4397402395.056107,5967982681564.168,106076429746506.25,24634649755797.3,16347631450577.885,116956836988709.25,109523076680539.5,54469092700702.13,78388470211938.11,115081917094872.4,310335608089561.75,311142496540081.1,6708917727129.993,154513365236.07822,244964054531.4043,6414265374871.592,2448099846798.4414,2275120973814.13,3069160668842.518,3119565708588.3965,12471142297302.357,11963465422510.195,NCEP,M
209,2017-06-01T00:00:00,390893316472901.75,388904808519576.6,404558349198621.56,29403019389423.33,416793299487528.0,12234950288906.441,4.05,4.244,3.956,58.389,13.446,7.214,487253809198.0115,17168069100516.887,5421950817557.413,11430032176051.629,7694506394572.947,37371348850.60992,75697580855.51535,172023702625.25275,5459322166408.023,11505729756907.145,21225968737690.883,0.0,16382761211044.229,82355806602292.34,59799121848169.34,45028792211073.01,102895060102957.31,141160636293840.97,83112629766416.17,109365194536166.97,130938744093982.88,377910429643373.25,376745555811525.7,4795640112476.354,603700749741.4272,749289119644.8,5225019412115.907,4072237404540.5127,2692961644940.949,3365720192866.824,3637570901252.643,12982886829528.488,12159252708050.926,NCEP,M
210,2017-07-01T00:00:00,641389197839638.6,641013922815693.4,663780869544201.0,41730463191582.95,680455831049201.5,16674961505000.516,3.816,3.775,3.551,60.041,14.717,5.737,487253809198.0115,25055501686582.438,11430032176051.629,13701874334225.352,11894574941426.379,75697580855.51535,409082862002.7953,193189382242.6355,11505729756907.145,14110957196228.146,27285454101958.2,0.0,25330951037279.977,192684711219435.34,63403314921054.836,63889378357246.3,222918011925585.03,150759285480587.97,179284050975258.4,217732008208921.56,159142666350797.3,625065383266191.1,624748044172695.6,8769127603322.49,209545336702.25073,327676147011.31946,8889331241435.662,1853021752101.0022,5025171509218.592,5373989071012.649,2141830555641.214,16323814573447.463,16265878642997.719,NCEP,M
211,2017-08-01T00:00:00,562578371229512.0,578706812787884.2,590520592377615.8,35824023882721.8,606705573565276.4,16184981187660.656,3.254,3.3259999999999996,3.136,54.821,14.973,6.316,487253809198.0115,19639042695061.14,13701874334225.352,8588229530904.981,9485507634687.04,409082862002.7953,181448665842.37314,166731877325.06558,14110957196228.146,8769678196747.3545,30426205253952.574,11193520005.495453,19217889060639.254,207332491463228.5,62071102261599.81,27441808884725.21,248633435404874.12,152652866754369.72,96468777346296.77,158954152167108.75,155541158773300.75,546381319269432.25,562714473786071.44,9224270585197.78,194123404788.96927,143489259542.22406,10319494473431.21,1901831982904.6797,2662426884156.465,4927460132435.067,2816294239436.153,16197051960079.75,15992339001812.797,NCEP,M
212,2017-09-01T00:00:00,359525697163604.94,371060428610460.5,373609689108563.5,17597764565871.24,384050336136194.3,10440647027630.809,1.9709999999999999,1.916,1.8290000000000002,40.671,25.819,10.361,487253809198.0115,7157117538240.429,8588229530904.981,5419103653821.591,6159651336540.936,181448665842.37314,95736405239.75842,102995010526.08995,8769678196747.3545,5514840059061.35,15437010847409.98,112408352503.07956,7362659114169.389,167352665458330.25,12536802889281.838,5477936186577.219,194371285209000.7,75229351445608.8,58705719701166.34,101412087287229.17,95214118541123.61,349472040377745.44,360827926340572.5,6795480715110.419,39095296387.258606,25823266748.717064,7151626384029.442,707061692109.1125,1508066006116.2417,2525291111891.2266,1533714583355.0278,10053656785859.477,10232502269887.97,NCEP,M
213,2017-10-01T00:00:00,282120947974352.75,284560299079851.56,286649826262625.0,24326250439626.977,299620777280275.8,12970951017650.799,4.002,3.961,3.6519999999999997,46.678999999999995,10.972,7.078,487253809198.0115,11355299421976.178,5419103653821.591,3302275690939.241,4019021967779.7964,95736405239.75842,161268296294.9936,108033485583.63304,5514840059061.35,3463543987234.235,11743354455647.883,123881028153.65512,11473053185036.324,122446961843224.19,12632812367737.602,9609595793262.562,148287503002746.72,43573930593420.44,53137311888375.89,93732998895094.7,57816870127789.22,269363487125001.88,271874497386649.44,6539862103682.965,151027323803.9169,242135286421.91843,8794980109737.983,652181012424.2682,2622144565291.9414,5323282446821.744,1117649694368.3127,12757460849350.895,12685801693202.154,NCEP,M
214,2017-11-01T00:00:00,205361183906601.16,206703281014323.5,201288560499397.4,9829430535887.633,210796981455468.2,9508420956070.799,0.27699999999999997,0.159,0.152,3.266,191.908,132.584,487253809198.0115,321009579816.8345,3302275690939.241,1282665334883.789,2053476836388.9353,161268296294.9936,12046106422.65775,59112335683.280396,3463543987234.235,1294711441306.4468,-505725858388.62744,2241841618760.46,557147381077.7847,109051487502950.2,1599394141847.7603,542186409700.2598,118423783390017.56,70098978568341.46,11841114240799.652,16557516567094.38,67584456010770.836,196250169048086.3,199448747783435.8,5491968290411.185,4428991374.904183,1403725126.7690034,5235856093398.235,3077029135030.789,334252947484.7678,540613707946.111,1679995198629.772,9111014858514.854,7254533230887.68,NCEP,M
215,2017-12-01T00:00:00,156263053630909.4,155068883226084.84,149616073931109.1,8929852449141.824,158322961148604.94,8706887217495.842,0.232,0.149,0.14100000000000001,2.497,182.683,168.714,487253809198.0115,222965231645.98203,1282665334883.789,1383506485335.214,1313932099728.7935,12046106422.65775,55196977622.89017,50560887265.61291,1294711441306.4468,1438703462958.1042,-827213151526.8992,1468769139591.1868,346605319970.8001,74567876432323.97,1360052296805.8083,261045560469.28802,79392190320092.89,65241928874914.72,5784641364211.803,7621001740453.064,61349078144692.58,147691852608161.03,147885962125803.1,5018657627746.643,5516099924.015132,2603566802.578728,4705699816753.855,2933386210207.5327,445227782333.0928,616553617991.6117,2026477401270.7996,8571201022748.365,7182921100281.763,NCEP,M
216,2018-01-01T00:00:00,141423882799023.03,141612093277332.44,135664059885905.33,15282050549593.04,149291152189078.4,13627092303173.074,2.646,1.22,1.0959999999999999,10.829,23.001,40.605,487253809198.0115,1654958246419.9653,1383506485335.214,761633984867.8431,1227901902321.5388,55196977622.89017,13742644639.097837,90322109649.19298,1438703462958.1042,775376629506.9409,1179841880346.2056,3314145535564.376,3589536757606.656,69305350492613.71,4376578771242.652,2087506714756.1987,72207546762026.14,38376144392061.28,12273957200000.025,20017564385228.344,42454806410162.0,129786565984659.53,131312889143430.83,6937247673258.769,272269230199.2122,113299227045.35196,6719176622413.029,1912684290817.647,1401107152020.1582,2674085623241.7256,1906651129269.1963,11637316814363.492,10299204133901.596,NCEP,M
217,2018-02-01T00:00:00,129657195776090.69,126924733760113.02,123036092106639.7,11448634597163.041,134090887775872.33,11054795669232.623,1.4500000000000002,0.32,0.293,3.44,87.822,117.63,487253809198.0115,393838927930.4187,761633984867.8431,2414451452562.781,1235270207328.9468,13742644639.097837,187393304406.82883,68939581183.47244,775376629506.9409,2601844756969.6094,-512154957572.38794,2780313305522.811,1783995950254.6887,62418229813345.53,749574637407.5665,302573504826.9485,68619417010954.32,50665712826711.195,2698951004774.523,6619783628937.757,46769702050685.83,120006299773821.44,118837644703822.23,5658087843827.519,10699087772.164953,369331192.93886477,5894058377329.539,3010629626099.6855,130108383640.84804,981809201149.1101,2052223207548.224,9650896002269.254,8087089056290.775,NCEP,M
218,2018-03-01T00:00:00,231379952044415.56,235128882394213.44,231522590853573.5,15648766934351.898,245364452496483.38,13841861642909.86,1.8980000000000001,0.7799999999999999,0.731,11.547,51.597,43.165,487253809198.0115,1806905291442.04,2414451452562.781,3094761930579.5073,3007425582846.7373,187393304406.82883,63601253533.255775,104831775590.55923,2601844756969.6094,3158363184112.763,6112354040171.935,2683174232680.0615,4394032713688.2383,100322810766206.42,10437425389670.438,6929961318331.042,115036771883196.62,62414076461796.87,31966490818145.016,50645762581824.375,66593108118293.65,220312611128158.72,224033796209305.75,6255564204567.338,50064571515.03619,84532098102.08105,7098174130749.63,2417524913395.595,1669765611789.2803,2309719700191.817,2277081870853.7285,11067340916256.832,11095086184907.676,NCEP,M
219,2018-04-01T00:00:00,304734995923186.1,306464593982351.9,306193156836332.75,24705310556311.73,323430185837759.7,17237029001426.91,3.2809999999999997,2.439,2.257,30.229,15.442,11.536,487253809198.0115,7468281554884.819,3094761930579.5073,4008367878910.014,3844101288080.6543,63601253533.255775,132423620629.18523,119653704852.28125,3158363184112.763,4140791499539.199,10180307940202.094,2778778416515.259,10046021928628.283,116270208970747.1,12632080436255.113,11355102562556.568,133745215843026.75,88249860056916.67,51378298224503.46,74264136958815.6,94383172525009.2,290139308549035.94,292138767028794.5,8000708996393.636,97360023405.5997,135135713627.82626,8819457166849.121,2948259764953.5215,2618888380870.4624,3511582899175.2075,2790121382432.168,14595687374150.191,14325826953557.352,NCEP,M
220,2018-05-01T00:00:00,356289228232370.25,359179020949800.9,365139985234426.3,26827442847933.5,381340087604584.06,16200102370157.744,3.4750000000000005,2.91,2.711,39.614,14.192,8.065,487253809198.0115,10627340477775.756,4008367878910.014,6767436418031.603,4865207205388.667,132423620629.18523,145237456114.6528,115198912826.76138,4140791499539.199,6912673874146.255,16289015598755.412,2560336458184.4766,12688056293510.426,121196894132270.98,17474745852939.47,15396199077039.113,144817636845787.66,82636462242212.36,88472313879365.0,123052709847053.92,94919795944792.11,342282265298576.4,345684492522884.25,7236006209972.602,60494773963.74599,74856808087.67368,7655697657235.508,1359867916493.2021,4369526430282.4023,5336231999240.41,1408809565434.9993,14006962933793.887,13494528426916.656,NCEP,M
221,2018-06-01T00:00:00,457029105750538.1,456033301481877.56,466010004186187.25,25638170473212.902,484414872392946.3,18404868206759.062,2.059,1.552,1.471,28.213,33.843,16.838,487253809198.0115,7233302266453.841,6767436418031.603,15034090906737.32,8159790517178.301,145237456114.6528,482733424403.5264,169156205362.7007,6912673874146.255,15516824331140.848,14841648504257.793,3268367874054.797,9596378656403.121,132880932320141.58,57572545945094.07,22725127376336.605,149895044796929.8,171267261184859.28,73353125349182.48,114259230508505.53,160558818531840.38,441132551389843.0,441379534623046.75,8469767033802.553,291174546683.3686,158106656062.92288,7473471888888.701,4443619275811.511,1624356558401.6274,2825061395018.142,5264763864857.146,15896554360695.129,14653766858830.842,NCEP,M
222,2018-07-01T00:00:00,748301072018442.8,741769365377179.0,786891201788577.4,66415846631982.47,808279373794630.4,21388172006052.953,6.1339999999999995,5.722,5.277,67.797,8.685,3.115,487253809198.0115,45027674625929.516,15034090906737.32,15768061442089.898,12615001640181.943,482733424403.5264,56991088295.073166,188507641486.03903,15516824331140.848,15825052530384.97,38804195148969.53,2418911585156.733,48266045336849.94,205593173126484.03,68057819456227.41,57082039334975.51,230164543512414.47,82588880877861.38,329728744927078.6,385369910808392.8,94905987113916.92,730634004147713.8,722857095009637.5,8065103542023.646,318556848998.26135,246036387081.41016,9089810368177.773,786898524735.2373,8102011909748.224,8569029416888.712,1401891240617.2952,17667067870729.008,18912270367541.555,NCEP,M
223,2018-08-01T00:00:00,561906543701853.0,548611420706383.56,594969617989748.5,55301951193636.28,610959469439474.9,15989851449726.438,7.024,6.607,6.045,71.086,9.917,3.851,487253809198.0115,39312099743909.84,15768061442089.898,17938556910743.613,12575532289129.86,56991088295.073166,772717710131.7598,203477907891.9805,15825052530384.97,18711274620875.375,28903198971228.02,1848049166733.7168,41788724813185.02,140503341398980.45,73286748282556.4,51067073446487.95,169412230589793.12,103773586770462.27,197245026029182.8,253106306793766.16,95298331364287.5,548450308409696.8,535242336265819.8,6394544392109.073,318456964632.3088,209390609606.83517,6932168638250.079,944182617898.8754,4757276014543.106,5908117672541.405,1361182823138.2656,13456235292156.188,13369084440563.76,NCEP,M
224,2018-09-01T00:00:00,403818497267268.3,425366633651900.44,430205966374572.3,28226733477082.555,446004857239901.9,15798890865329.537,3.304,2.889,2.711,44.029,13.358,6.471,487253809198.0115,12427842611753.018,17938556910743.613,3672647564253.3477,5533905069397.848,772717710131.7598,40493231544.37535,111697198748.71465,18711274620875.375,3713140795797.723,18977845191978.695,2712905767176.742,14212177004355.705,169643636107246.4,13514934555012.254,5725968484444.321,209006276778923.9,117119750394746.2,61777567906570.67,98087303518236.36,128022362565456.4,390576658504673.25,412321141805963.25,7202411766270.662,27901836293.449547,38950252367.26405,8778719622729.728,2350292939497.0977,1848247256837.002,3650183804460.067,2390623130076.994,13241838762595.09,13045491845937.174,NCEP,M
225,2018-10-01T00:00:00,211396789684925.34,213431965492301.8,214252147208218.06,10508465904922.365,221755739120791.44,7503591912573.372,1.984,1.402,1.337,28.595,31.036,14.916,487253809198.0115,3004873992348.993,3672647564253.3477,2206249517951.016,3008346675386.54,40493231544.37535,24471169187.10322,60243055608.49011,3713140795797.723,2230720687138.119,3557629693865.8994,1841605990633.0498,4251446947918.406,78177563785035.88,13630894850692.426,6488904957276.593,92790706306006.5,76108435412828.4,31915997002098.484,44405359804324.875,69456852583551.22,205180263959465.75,207794450742348.62,2620337189683.144,49194324525.93939,53460392268.97623,3749011864740.1436,1898982993988.6062,1022004163813.179,1643745149518.859,817304396873.912,6216525725459.585,5637514749953.174,NCEP,M
226,2018-11-01T00:00:00,185942970882461.5,185035392298984.56,181091101560793.38,14673014606341.568,194271163003104.66,13180061442311.281,1.844,0.8240000000000001,0.763,10.174999999999999,44.115,43.099,487253809198.0115,1492953164030.2866,2206249517951.016,2638063800357.15,2195365632343.4998,24471169187.10322,46944175522.7407,89368376719.48341,2230720687138.119,2685007975879.8906,1039661847870.4688,3210892988801.8857,3339869760862.9707,97843093506545.2,1151219402285.4045,856151384135.6083,98012876441290.23,42799681411672.945,25976199068106.945,33135370903816.242,49972873087890.67,174634297206170.0,175113167999573.25,7370990769592.258,11157922252.754658,5839658130.882183,6263317370051.961,1416092657297.6375,1626346332657.8196,2515750591270.7173,2021402674448.7764,11308673676291.494,9922224299411.312,NCEP,M
227,2018-12-01T00:00:00,127803231959012.69,127273689656791.75,123523210651378.12,11085102896957.738,134034709520902.22,10511498869524.104,1.7659999999999998,0.464,0.426,5.175,59.367,75.263,487253809198.0115,573604027433.634,2638063800357.15,1419868334234.2126,1098486178205.2435,46944175522.7407,147753706137.98343,58025587256.30478,2685007975879.8906,1567622040372.196,-1073324207006.2358,3011472196865.27,2181925623584.2527,74491889973933.66,1316042234749.3833,336627153250.3877,75437672297249.58,28426028372321.156,10483949229362.486,15692453361656.74,32683752932198.2,118946998861161.94,119921416693559.66,6208218124796.618,41954109275.356735,3004567544.7805967,5492893915975.529,1067407267467.8177,851405340185.8263,1577603138041.5295,966019597795.3815,8856233097850.746,7352272963232.094,NCEP,M
228,2019-01-01T00:00:00,104495958461036.62,104113757662663.98,99598534233969.92,10353033749880.998,109438154726809.67,9839620492839.752,1.9529999999999998,0.515,0.46699999999999997,4.9590000000000005,75.638,108.58,487253809198.0115,513413257041.24615,1419868334234.2126,689143303753.9604,1252691430197.7778,147753706137.98343,6113110784.006546,74928028081.95683,1567622040372.196,695256414537.967,-741153162978.387,2683868595607.4727,1945272049813.0098,52435185635123.2,2216096744553.374,1142432120761.2095,59610995582946.47,24129643868442.25,10534986506227.016,18528688842779.97,24602040046676.09,96235950467106.62,96964118880402.95,5100060433938.114,73768083398.19783,12467691068.294418,5493926974614.8955,873016031853.5338,699596009660.7421,2274463837070.063,882347714587.1973,8260007993930.005,7149638782261.033,NCEP,M
229,2019-02-01T00:00:00,123709317551427.6,122000353691596.16,118147232297757.62,14393235552850.695,130691680943143.83,12544448645386.213,3.206,1.5650000000000002,1.395,12.845,23.261,34.881,487253809198.0115,1848786907464.4827,689143303753.9604,2163720104881.0427,1535862061881.6902,6113110784.006546,72732697986.52548,95964899938.33727,695256414537.967,2236452802867.5684,1681019435103.2468,2666660664400.765,3788213785138.758,63459529665376.85,4173983227256.3896,1741210423899.3386,70017262017590.93,22998467932204.617,13840151937314.318,24911200873018.863,24163901225576.203,113110408894499.66,112195298407737.83,6711340170720.257,49985733258.42542,30173155026.134125,7273721886002.077,1396263449664.1165,1398968160532.306,2461131881517.424,1082379504065.5116,10598908656927.932,9805055283858.32,NCEP,M
230,2019-03-01T00:00:00,156235307815480.66,157276036975739.06,154643936595980.62,11268999490053.852,164658532173836.4,10014595577855.783,1.844,0.8109999999999999,0.756,11.131,46.918,40.536,487253809198.0115,1254403912198.068,2163720104881.0427,1834455717382.6938,1898533000147.1873,72732697986.52548,70826681175.78528,68343993439.7835,2236452802867.5684,1905282398558.479,1963962673856.2234,2625642516599.7827,2851570277230.261,63986772965616.914,5377911300819.588,2139651358847.5188,73290006992846.92,60272556583100.6,13803392913137.688,21491630393078.574,57486599394563.47,147890611300643.6,149957910601367.7,4579398342345.184,38663463672.69385,32410562580.95283,4759032646346.809,2257322226301.432,899344023649.996,1475565383609.4958,1621086240701.8726,8344696514837.064,7318126374371.371,NCEP,M
231,2019-04-01T00:00:00,313079085780487.25,312041573509747.7,309097927522806.5,24795534004781.12,326572759657292.3,17474832134485.828,3.0620000000000003,2.368,2.193,29.524,16.896,12.844,487253809198.0115,7320701870295.292,1834455717382.6938,2122278592107.4893,4123047253087.9814,70826681175.78528,21421538830.226807,130588340753.46512,1905282398558.479,2143700130937.716,6521607250649.223,2922919959826.1616,9464566138066.465,130175385788942.02,13271559969574.957,9797589999914.004,145880114378074.4,100128148311903.75,28027888662661.586,57717820494188.62,110331519782321.55,297818944594948.4,297511082792632.5,8640581965089.282,54998765541.823654,120262044341.17737,9241982018479.094,4039526106574.957,1263806078456.2537,2459771069533.454,3969703854638.0264,15260141185538.871,14530490717115.2,NCEP,M
232,2019-05-01T00:00:00,337687269472762.4,339678548009106.7,343041859432164.06,26191009072570.055,359702444039144.5,16660584606980.441,3.512,2.778,2.581,36.388,14.872,11.344,487253809198.0115,9530424465589.613,2122278592107.4893,5187475735055.7295,4572201459953.24,21421538830.226807,65621142165.491234,145313583725.13068,2143700130937.716,5253096877221.221,14631099837730.867,2723179339112.268,12047619724190.895,132003207667422.9,29660284507802.547,12262087836605.123,143730058853097.22,91180061911759.42,56860478598745.14,88119944247425.97,95555942013272.53,323565301663213.44,325806763972917.44,8082124250070.936,581953555523.0547,196906407472.01828,7973869305748.611,2297177379068.526,2785121829289.932,3545759772937.451,2530839345627.661,14121967809548.932,13871784036189.26,NCEP,M
233,2019-06-01T00:00:00,523962440889955.8,527091981291948.3,542621524300930.44,39767924061655.14,561419366019490.1,18797841718559.645,4.404,3.8649999999999998,3.601,52.730999999999995,12.851,6.871,487253809198.0115,20970082343095.496,5187475735055.7295,7704489077539.435,8982626458956.506,65621142165.491234,105645175713.84442,200123440698.93768,5253096877221.221,7810134253253.279,26656659826673.797,2618372263621.891,23898878505112.855,172980839602378.56,53112610685056.17,33558942912368.426,188093141690241.5,148646849961245.12,123732444734727.84,152972383999586.84,146079959608252.6,508159016475579.0,511018156718278.1,8007464658957.583,849702013664.6488,473459226104.5363,7966343843052.64,2426415515235.795,3917369774041.2866,4896085014078.882,3340408942911.589,15803424414376.795,16073824573670.166,NCEP,M
234,2019-07-01T00:00:00,566523418331401.6,578757299240391.8,595617268583966.5,39297115101111.69,613412672264510.0,17795403680543.445,4.011,3.61,3.3869999999999996,54.716,14.24,5.911,487253809198.0115,21501711420568.242,7704489077539.435,7711032356003.55,9876853873949.246,105645175713.84442,30579771219.583748,170829433282.68842,7810134253253.279,7741612127223.134,33667070425044.617,3022656986954.151,23891103688424.652,177168050292839.0,48614480872892.984,39499972546298.984,210158051972762.34,147976431842893.84,165388888654205.0,186578597412396.56,139853711039678.05,551223052094428.4,564015132539538.4,6099450191237.648,482197647609.1515,563319883737.3564,6980341485318.499,2703310723346.9775,4958530718784.552,5934285438651.211,2321096849141.115,15300366236973.191,14742166700853.316,NCEP,M
235,2019-08-01T00:00:00,563093568751472.6,567053227328052.6,585114447275160.5,41329935570022.46,602402449619983.8,17288002344823.184,4.437,4.109,3.8379999999999996,58.17099999999999,12.181,4.989,487253809198.0115,24041933225199.277,7711032356003.55,6408647860031.182,9446999207668.06,30579771219.583748,20198240338.17426,161229157785.62885,7741612127223.134,6428846100369.355,26688825444922.22,2958705978247.8457,25961670543317.12,164782298751377.4,59321639933236.766,38224936895778.96,193670690911605.5,203714320939752.94,109523141203252.56,141034326909077.5,190228656823717.3,547755883495986.8,552744128871812.1,7674776944846.326,204953838837.12653,300437025572.8809,7585069145413.791,3639385286805.1514,3040570220978.355,3723085998261.401,3478505251011.191,15337685255485.758,14309098456240.465,NCEP,M
236,2019-09-01T00:00:00,381204571241226.8,381174578692444.6,395700104293093.1,27409826218012.14,407396557329458.9,11696453036365.793,4.408,3.971,3.714,57.328,13.6,5.279,487253809198.0115,15713373181646.348,6408647860031.182,6462000206041.523,7123605233070.091,20198240338.17426,20004575664.6645,115210883135.73409,6428846100369.355,6482004781706.1875,15736539229778.592,2297870040115.071,17442103899615.445,111195001801221.72,43044949607583.875,35461486403320.945,119813075915252.53,59384148153395.42,127007486554083.44,165216410805230.2,81930488110516.34,371257047163168.3,371796000187436.2,4736963847904.951,156421626734.07996,319830412523.412,5605739981834.402,974853349268.254,2076914154508.1467,3915876468361.903,1539502741931.831,9947524078058.52,9378578505008.46,NCEP,M
237,2019-10-01T00:00:00,266808746737072.9,267691443854677.3,271548111247465.7,17668390932503.297,283143134093138.2,11595022845672.5,3.016,2.237,2.1,34.374,20.342,12.984,487253809198.0115,6073368086830.797,6462000206041.523,4611969258651.384,3985394762783.7705,20004575664.6645,230017388768.09055,105988689788.99208,6482004781706.1875,4841986647419.475,5316047104152.011,2419149568177.8823,8190553988860.002,116119174658348.11,15034303501686.14,6894931301331.306,127643355129214.33,62277056665356.16,44097167714663.87,72059751744058.69,71970761654389.97,257350914369094.28,258745587999954.3,5762799751146.436,159863811857.41473,92650297547.38171,5625316645716.976,998421994543.7069,1577028108209.7668,2603960324741.1084,1583647288938.855,9457832367978.633,8945855854723.014,NCEP,M
238,2019-11-01T00:00:00,203503108280142.72,208580426527978.88,205333143734467.2,15764380577778.17,218210643671301.78,12877499936834.611,2.5829999999999997,1.406,1.306,18.313,25.99,22.306,487253809198.0115,2886880640943.5586,4611969258651.384,1034706658092.2563,2500968454432.5,230017388768.09055,19234775279.29813,89437914321.19315,4841986647419.475,1053941433371.5544,4176153672973.7603,3273341530018.1084,5302934181691.34,98616343049778.23,5549756125395.509,2967637923430.9824,110621508504654.06,51286833399266.914,24480928659048.938,40400864900347.84,58343309605585.09,193271679272823.97,198995502894683.62,6102364978500.05,45386805722.76062,52997945033.18409,6601249382791.997,1697640692916.9841,1279544479089.6353,2378425390868.521,1658742965690.8582,10231429007318.74,9584923633295.252,NCEP,M
239,2019-12-01T00:00:00,151652248591789.9,152250514438881.1,152077814618270.56,12147104343072.367,161093942339942.62,9016127721672.066,3.29,2.059,1.907,25.775,15.631,15.986,487253809198.0115,3130976621400.3013,1034706658092.2563,1459210634787.45,1578682924898.1646,19234775279.29813,39197652914.414505,67273466986.39497,1053941433371.5544,1498408287701.8645,4173709311715.841,2341288896490.214,5003730727975.424,71552799954640.08,1631002346862.3735,845076055132.1495,83932087279091.89,54110311262164.695,11869088025928.184,18019922480035.312,48182695603625.25,144528109751972.25,145614873255507.7,3807196715778.6714,10032912888.472912,16387169381.97374,4474189720068.152,2252297794809.6675,782781471124.883,1048257159847.3323,1368637079291.9033,7124138839817.645,6635641183373.411,NCEP,M
240,2020-01-01T00:00:00,116575245136310.75,116332410941792.5,116081387726161.27,11801230964889.16,124962715747872.89,8881328021711.633,3.803,2.5149999999999997,2.283,24.742,17.82,21.965,487253809198.0115,2919902943177.527,1459210634787.45,1833363022896.7053,1678439552996.3071,39197652914.414505,164204252628.96796,86203099580.538,1498408287701.8645,1997567275525.6733,3176227731314.305,2218634593827.007,4414102941896.494,52793272922913.81,4438903451263.021,3753696441192.674,54778340756066.36,29963782602094.36,16591034446349.633,22716562800031.656,34025643107689.04,109227314766232.5,109833921761368.06,3966894317026.659,145034429669.94806,259075853544.72943,3649427784180.756,1218495002244.5579,1121574655336.1917,1903465197262.3047,1582452311237.543,7347930370078.251,6498489180424.438,NCEP,M
241,2020-02-01T00:00:00,129877572261876.45,133463083614810.1,131223100581364.56,9373942885750.33,139460026047030.73,8236925465666.171,2.169,0.8659999999999999,0.8089999999999999,12.13,40.226,31.896,487253809198.0115,1137017420084.1594,1833363022896.7053,931635536355.537,1577161174207.7305,164204252628.96796,20296265628.722553,52107199759.042206,1997567275525.6733,951931801984.2595,3676893285997.2725,2199392919543.568,2845617724171.9463,62331087350378.945,1720779184422.235,1286285405404.9583,74479555976547.23,42980111437002.6,11420145636519.094,16915967160140.531,39825366523348.52,123513451352927.03,127445847320837.1,3508413246348.9355,30433636548.599007,51426563305.31031,4165086481325.1006,1819604201242.0684,662527972508.5299,984676898053.1018,1159188203590.769,6364120908949.416,6017236293972.999,NCEP,M
242,2020-03-01T00:00:00,189383280787876.72,189096314846925.16,186952872891413.28,14388742467651.531,198721918070265.34,11769045178852.066,2.527,1.401,1.3010000000000002,18.207,25.188,22.493,487253809198.0115,2619697288799.465,931635536355.537,1890430096912.518,2128521494227.8547,20296265628.722553,102907809754.52351,79198746751.38283,951931801984.2595,1993337906667.0415,3374137453405.9,2907469874131.9717,4724795441665.953,83713309655655.11,4149067886965.682,2318435402820.689,99892738085284.8,60847184843244.766,17216800238360.986,32860700125799.332,59079041142223.34,179739630027519.88,180337647352834.8,6048497206506.917,39155628200.54316,35618181257.39805,5981613408639.535,1742543338417.406,1229291413413.3284,1816992034175.135,1508607043836.9453,9643650760356.855,8758667494090.352,NCEP,M
243,2020-04-01T00:00:00,169172546855293.66,170254292886496.25,169393989694053.4,9625164881638.725,177653360145717.97,8259370451664.58,1.657,0.8059999999999999,0.763,14.19,50.203,32.485,487253809198.0115,1365794429974.145,1890430096912.518,2476153998339.0874,2285577310014.5063,102907809754.52351,1703896801.7604814,61622330194.6056,1993337906667.0415,2477857895140.8477,2932060435598.375,2114537200339.612,2806672177793.4175,52245180546778.48,14773073450383.717,7977739520425.797,56264831105993.86,82165286027312.3,14266122306889.738,20068755866686.312,78807136654653.53,162456961961202.88,164111163517920.88,3216431128890.008,95927230209.53848,66122647898.47904,3092101031815.49,2711632669995.003,303577006603.20795,721398447307.2936,2651524099947.144,6715584894090.783,6143129368575.381,NCEP,M
244,2020-05-01T00:00:00,378216632793994.75,382017441296985.1,383953690519272.25,25085732980060.766,400160877487177.6,16207186967905.408,3.076,2.3120000000000003,2.171,35.393,16.523,10.215,487253809198.0115,8878546012155.357,2476153998339.0874,3540381773532.874,4732143133968.302,1703896801.7604814,54377613611.92477,121900110412.70326,2477857895140.8477,3594759387144.799,13796256087087.57,2738195401510.6694,11810481321599.203,134554850328500.34,14439833288055.486,10049063910719.146,161156438865537.25,158629234136667.25,48924556356985.56,61709936656448.17,144081998913561.84,364943085032334.94,368602827424140.2,6448365221946.605,82302113215.67189,101810053753.99498,7757629338863.433,3938987529398.16,2490084987735.092,2784384956561.044,3084597433030.7305,13273547761659.805,13414613872844.928,NCEP,M
245,2020-06-01T00:00:00,463771239453076.3,458944525390474.3,473202866557011.4,32422022941520.68,490325962899250.25,17123096342238.836,3.848,3.2329999999999997,3.026,47.187,14.158,6.71,487253809198.0115,15298926599281.844,3540381773532.874,9735673562295.854,7219898749016.212,54377613611.92477,191064671384.5849,142585667537.2887,3594759387144.799,9926738233680.438,16804191128867.426,3246869758837.113,18207829770606.37,165411637018598.56,22627626377044.953,19140600226137.266,189523005135998.75,128153699798662.38,108361720868404.03,136905486852375.75,124747010842661.4,449611423895773.94,445259363224109.1,7679469612127.137,206500266405.77707,215328010704.58005,7638737407145.54,1911393125486.5098,3732289297426.6777,4353624808984.157,2107635195387.2002,14159815557302.385,13685162166365.195,NCEP,M
246,2020-07-01T00:00:00,554626295797039.06,557341494211528.7,585451050988122.2,46249435459015.71,601649473506415.2,16198422518293.023,5.607,5.133,4.757,64.976,10.886,4.634,487253809198.0115,30051012940722.688,9735673562295.854,9016899339530.053,10552653278019.836,191064671384.5849,96982175151.8551,187154617525.038,9926738233680.438,9113881514681.908,31953355320176.72,2366660250263.3203,32827436845978.402,196522331824621.9,32165238176328.855,26383248304957.08,203310486780168.0,146730452369825.12,149222738342209.3,171759329355982.2,158908251503907.6,541395361855386.3,543606714802613.75,7463121309349.303,201253796613.38834,248980116722.16858,7104454998398.322,2140871519230.1677,3531414772655.497,3377960996351.0874,2897655841247.7085,13230933941652.727,13734779408914.918,NCEP,M
247,2020-08-01T00:00:00,656273906904550.6,658823771123618.4,673654962834894.0,49412561926852.07,697723992763030.9,24069029928136.793,4.377000000000001,3.762,3.505,51.29,12.261,5.716,487253809198.0115,25343531998715.277,9016899339530.053,5857399875133.056,10024066142152.914,96982175151.8551,72601569219.8963,194724417900.01987,9113881514681.908,5930001444352.952,24709515934142.707,3481955977616.367,29488264430754.445,229319533880370.0,39957901655203.89,36192671941238.64,279999437779670.62,127323814125696.11,173858887101095.6,243610571636300.16,144493071993036.34,636446591583604.9,638309298529006.5,8918589851529.451,154589749311.19263,302022848601.8727,10917906559743.324,1592687722626.6975,6924764909609.589,9014014898187.748,2517211375947.765,19827315320945.77,20514472594611.87,NCEP,M
248,2020-09-01T00:00:00,344976549973349.5,357689966242711.2,370366247714757.6,29045155146775.492,381975295835338.2,11609048120580.559,5.283,4.707999999999999,4.365,60.031,10.512,4.705,487253809198.0115,17436107026194.934,5857399875133.056,2494908843800.019,6109459264024.253,72601569219.8963,19160590198.781612,113941781194.24529,5930001444352.952,2514069433998.801,26733591184104.023,2206405345822.532,19564854913904.094,118709407989222.03,31973122428641.086,20770677250789.867,128302938628253.98,101570504480763.9,74071388469382.5,94518261588922.14,113959034430775.94,335568851309698.0,348306483957053.5,5587341427250.047,165731421914.0042,238898111626.47177,5133505919906.1045,1523235199452.8762,1445117949030.3774,2058223925322.108,2639126994807.2314,9407698663651.504,9383482285657.717,NCEP,M
249,2020-10-01T00:00:00,235453001711830.8,241209673269370.7,239730388026399.78,11855536264797.777,250108442821024.66,10378054794624.885,1.6070000000000002,0.616,0.587,12.462,58.844,31.451,487253809198.0115,1477481470172.893,2494908843800.019,2157223537352.1482,2804527442815.5327,19160590198.781612,29086574534.932465,62457936961.463005,2514069433998.801,2186310111887.0806,6906393725281.191,2859155997991.742,3853303422094.9927,122805802422828.72,5311892496385.058,2145186332228.5605,137342572654665.8,56801435613518.266,29049655238058.01,45717505090751.26,62015740677843.78,227469929459326.8,233719861066952.62,5345264474026.153,39401781662.64287,17256408788.679188,5593357516830.826,994272481494.2861,1068760284375.2806,1626278888194.885,788292619549.3086,7983072252504.003,7489812202418.058,NCEP,M
250,2020-11-01T00:00:00,188756966891969.25,186961053626051.75,189390927822325.44,16218246468451.938,199574759902894.06,10183832080568.611,4.109999999999999,3.186,2.935,37.208000000000006,12.271,10.084,487253809198.0115,6034414387883.326,2157223537352.1482,2319317468342.6685,2468265551668.026,29086574534.932465,279764799338.641,84511561240.3198,2186310111887.0806,2599082267681.3096,4651273231132.679,2230497795148.455,7784126260639.863,82117387717594.44,5509532002833.298,3816023974213.5947,91699114927161.03,43196053541596.83,35346056182015.3,51222468025287.27,46732780981333.23,180351933258692.12,179287484093342.88,4469931282540.185,27887865737.30226,54873973143.70346,4704087687221.361,1379644989654.5159,1566149193711.0132,2500583387938.738,1375444786039.1968,8405033633277.141,7673569532708.875,NCEP,M
251,2020-12-01T00:00:00,125433596770398.95,128863456620951.33,126206230906152.8,9190177616455.05,134751929235122.44,8545698328969.642,1.905,0.511,0.47600000000000003,7.013,56.994,66.716,487253809198.0115,644479287485.4088,2319317468342.6685,1008089576516.0227,1184876993255.9355,279764799338.641,22735818903.078987,57791435183.80368,2599082267681.3096,1030825395419.1017,2506082261861.905,2453683844486.5923,2403963378179.08,78533309904864.03,544956051047.2951,159132423043.77396,74635189792035.03,34429993308287.508,3876943047124.038,5804711695266.299,43737089061251.336,118927147331461.62,122794177951457.69,4938058394615.676,26422380183.132156,9114252029.728155,4000181133734.1953,1031916447981.7335,211173114242.8071,527360344310.1926,1831502041333.5068,6506449438937.33,6069278669493.641,NCEP,M
252,2021-01-01T00:00:00,143570625735369.06,143942355009347.84,141250144382768.53,9769187895528.629,150503771579431.28,9253627196662.744,1.7340000000000002,0.365,0.34099999999999997,5.277,68.455,64.428,487253809198.0115,515560698865.884,1008089576516.0227,837029164876.8217,1138472178849.9314,22735818903.078987,16955585531.773129,44645759973.49273,1030825395419.1017,853984750408.5947,710449327564.4136,3258559253376.065,2448872566568.5234,72604304516998.5,571584013930.793,292769949601.22437,78467813041910.7,55601357811951.77,6690959972363.377,7774613946760.553,52233885623118.32,136273046225312.03,137964242651323.19,3963845754389.567,5410569063.342061,2821956900.3722,4118427921443.787,2812057989399.3794,421810504317.61584,518853809367.707,1432463363199.9116,7297579510057.025,5978112358024.657,NCEP,M
253,2021-02-01T00:00:00,173636160688104.3,174320336237000.97,173168418866895.56,14331291080534.617,184209397598309.06,11040978731413.479,3.086,1.9,1.755,22.959,16.605,14.142,487253809198.0115,3290312349121.1387,837029164876.8217,1448814876834.3489,1951259389081.6113,16955585531.773129,56318367426.58882,69242991493.36966,853984750408.5947,1505133244260.9377,4625636423173.492,3039283273735.236,5344644812008.544,76770847483824.56,3431278727352.4775,2334755847936.083,88171264985858.05,60829348394592.67,20423915349020.54,24731518278756.67,54348500115821.586,164666470005110.0,166374959178052.66,5101621488277.563,36366672721.614975,56835946229.52383,5154526886597.079,2601945275696.625,1046080146095.194,1209287972790.5884,1708403353534.4277,8969690682994.3,7945377058948.316,NCEP,M
254,2021-03-01T00:00:00,192618727473515.16,188839194772930.47,194725990275537.25,20409131575655.93,207027362102091.72,12301371826554.46,5.287,4.164000000000001,3.769,39.726,9.237,8.107,487253809198.0115,8107759749101.47,1448814876834.3489,5360184190322.213,2415976153091.751,56318367426.58882,401210014986.1022,88349553266.02621,1505133244260.9377,5761394205308.315,8584487965335.79,2132363719404.8103,10294409448676.486,77782881822571.17,7535605670163.576,5144244373702.757,96563627271116.8,39426318198919.26,29726739346391.07,60206879318769.14,45245424348867.11,182560323713962.3,179071396636538.56,5492928049559.294,141803841015.96762,70658368815.18596,6218699130891.721,1261311354562.0747,1866107136111.275,3233505986616.3027,1541188028372.945,10058403759552.855,9767798136391.908,NCEP,M
255,2021-04-01T00:00:00,285779318065894.5,290645324299892.9,292908458578399.9,26221946486750.605,309511995930153.4,16603537351753.477,4.061,3.2840000000000003,3.0140000000000002,36.681000000000004,11.522,10.687,487253809198.0115,9618409134997.129,5360184190322.213,4096161174860.4087,3694116533856.657,401210014986.1022,72565864107.62941,142764203951.05887,5761394205308.315,4168727038968.038,12891748167692.174,2802950694928.806,11894993931326.691,96105584690928.83,23289181269630.164,20151401109024.92,102584411426432.69,79323481541916.28,62437795938132.14,76273108183586.64,88605914838017.8,271853575525456.66,276917303472212.75,5956245592187.17,520509334959.13983,416759154813.5939,6626127908232.335,2828107719401.126,3476891476497.3545,4724630074035.924,3104492107991.277,13925742540437.812,13728020827680.105,NCEP,M
256,2021-05-01T00:00:00,410504409117439.25,419038464530028.06,419064841058570.0,25669700653908.03,437245754559642.4,18180913501072.383,2.642,1.7870000000000001,1.6840000000000002,29.174,19.063,11.08,487253809198.0115,7488787152835.65,4096161174860.4087,3711156386141.5254,4605094864346.852,72565864107.62941,46051266749.63638,111527184759.80359,4168727038968.038,3757207652891.1616,15611323002370.21,3378591930254.751,11071490623445.781,158717697457305.06,5717103393932.318,7124357467323.285,199948397675262.62,163176388859813.78,48773555690045.45,66960321166642.52,149843137289742.28,395978764951084.6,404282194048982.7,7187756327706.998,40696035327.89467,119601933776.27014,8992194122475.404,4405074872294.154,2601822731226.1694,2813211032577.1997,3121557592015.887,14525644166354.623,14756270481045.355,NCEP,M
257,2021-06-01T00:00:00,506285846466079.8,511294789567997.4,519812850975618.1,34883852379018.082,540184270733856.06,20371419758237.97,3.4619999999999997,2.792,2.616,41.602,15.924,7.918,487253809198.0115,14512432620780.115,3711156386141.5254,6857120690539.948,7702986231854.983,46051266749.63638,160662521969.2634,159598858215.24097,3757207652891.1616,7017783212509.212,22781951462123.402,3875621561599.7773,17996076211942.133,219402202205147.9,19327921656728.156,11635027000677.348,242030926970281.34,140109773303953.42,80855595736543.16,118297119055974.83,152745209709583.53,489444121565753.5,494959654073136.1,10387118696072.969,118749370935.88863,46446094754.72557,10078991506429.494,2648109800373.286,2756403851550.4766,3760050309125.3345,3380990765945.3853,16841724900326.312,16335135494861.244,NCEP,M
258,2021-07-01T00:00:00,608392121541531.8,614308336033730.6,639556760102845.5,42120825860688.6,655202384243751.4,15645624140905.84,4.577,4.14,3.884,62.855000000000004,13.512,4.522,487253809198.0115,26475201719782.76,6857120690539.948,8832629373544.9,11539605331297.875,160662521969.2634,93138977499.66873,160903068341.52048,7017783212509.212,8925768351044.568,34299401463350.535,2693608031661.203,29274671714481.285,170806596409550.25,57188491595469.33,53036448489986.57,181845004903748.3,188153853250550.28,187052361991545.03,183709731767206.66,175363600524056.62,595706629917293.8,601449459014819.2,5746874481957.977,250195966809.80145,562048822913.3129,5438946357405.611,3077407037979.3154,4470553905495.075,3299161281387.446,2699180789200.9355,12685491624238.05,12858877018911.424,NCEP,M
259,2021-08-01T00:00:00,521202834554895.9,529465434149564.6,544693148092418.25,32285961552109.617,560887871105436.06,16194723013017.805,3.456,2.954,2.789,49.84,17.034,6.54,487253809198.0115,16091238539091.812,8832629373544.9,9293887788486.04,8841813913442.133,93138977499.66873,113357347756.81639,141438842779.11572,8925768351044.568,9407245136242.855,24835314974904.375,3189327889832.0894,18825863873851.01,185419838267956.28,51993646880244.77,26545064014692.93,220575765809507.2,145028567795846.7,111027430181448.38,150842405775641.06,132976553558880.89,507835875854136.94,516573396430081.25,7153663702270.6045,161342761736.88702,99401863465.99821,7891786971990.533,2815128786798.261,2358173722048.5483,3298764348224.0723,2480734263707.4365,13366958700758.938,12892037719483.404,NCEP,M
260,2021-09-01T00:00:00,442037102968494.3,452945739353585.6,461607835486665.2,32884864514675.188,478587527920722.56,16979692434057.36,4.093999999999999,3.4459999999999997,3.216,48.366,13.949,6.49,487253809198.0115,15905172080617.828,9293887788486.04,4391430077903.5728,7395558093813.588,113357347756.81639,56586039395.05539,143365453775.36267,9407245136242.855,4448016117298.628,21854579449939.188,2294009012167.943,18899763434496.035,170024164082631.4,20265953340703.43,18980300131863.395,200627352143518.97,96223150422416.23,105735245306361.27,142937744599160.94,111688091183681.89,428165359236072.0,438316641974265.56,6733852553095.072,122177777504.43788,244008719048.56693,8873580854608.107,1164929648337.1187,3591183662082.9883,5728952811941.575,2042155085124.5017,13871743732422.334,14629097379320.035,NCEP,M
261,2021-10-01T00:00:00,286128267494616.8,291623577506320.4,291166971086012.4,22343985370240.797,306961264432661.4,15794293346649.008,3.232,2.249,2.089,29.313,17.577,11.322,487253809198.0115,6549692023591.789,4391430077903.5728,3163514577436.5723,3713613251550.03,56586039395.05539,102344842758.76096,99667941871.89046,4448016117298.628,3265859420195.333,10862845338011.215,2660858958785.2725,9410968547541.27,119622715657861.88,13542352395941.312,9190647819424.533,149065728431570.9,47311496411856.41,54219619311544.55,97126976822169.53,61764787821977.8,273251836711312.34,278592487961034.56,6887635879134.34,83871921444.49567,167885270138.7528,8704573343727.918,916499658261.3503,2553691253340.729,4904409975770.03,1688953026772.648,12876430783304.473,13031089545285.791,NCEP,M
262,2021-11-01T00:00:00,165003006897034.88,168686683426378.3,169540483149125.62,12309532397477.191,177644956067653.34,8104472918527.709,3.485,2.48,2.3120000000000003,34.161,13.561,9.059,487253809198.0115,4205059478949.483,3163514577436.5723,1174624159966.5825,1900839132006.487,102344842758.76096,7769644162.184345,52908692522.39352,3265859420195.333,1182393804128.7668,5805270399301.273,1868031037531.393,5907847792539.9375,70358879928289.49,876165470206.9817,861134040771.9072,84247097524382.94,61351483974674.69,20885983533070.66,26132169191120.277,56448764668958.53,158703667134856.38,162458011196619.1,3018906848663.4414,19562526207.29091,42353509274.39202,3377669347424.9604,1783869231922.4524,1313999757456.4556,1454210172318.2068,1517440598670.5195,6299339762178.492,6228672229759.227,NCEP,M
263,2021-12-01T00:00:00,134226125248261.1,136095112525721.97,134626220910668.02,7321728799912.475,141540323843112.28,6914102932444.256,1.474,0.303,0.28700000000000003,5.567,107.141,80.008,487253809198.0115,407625867468.2186,1174624159966.5825,983409899898.3347,1408819996249.2354,7769644162.184345,10296718363.20177,43834864901.58563,1182393804128.7668,993706618261.5365,2087925958866.1418,2467537891216.2046,1983966808108.282,65969614209699.6,2650491556323.5664,962900637176.7439,72136883128028.73,48118440019844.625,10782948939931.469,13845178033898.133,46088520578377.65,128896132900619.1,131658844202661.4,3028391235999.6025,45022379612.66533,13383761864.072485,3013810509310.4287,1175783200062.4517,534261487336.37463,1112434149715.8806,843173946801.0922,5329992347642.008,4436268323060.562,NCEP,M
264,2022-01-01T00:00:00,103845554249460.1,106078944860984.73,104027966501258.75,8237039418470.599,111220608759158.56,7192642257899.819,2.484,1.004,0.9299999999999999,12.679000000000002,41.754,42.311,487253809198.0115,1044397160570.7792,983409899898.3347,668273750921.6754,1406697552435.589,10296718363.20177,27084137997.94009,59394158418.7346,993706618261.5365,695357888919.6155,2979439050524.319,1861777966959.5044,2584528034523.92,47473578910672.52,1746597961918.0215,1129030705333.8726,54487159470236.93,34860849522811.96,10657957950567.643,14739880445058.248,33883449333090.58,98203339583876.61,100775164715813.17,3057566330085.7656,13774052335.553795,28050708925.732876,3456688245585.673,1645456463846.3257,487970979008.4754,911141162725.6517,1345346868241.8613,5642214665583.477,5303780145171.563,NCEP,M
265,2022-02-01T00:00:00,97687447137320.11,98301059896210.06,96065919530720.6,10012888937083.34,104354543610587.22,8288624079866.625,3.1550000000000002,1.7950000000000002,1.625,17.22,19.894,28.537,487253809198.0115,1724264857216.7146,668273750921.6754,957277870124.0853,1225076820964.5312,27084137997.94009,8500872306.799475,73222694749.93292,695357888919.6155,965778742430.8848,2608298470448.1973,2056775304993.9412,3030929666122.0723,48248006598576.695,2385666448140.304,883640721158.8314,52584285049963.33,29804219656963.64,5956173242806.209,11796705027657.62,31151587253564.598,90732572004356.78,92077711994474.44,4314180802274.932,112138507231.24582,34003091530.49053,4167106507501.657,1417759219545.2476,563718764999.3888,1188932019612.6558,1380384122003.3389,6954875132963.326,6223347901735.631,NCEP,M
266,2022-03-01T00:00:00,261056661013488.34,263550916198202.66,258611931738406.75,21830773911082.883,276687424034687.03,18075492296280.297,2.879,1.452,1.3390000000000002,17.202,20.202,18.335,487253809198.0115,3755281614802.584,957277870124.0853,1758289173142.536,2447192206062.003,8500872306.799475,33761156238.85677,92543144574.19873,965778742430.8848,1792050329381.3926,7075808422386.734,3898828688966.133,7445628782217.511,142035290906872.66,2467921806694.612,2019856197279.501,142048397731496.53,71627379689100.03,17166064963513.254,30997489963677.59,87725629281342.28,246680016756929.78,249408013783046.7,9876117930835.145,11031169084.610052,19569193728.556442,9549040676347.266,3106030443562.7085,744737157631.3804,1374926688432.163,3838093412092.7183,14376644256558.572,14142902415155.975,NCEP,M
267,2022-04-01T00:00:00,233738944454356.03,236156749417468.72,235000723648510.72,14987931404780.36,246903910706387.94,11903187057877.223,2.348,1.313,1.234,20.582,26.926,17.018,487253809198.0115,3084744346903.136,1758289173142.536,2556421023348.114,2768691461809.019,33761156238.85677,39318423480.76799,72910174491.45374,1792050329381.3926,2595739446828.882,6306238433041.373,2633034560648.6177,5518387275863.662,108877359459539.78,5455944987641.431,5215505879208.229,123078123122988.73,77614634128349.83,22734568413103.0,32595662014580.33,75657278825565.75,224303161481678.2,226925915349298.94,5814621932291.852,54766596089.50226,100325509822.66583,6231429338060.306,1923515440518.4211,880929261850.8705,1597320090044.9011,2063708872169.1143,9435782972677.84,9230834068169.793,NCEP,M
268,2022-05-01T00:00:00,319511372588302.3,324630668384501.6,324508446718565.0,19506496712086.13,338987645414839.4,14479198696274.383,2.451,1.549,1.461,25.772000000000002,27.785,15.37,487253809198.0115,5027298015811.746,2556421023348.114,3618900530438.4956,4505897896157.939,39318423480.76799,22341032812.26454,103854405141.7258,2595739446828.882,3641241563250.7603,11192095865022.863,2763073688710.725,7952661841786.2705,106406910110397.62,37647958943493.08,14767625251353.453,132378112913061.81,133894881429302.56,25522499798489.754,52927439350429.62,117388312691295.58,307996856141483.25,312936884346340.2,6533522532323.092,116376999788.55884,71795860026.58162,6955492114626.242,3996290967091.07,477563567559.64417,912907087378.3488,4144351356187.0234,11514516446819.092,11693784038161.469,NCEP,M
269,2022-06-01T00:00:00,480741110960133.44,480449532145402.06,495223049477573.25,30924188106346.25,511267707207855.44,16044657730282.195,3.51,3.005,2.828,48.116,15.202,7.307,487253809198.0115,14879530376064.055,3618900530438.4956,10487882901704.205,7539767239607.687,22341032812.26454,163347935653.53195,150996457210.385,3641241563250.7603,10651230837357.736,21597940937619.715,2786821095588.3086,17380123027327.314,138323910706104.88,27461441523093.883,23499225210181.645,187832383027484.72,192297587163218.16,74829528658553.03,113098663834422.02,177231690339410.12,467219386913926.75,467355043548541.75,6143855718079.959,253409326856.16553,412721338563.3217,6834089431576.2705,4084087451278.5283,2500665274593.6807,2881059538284.865,3506324563834.211,13521724046206.672,13094488596860.328,NCEP,M
270,2022-07-01T00:00:00,599269254431235.9,608928937426327.4,635937593382777.9,45325987455467.42,656126197388089.6,20188604005311.797,4.455,3.9530000000000003,3.6900000000000004,55.459,12.338,5.339,487253809198.0115,25137383450155.625,10487882901704.205,15063801188581.334,10004450025507.79,163347935653.53195,230014151432.048,180396640718.12274,10651230837357.736,15293815340013.383,39439651150319.52,3570881831637.017,28332562587695.16,249121895843619.03,26338208837011.22,24838364140554.742,249515571893231.3,119887094791715.0,164907684460056.28,188591822723228.34,151779764416202.56,582439177499117.1,592541229606501.4,9555309992574.7,129149279289.10172,204169374714.5963,8896707711300.197,1852414046293.3274,5068076159692.793,5218183518536.11,2293774669543.9478,16830076932118.734,16387707819826.04,NCEP,M
271,2022-08-01T00:00:00,752593269412219.4,753527354795028.1,777303337671936.2,62666200650506.9,803585371959659.1,26282034287722.938,5.194,4.681,4.332,58.06,10.662,5.007,487253809198.0115,36384166362783.96,15063801188581.334,5668850334575.202,12513648787759.45,230014151432.048,65470591095.20771,244869080836.16116,15293815340013.383,5734320925670.41,27758757181049.17,3952439471232.197,40371256917929.0,304937556450195.44,62000766759946.15,29126697180990.938,365193172662468.75,150953219930010.8,132426926150510.17,245510866269876.44,171642364846506.97,730528339831073.5,731263230419432.0,14195970578498.703,271403175554.99915,150335142093.76703,15233866417667.117,2926842457962.8496,3012188314292.8774,4791781402590.529,3746666468081.1836,22064929581145.85,22264124375596.18,NCEP,M
272,2022-09-01T00:00:00,318830400041042.5,327341230168125.6,335247287291323.1,14206363992831.719,343674294356360.9,8427007065037.734,2.265,1.7239999999999998,1.654,40.681,30.346,9.072,487253809198.0115,5779356927793.984,5668850334575.202,6497283166850.598,5846025534681.482,65470591095.20771,80305560290.1422,72819434108.62065,5734320925670.41,6577588727140.74,15133454844680.707,2162750304746.4436,7592725168014.818,110519932078259.0,32248196769028.977,27367367811537.133,120306198099201.19,75100130776746.73,85576872565706.92,99294801140777.97,83026011522520.69,312282231807320.8,321157278956457.75,4213989146027.158,65694215340.153915,164202238334.75497,3782218466483.457,908758945274.3029,808685329522.0809,1261217904085.475,1527353200322.1523,6548168233721.691,6183951211667.845,NCEP,M
273,2022-10-01T00:00:00,249270447780995.12,255364690173003.53,255773412603488.84,14869847184084.686,266843813585643.5,11070400982154.643,2.325,1.485,1.4040000000000001,25.551000000000002,29.344,15.765,487253809198.0115,3799446201930.043,6497283166850.598,3186295267627.755,3596457709895.3027,80305560290.1422,43954721086.75597,80508044500.25505,6577588727140.74,3230249988714.5107,6546349855273.857,2301712324604.936,5947161099558.887,110439724936512.69,8513157701717.113,5625623547379.463,132442719119516.17,53542312664917.164,45339241474106.414,70820406107950.17,60344837940962.52,240428067256759.47,246639956236302.22,4883916713903.327,42579528093.80565,68035742342.05064,5915493517988.133,1043768658937.0693,1662503000315.4697,2846659409053.2104,1104157890303.8923,8842380524235.656,8724733936701.301,NCEP,M
274,2022-11-01T00:00:00,199749479703717.44,200640087917905.97,197267936810207.47,15877081115364.371,210017765718851.22,12749828908643.734,2.946,1.585,1.467,19.697,23.127,18.902,487253809198.0115,3127252206720.6377,3186295267627.755,507222071467.58923,2410779269918.8296,43954721086.75597,18611854358.736717,82100027707.8522,3230249988714.5107,525833925826.3259,1313444345625.4663,3040214433167.6914,5811629454346.7295,106495126042895.2,2899660975979.052,1401929358588.6091,118404158450913.23,37211004383421.09,23902813857423.84,44619922978881.66,45742452000077.02,189727982763786.56,190949085284393.16,6499484359050.244,6112398528.982723,7669586949.321543,6784898217982.258,1348022302343.0298,1516678212865.7542,2166320691588.29,1383313804135.8257,10021496939930.885,9691002633512.82,NCEP,M
275,2022-12-01T00:00:00,154015880002949.88,151694506607743.72,148193073605493.78,11859515891344.453,159444586951854.28,11251513346360.49,1.764,0.41000000000000003,0.38,5.127000000000001,63.577,70.203,487253809198.0115,608002544983.963,507222071467.58923,1634584359629.8503,1246941527162.0637,18611854358.736717,91221564446.68733,57370526187.2671,525833925826.3259,1725805924076.5376,-513398846504.5874,3409984799231.4043,2614289615335.212,79485856315171.05,738701769327.6271,226390024869.94794,76164470686620.55,59239864271795.734,5481494939513.824,5837154969462.618,61559532235066.74,144789265581299.38,143944199630528.72,5335243020467.158,3883209664.2893834,2702143924.0702777,4950418556707.962,3514269716083.848,324334621401.86554,374399541175.4298,2471670589440.876,9226614421650.506,7750306977214.992,NCEP,M
276,2023-01-01T00:00:00,129997171814728.58,131603417458962.38,130013864256788.64,9796105434649.062,138731126927531.05,8717262670742.412,2.391,0.83,0.772,11.013,35.237,36.196,487253809198.0115,1078842763906.6509,1634584359629.8503,1341640441113.1707,1226299144810.829,91221564446.68733,78784997184.16542,52486799831.57682,1725805924076.5376,1420425438297.3362,2379707922202.807,2598502865851.952,3108781164577.8296,66742560836754.64,716234310641.2408,556135756031.7238,74309435011585.98,42816931687289.164,9809092703582.512,13285440829028.496,40728680625287.91,123401069109104.03,125563442651097.64,3940508295730.3384,7529208876.8902025,18827209452.34441,4108310768002.2075,1683238668674.099,754002661715.686,953528531767.7638,1170132169269.951,6596102705624.545,6039974807864.734,NCEP,M
277,2023-02-01T00:00:00,123190917071235.34,124682936037274.02,124460068633614.08,13671173881692.48,134122606034210.33,9662537400596.238,4.816,3.221,2.902,29.322,12.324,14.272,487253809198.0115,4008636481096.241,1341640441113.1707,1035963315262.2648,1764412718000.725,78784997184.16542,9579056970.331396,85136276337.03717,1420425438297.3362,1045542372232.5962,5125772382719.941,2399859236652.096,5994268386401.85,55130978741131.66,3826690396795.4434,2587965321793.0254,63083175157523.25,30858585724052.75,15729311846721.363,27015266786151.438,34790659530909.914,115592796573128.88,117429836931949.97,4384780754355.7485,142932496454.91873,82425726367.47212,4799881480162.972,1150010149982.3186,1113714300960.286,1980903867400.9277,1196570827745.8677,7598120498106.467,7253099105324.044,NCEP,M
278,2023-03-01T00:00:00,154731676863436.5,154696762778256.8,155346386137176.9,8489232506455.717,163162690495881.16,7816304358704.261,1.7409999999999999,0.43299999999999994,0.411,7.927,83.982,46.099,487253809198.0115,672928147751.4563,1035963315262.2648,3366776953505.9844,1823029303289.3884,9579056970.331396,107843633501.8162,41695555967.79478,1045542372232.5962,3474620587007.801,3067092277505.8315,2286460975898.8237,2704846154558.873,72169616078397.73,3589931563191.1553,1305538327847.3506,85279006250460.03,49227237075946.52,15103061457140.422,26254478086318.402,45302763758320.48,148956869568510.0,149274763029112.06,3523968632449.722,4983968412.130198,5731005694.552535,3978471648522.9316,1145285762455.4543,510354364732.79596,1099821894326.7842,928189767476.9006,5774807294926.513,5421999749144.759,NCEP,M
279,2023-04-01T00:00:00,319034820052532.5,319971993927296.1,321636716766227.4,30798336952325.61,341432518612275.25,19795801846047.867,4.423,3.421,3.1220000000000003,35.724000000000004,9.034,9.179,487253809198.0115,11002535106277.742,3366776953505.9844,3767453210803.0903,3313341447403.7856,107843633501.8162,126969339933.974,140259503602.23096,3474620587007.801,3894422550737.0645,12359511113610.783,3339555839270.3384,14226546126131.516,133194463257623.58,12765886399257.857,13615181639155.592,151899688359861.1,80648952056749.7,43668321050951.09,75112275906311.39,95308821619222.75,302570872859840.25,303642717429292.75,7872298611177.49,503480876384.0902,686714895403.0355,9441690888367.547,2820155961939.0605,3333493539689.241,5084777724172.693,3050611193562.5093,16463947192692.28,16329276498003.387,NCEP,M
280,2023-05-01T00:00:00,416637891922195.06,424656124158353.5,425026528275876.8,29970604362141.164,445208523293646.06,20181995017769.234,3.1390000000000002,2.303,2.1510000000000002,32.661,16.605,11.589,487253809198.0115,9788609344371.932,3767453210803.0903,3905345227972.8374,5243067455626.316,126969339933.974,53055102108.40725,152470050696.6519,3894422550737.0645,3958400330081.2446,17870819450356.816,3253436087000.165,13340562627728.86,165461261858816.8,25495134024022.75,28005317146602.957,182425234056854.4,90288390345191.8,94598965881227.9,116379850177105.17,105261286458070.11,400134819527716.75,407780620420175.1,8523356992602.977,470276724196.4125,573750434717.5559,9254619880410.562,1522299187976.368,5050570493828.949,5883665779181.429,2100036639742.4832,16503072394478.328,16875503738178.406,NCEP,M
281,2023-06-01T00:00:00,418096355154394.75,424160752729291.4,435451276063476.94,22240408446851.664,449021073358548.1,13569797295071.186,2.5909999999999997,1.991,1.894,38.986,23.302,9.108,487253809198.0115,8670611151780.479,3905345227972.8374,10312408220973.154,6734842094076.288,53055102108.40725,247553861515.84875,109678502013.84364,3958400330081.2446,10559962082489.004,21336570459987.383,3018587890640.8467,11281770675224.412,114137774652553.77,38089142320352.16,23594432745478.77,125267218290022.25,145120796913439.2,111737447526411.58,124337768173404.16,138763289030493.4,407190772484875.9,413857097167279.4,5553154523907.827,260995985802.02887,199834752536.26074,4789706441946.083,2342313260100.067,2750233082282.9814,2810280132974.689,2502720051980.9136,10905582669518.844,10303655562012.008,NCEP,M
282,2023-07-01T00:00:00,660835097844645.0,661249065456612.2,689560414210632.9,45561531931560.414,709466145318086.2,19905731107453.414,4.112,3.721,3.49,56.31,12.301,4.962,487253809198.0115,25655800824107.0,10312408220973.154,16551011640990.475,10180342064467.615,247553861515.84875,199105013521.95312,171116577061.52975,10559962082489.004,16750116654512.428,32259923182756.875,3113127147726.639,28353835884575.82,189132583860702.97,56345811827097.02,59767964596145.95,235474017606127.28,211611707274663.44,160950751942678.0,183362699927663.78,191884985309164.28,643874955659176.2,644655566685066.6,7408471107391.159,246780025876.83713,891006947264.5822,8556808441328.611,3954079426653.199,4273892093107.606,4706584704159.801,3516018211232.5728,16960142185468.742,16593498771545.627,NCEP,M
283,2023-08-01T00:00:00,520640864695786.6,539865294000321.06,553334318796429.56,29260240255305.1,567918819753760.1,14584500957330.64,3.144,2.6519999999999997,2.519,50.156,20.986,7.092,487253809198.0115,14675739297974.46,16551011640990.475,7763465459298.458,9935055005697.77,199105013521.95312,73967836401.8104,139886851011.35397,16750116654512.428,7837433295700.269,24987485116987.707,2818443935265.687,17397648649182.223,172826393689407.9,59054783881897.95,37256105812890.375,199258712276573.2,134090755701876.67,120756935214232.23,164804122899010.75,149102773315245.47,508977378103185.7,528173204687948.9,6646627785555.801,181439417963.6648,226803588598.89673,6462225087987.28,1549306789894.166,2536501043874.3335,3240748428552.06,2511923762546.931,11663486592600.924,11692089312372.21,NCEP,M
284,2023-09-01T00:00:00,417644828294761.7,426333591883428.3,438289605081373.3,29469670457701.016,452752037699041.0,14462432617667.691,4.091,3.424,3.2079999999999997,50.924,14.021,5.546,487253809198.0115,15007237840033.324,7763465459298.458,5441788001613.283,7013886158500.444,73967836401.8104,145117589552.68442,115606954316.13812,7837433295700.269,5586905591165.968,21445473646726.035,2902113167142.3623,17929427134743.95,161204732614699.62,30121311178865.164,20571640630206.6,183874829482243.25,69526177256606.17,121147017720165.19,154876002306694.0,79775231563742.44,406178552808206.44,414918389945016.06,6719263064117.358,69491304907.32011,110766587835.62051,7459687873189.818,878651306939.8383,2618026287330.8535,3757594527662.44,1267996472984.2537,11466275486555.256,11415201938412.246,NCEP,M
285,2023-10-01T00:00:00,231150854149596.2,236435060618681.03,238045175791530.4,13049080040041.305,247565949577352.8,9520773785822.406,2.2239999999999998,1.482,1.405,27.039,34.921,16.732,487253809198.0115,3528306254218.8975,5441788001613.283,3685293509369.988,3974537687562.098,145117589552.68442,17108427711.11948,79349317477.93428,5586905591165.968,3702401937081.1074,6928009092183.158,2133569175189.5764,5294917823436.842,102244349765743.28,13978956444427.611,5291691069831.107,122868337263839.45,68618640416218.73,24633546473883.293,47387128270751.31,67584124276573.266,223541809522544.4,229064964458723.6,4499796686283.658,193901472398.6048,67544413454.9197,5046653481481.589,1081475263884.7859,706888931527.5065,1960228263428.4148,1422652274549.7312,7609044627051.779,7370096159957.432,NCEP,M
286,2023-11-01T00:00:00,216065762095733.03,220561509271905.25,217026243536521.66,13574893639326.547,228708435035958.06,11682191499436.408,1.9529999999999998,0.872,0.8210000000000001,13.943,30.926,24.272,487253809198.0115,1892702139890.1392,3685293509369.988,783590350203.824,1951106476378.9568,17108427711.11948,2414856646.289514,63803795261.003624,3702401937081.1074,786005206850.1135,3472052613416.8438,3122393035953.995,4238527493663.2217,111009942209411.38,1933868098588.5518,780125602446.404,116088666953493.03,76179803880542.86,16817617523761.031,18776632685380.17,77163973116811.98,206746504377780.8,212004125692654.6,5298490583618.09,4539232014.625458,9430410164.701508,5556574869961.078,2793648260227.0986,1224845489334.8843,1217688463942.3164,1771423987940.0688,9319257717952.207,8557383579250.656,NCEP,M
287,2023-12-01T00:00:00,182189898104442.47,179702715477999.06,178590286844652.8,15156920039144.91,190590513353759.56,12000226509106.754,3.1780000000000004,1.7680000000000002,1.629,20.827,16.203,16.796,487253809198.0115,3156693530038.1562,783590350203.824,1885188212753.5154,1649900473167.596,2414856646.289514,80671556803.80405,71264834164.85303,786005206850.1135,1965859769557.3193,1849365451722.4146,3246725157748.893,5675212963033.835,90506871642460.05,1276999128394.157,1246788894269.8335,92388406522988.45,59826528730390.11,15962489232503.902,21130416617857.707,61401990784978.96,172710605884977.7,171029885668865.47,5201275594327.913,9684425584.564281,37035033612.32348,5205840281064.916,2365333431311.7207,1459566304724.013,1875648160212.8296,1997738797760.0962,9479292219464.787,8672829809133.589,NCEP,M
288,2024-01-01T00:00:00,113791800291911.72,114632527455411.36,115615921680063.5,9197916723803.115,122464906946404.47,6848985266340.979,3.374,2.032,1.882,25.538,18.819,18.579,487253809198.0115,2348931457462.1367,1885188212753.5154,1903680838034.7449,1425925043742.0383,80671556803.80405,143067561917.43567,58657713450.49892,1965859769557.3193,2046748399952.1807,3270547242446.5586,1885000809891.1926,3900630290059.819,52354701307424.055,2780083179014.5894,1956047776111.006,59605886090234.6,37583223885161.5,11546612277132.342,16681212446275.67,35879029005587.41,108575185414972.23,109811610551968.94,2687157679409.0415,58989052949.696655,86199302307.38768,3018024727361.1675,1275201639578.2593,798101566658.6586,1168056255644.8042,945801556472.8926,5216614876939.492,4820916903442.415,NCEP,M
289,2024-02-01T00:00:00,141016001983081.47,143136471175313.06,141332659153002.1,17378766821562.467,153706463880908.62,12373804727906.52,5.117,3.5409999999999995,3.1530000000000005,28.799000000000003,10.286,16.785,487253809198.0115,5004962093655.946,1903680838034.7449,930008070448.5033,1775149262082.4773,143067561917.43567,30075194094.71345,120703396482.39142,2046748399952.1807,960083264543.2168,6038766201709.975,2378442085010.441,7231467304810.502,67251353148646.7,5863304864221.575,3992274285340.557,72288098487763.81,24391940152577.305,24820744351335.652,35376202441682.37,30199036074422.05,131011770028246.94,133171183777743.1,5471024435739.482,435356083847.6138,281070909261.6504,5859378997217.3125,762554411270.1934,2608300738812.5913,3489582198563.2036,1062251577692.4595,10004231954834.53,9965287397569.977,NCEP,M
290,2024-03-01T00:00:00,211326290833861.7,213569595789062.9,213168625124130.75,16314455175682.777,226681498562662.44,13512873438531.697,2.435,1.314,1.221,17.172,24.426,21.066,487253809198.0115,2801581737151.0806,930008070448.5033,4938010483844.912,2207505480659.797,30075194094.71345,101651499527.56303,79325814588.07948,960083264543.2168,5039661983372.476,9124465411741.799,2882071236603.5015,5190169553063.33,97586127987543.61,2758094714289.323,2010518963797.7266,111387245197907.52,68013171247926.83,15594095957757.047,32622262206068.77,73301009217268.61,200232080405336.94,203040445087222.5,6265356845148.984,17806814096.634438,43652991831.499344,6999588796444.474,2699880245565.7065,951555583911.2502,2085320345978.545,2560199507388.0415,11094210428524.734,10529150701840.4,NCEP,M
291,2024-04-01T00:00:00,276826519831372.66,279031702272488.12,282210351520831.6,24217227968775.234,296754018085367.06,14543666564535.398,4.643,3.428,3.157,39.945,11.893,8.232,487253809198.0115,9673561404239.836,4938010483844.912,1711077434840.3127,3835057488766.0806,101651499527.56303,4085547091.129156,110599235612.57503,5039661983372.476,1715162981931.442,8554244795231.059,2903865764503.2026,13103287115127.486,114679012233647.61,9515167555806.152,7575736080626.869,139747039240147.03,68136118160234.59,45789876718268.97,75423364002743.38,72343903456641.7,265814230477252.47,267395986970863.84,6062190653249.952,149418383312.6637,134942282343.35135,7152158478628.174,1423540871512.7148,2826369535791.0923,3391615547014.164,1507768903892.3381,11012289354120.184,11635715301624.268,NCEP,M
292,2024-05-01T00:00:00,351066341761847.4,353205189383206.06,357111727465213.4,18959794360602.6,369980770624368.2,12869043159154.816,2.346,1.706,1.6199999999999999,32.125,27.634,12.872,487253809198.0115,6090751201447.786,1711077434840.3127,5741975420837.804,5429315939129.035,4085547091.129156,105265717147.82619,105378614215.36156,1715162981931.442,5847241137985.63,12361676974015.848,2550392560406.9644,8377947547614.32,90112520417593.08,37698511299794.89,18468353130769.99,133570149340699.84,120318609217517.92,58879089483664.59,111589097730069.25,112844054372601.84,340488580495950.25,342991804496761.25,5221348905223.456,115249923718.57709,218770172542.63022,6087666793156.012,2224566363831.295,1719177649818.086,2913075824299.772,2291290519752.1426,10577761265897.152,10213384886444.816,NCEP,M
293,2024-06-01T00:00:00,474074016583077.8,473051411846110.75,486645442089438.94,31520616540452.395,503251440437455.0,16605998348016.053,3.567,3.065,2.878,47.317,16.431,7.9,487253809198.0115,14914618192436.342,5741975420837.804,9408981044910.404,8168899111145.499,105265717147.82619,149806964133.69208,163642987645.58813,5847241137985.63,9558788009044.096,17603560319983.3,3282882009213.6587,17358358579630.857,153527576671351.94,32005575722026.355,18078290455307.195,190243133167230.22,170462340684503.72,83017436945115.27,117948816528241.33,154611956630525.78,460017024339404.1,459878102464897.6,6993229773342.556,181346433730.24603,169573115209.54895,7243953766701.8125,3484813265261.5635,2667924781682.5894,3409376089860.0425,3080084399098.458,14056992243673.71,13173309381213.105,NCEP,M
294,2024-07-01T00:00:00,591567642341238.9,602647122186570.1,622480737985798.9,37524103207529.31,640548991714870.0,18068253729071.105,3.5380000000000003,3.1260000000000003,2.948,51.849000000000004,17.864,6.929,487253809198.0115,19455849478458.207,9408981044910.404,12709853048057.158,11211450203239.043,149806964133.69208,224614121777.09927,181203577603.36914,9558788009044.096,12934467169834.258,33911008388251.918,2947101157783.8374,22020301297009.5,184798924512506.72,60334717140729.42,41383993676335.055,216240003141477.0,175061701413311.7,148915445567205.75,174969027792699.38,162260417791320.12,576213647394852.8,587750583640732.2,7095492776269.955,371077112565.52234,436662058445.3372,7172967077476.355,2518829494013.54,4876150202695.243,5303010617657.291,2476344153100.717,15353994946386.121,14896538545837.836,NCEP,M
295,2024-08-01T00:00:00,684700125757147.9,677534647169144.2,709205010050906.5,53056282120053.29,730321319575990.6,21116309525084.188,4.837000000000001,4.504,4.19,60.199999999999996,11.641,4.829,487253809198.0115,31939972594969.1,12709853048057.158,13956067907628.355,11994185768194.346,224614121777.09927,479813966290.64935,207292246419.01572,12934467169834.258,14435881873919.004,26275908650504.008,4047699056992.621,34303091536481.055,214449912328962.25,68906106272555.75,53651089078885.61,245130634063911.84,194826572050500.5,153896746495338.75,203243975837004.38,193012363774990.75,666171549295352.8,660945850606797.1,8368513994353.407,308323244252.0966,601114800488.6273,8924946195077.566,4191202824513.623,4126756831768.077,5367744842439.479,3228770291249.3643,18528576461795.137,16588796562347.105,NCEP,M
296,2024-09-01T00:00:00,728398935617538.5,724289659907090.5,742675383508591.6,67555039690542.984,771730357051873.8,29054973543282.1,5.704,5.183999999999999,4.752,56.991,8.299,5.234,487253809198.0115,38500066147260.88,13956067907628.355,1975467277569.7354,10650284758620.84,479813966290.64935,59274604319.58446,279855882081.4146,14435881873919.004,2034741881889.3198,21989650304501.223,3044148243653.356,42361807159522.45,238199297799689.06,43306857562270.58,24140263948662.703,340410860806717.4,85163585386457.33,203842068863691.28,356182369917999.56,110778321838820.14,703685517052808.6,698338109071499.4,11415354375640.764,312926637601.1813,234963431975.61536,15858745803880.797,1753050022613.0742,7492845009030.687,11310050734500.436,2287033385078.448,24713418564729.887,25951550835591.113,NCEP,M
297,2024-10-01T00:00:00,312112821074958.8,312420511325362.56,317833033519254.1,22414960147467.65,330901034630346.3,13068001111092.217,3.627,2.941,2.7470000000000003,41.699999999999996,15.131,8.276,487253809198.0115,9346959036375.432,1975467277569.7354,4550747865199.561,4562145289848.085,59274604319.58446,104132830705.95917,103973476029.78178,2034741881889.3198,4654880695905.52,12274788247465.828,2298440464987.826,11527201997420.018,117165483417385.98,16016823478124.652,9473952014218.16,146618857953614.56,62608394642322.44,69071899677476.3,112036507455304.14,70047502547419.055,301284337529230.75,301755083656634.56,5058877684160.885,129920226828.29645,161181531097.00177,6257725695528.237,890360257730.1772,2909681889021.31,4718064072739.982,1368099857350.1262,10828483545728.047,10665427668727.97,NCEP,M
298,2024-11-01T00:00:00,210698102336741.88,215795298640830.03,213287288095561.88,15075754913484.752,225503383883408.28,12216095787846.418,2.378,1.341,1.252,18.969,29.699,20.545,487253809198.0115,2859659125638.3335,4550747865199.561,1537542029726.654,2831002685756.931,104132830705.95917,53567896552.44542,81598532591.12651,4654880695905.52,1591109926279.0994,4893084651902.494,3045870351359.7324,5071104973137.008,97262357559378.53,3087100460662.782,1907621179391.704,110881413289600.81,55324959834791.41,30485521332509.098,46302646653538.46,62224606009925.54,200797585227100.1,206678641092698.22,5218774733308.563,31836384534.64167,33469271443.02879,5729042779579.58,2366565412183.0376,1570568199274.019,2281707692707.1567,1785210184743.5586,9900517109641.785,9116657548131.799,NCEP,M
299,2024-12-01T00:00:00,124263071904760.38,124967660496277.47,122940165195343.39,9844154808912.305,131822680778273.22,8882515582929.83,2.083,0.782,0.724,9.769,42.714,50.505,487253809198.0115,961639225982.4745,1537542029726.654,1691996969045.0647,1325015775730.4348,53567896552.44542,79239827828.85974,65279160144.33985,1591109926279.0994,1771236796873.9243,1846354683395.6704,2522844336583.9194,2560939153236.6167,57791950622398.69,2077891202479.0776,1298677661489.6235,62718753291124.8,47025950723545.555,9918501582441.719,10916845138203.273,43972082997016.11,117033424145637.14,118687229073061.7,4091058737971.077,56844954965.19888,27100803633.824986,4042412861571.7275,2068942552283.6697,758919052289.2866,1042545665234.6704,1422254554389.553,7229647759123.242,6280431423215.766,NCEP,M
300,2025-01-01T00:00:00,146293763520015.6,147237457887199.6,146014308678577.1,13192150327678.113,156638439233588.47,10624130555011.371,3.144,1.7590000000000001,1.6129999999999998,19.466,16.844,19.408,487253809198.0115,2568019772666.7417,1691996969045.0647,2088706471066.748,1395362098931.7776,79239827828.85974,192994163725.72647,66990190420.21283,1771236796873.9243,2281700634792.4746,4022177989451.0674,2528179200263.3374,4591101499651.315,68485835151605.914,2050889746142.687,978539096281.7703,67660671740673.09,59225521745320.66,8041477588932.982,9082058526609.293,61581461632110.28,137771954519817.64,139334500707859.05,4653348826557.869,34265338529.48056,27169623917.416576,4362394263868.7837,3083774964986.534,692262660676.3691,757515584736.1191,2814034916265.909,8521809000197.939,7902957179340.543,NCEP,M
301,2025-02-01T00:00:00,94496061711519.19,96624880704573.28,96718985606784.77,6332823502457.459,102710973465578.19,5991987858793.429,1.7000000000000002,0.35200000000000004,0.331,5.382,88.695,79.596,487253809198.0115,340835643664.0305,2088706471066.748,2503750437403.712,1079651915181.002,192994163725.72647,126293706811.5831,40370663293.617325,2281700634792.4746,2630044144215.295,2817998143082.4136,1811502126354.6199,1644546493493.5227,47703446621948.88,1823754298391.805,614918190241.5591,49974052478220.61,33152217767802.523,4229661479983.5547,8530196286288.018,36543220419291.55,90000778866280.98,92570688675887.53,2736323082132.391,11166134807.758629,3340744209.5444565,2763362081574.1133,1189072423520.3655,200255072789.30554,566546595375.9093,1079408739514.5669,4495282845238.21,4054192028685.7446,NCEP,M
302,2025-03-01T00:00:00,182876892030150.7,186931712307659.75,184372272841159.25,15431751206884.906,196549324128625.47,12177051287466.207,2.997,1.765,1.629,21.090999999999998,17.82,17.312,487253809198.0115,3254699919418.6997,2503750437403.712,1604782938326.331,1870931122939.2043,126293706811.5831,14957519003.051676,75734655535.97963,2630044144215.295,1619740457329.3828,6299216481383.066,2472004860458.402,5525866531836.692,81708725362934.31,3911887696394.721,3839156557870.7676,94892426254282.92,59528846746210.85,17496342214551.656,28020572394898.12,60940967205766.93,173097301061914.06,177241623370996.22,5423955603805.728,147686603205.6363,145497537266.3432,6339009720100.428,1960214264607.2812,1308887665059.2043,2249923562557.2783,1894504948298.2515,9779590968236.629,9690088936663.521,NCEP,M
303,2025-04-01T00:00:00,305805874357961.7,304801456248285.06,305422683557903.0,18267806880680.156,320825645578425.2,15402962020522.215,2.01,0.938,0.885,15.681999999999999,32.147,22.109,487253809198.0115,2864844860157.942,1604782938326.331,5872850525499.72,3069836887616.101,14957519003.051676,128258190285.10129,87969081303.31442,1619740457329.3828,6001108715784.821,6241795051356.389,3884844446315.4146,6138236125620.29,129673628572320.47,4399625592146.258,3600018271928.668,132266183355506.9,126110280327569.75,24387404843917.3,34307333950086.0,132358383115212.52,293691261121904.9,293411596906783.0,6497030645194.847,20533864682.004765,44446850735.942245,6391038821239.219,3995914590257.4326,1550643676435.1777,1577221149868.5962,3427642979145.659,12114613236056.816,11389859341502.06,NCEP,M
304,2025-05-01T00:00:00,455575091379183.75,455669113542040.2,461949761867783.0,34919974476402.082,482745265995920.25,20795504128137.242,3.779,3.058,2.843,40.448,11.359,7.005,487253809198.0115,14124470348264.84,5872850525499.72,5737615346537.2705,5175586835581.401,128258190285.10129,177901990648.2955,132988910186.76431,6001108715784.821,5915517337185.566,14132901063701.344,3703799917580.511,17456835267934.68,182038458298807.1,12972978801864.928,17147263135598.316,183178264314645.94,160471435201297.84,67396963761986.69,78583053725298.19,175207104374813.5,438240210361001.44,438755311253311.06,8413101921342.342,156847375298.4367,447808761473.9826,8871280228954.38,5516032528784.692,3111061521574.869,2957937806581.2856,4774613162901.444,17334881018182.3,16913802288729.13,NCEP,M
305,2025-06-01T00:00:00,447502615015330.6,460109114561761.7,470931613775512.75,31760411267169.477,487453479398566.44,16521865623053.693,3.766,3.2359999999999998,3.031,47.980000000000004,15.797,7.975,487253809198.0115,15238545644115.783,5737615346537.2705,6686172415501.871,8024210406837.956,177901990648.2955,48523147205.45099,168777606114.4165,5915517337185.566,6734695562707.322,28664223624791.64,2876585551547.755,17733083513826.668,125722705491764.28,32874342090649.625,39472131111200.68,146900306265995.56,170031882924548.78,94560626033360.73,98426469725122.34,172177083456178.3,433653189252636.1,446512357846184.25,6027010204296.366,451867203992.5551,776730061814.0402,6443828845794.246,3208525640314.573,3169134620675.7085,3837159856269.537,3531926045114.933,13849425762694.516,13596756715577.443,NCEP,M
306,2025-07-01T00:00:00,763558230649083.2,742539235746089.8,782200273403499.5,67573320903076.3,805654258752102.5,23453985348603.047,5.942,5.64,5.192,65.291,8.823,3.445,487253809198.0115,44119335554473.25,6686172415501.871,13273500032646.643,12557474952534.45,48523147205.45099,134104748731.65802,204310104444.1074,6734695562707.322,13407604781378.3,29773249369145.336,3227359061036.242,46480059664603.555,191097067676805.03,77091948420148.39,41012192005714.48,259466297885261.12,151701111085118.97,237105741845649.1,358703121790177.56,148782725555190.6,742513492557816.0,722446713706249.2,8223155898069.626,239535666367.77835,153697516079.00763,10483191518641.193,2352108885658.1704,6741547827603.606,10315775791460.482,2628247027227.9644,21044738091267.29,20092522039840.543,NCEP,M
307,2025-08-01T00:00:00,654548785649710.2,661026275265353.5,688206580860851.5,61206872108705.09,711512927233048.1,23306346372196.617,5.982,5.507,5.0569999999999995,61.922,9.123,4.021,487253809198.0115,37900525736508.48,13273500032646.643,6539238898892.516,11153538447212.424,134104748731.65802,20068272057.031067,204813817435.44672,13407604781378.3,6559307170949.547,37529718209979.33,2758334221410.012,41169010107078.72,255231898283869.44,38408045957178.0,25843715217251.75,310275312010904.7,105291142332143.95,152390087648011.28,248278272563550.34,139424886238786.34,634645028396815.5,640498331854880.2,10440075365593.84,157569250592.31952,133072752299.89932,12817992083082.805,1604104974178.0652,4775456989788.481,7726504160822.912,2776925087009.622,19903757252894.715,20527943410473.227,NCEP,M
308,2025-09-01T00:00:00,415400885848920.0,421661946479527.3,429160541380580.9,27333983210098.47,444295229841150.8,15134688460569.918,3.6470000000000002,2.843,2.672,44.631,15.534,6.226,487253809198.0115,12199294749528.55,6539238898892.516,4221607207715.091,6316978277954.384,20068272057.031067,109406938314.7937,105487692066.84537,6559307170949.547,4331014146029.885,16232062453303.309,2652292359638.7227,15649976757867.77,177520239957430.03,20625710995066.367,13375653139038.672,211759701566576.97,63249781267313.2,99653986810788.02,149591273304964.47,77249558042566.64,403736947668746.3,409288957414998.0,6497422140431.141,77011915166.99985,102512822355.9767,8414978245163.324,581370784215.0107,2855085320161.412,4482632433171.54,1025913584037.5972,11663938180173.668,12372989064529.334,NCEP,M
309,2025-10-01T00:00:00,345246326504567.25,345407331964149.4,346713963655967.75,33831870523248.105,366698315829382.56,19984352173414.82,4.771,3.994,3.639,40.93,10.689,8.026,487253809198.0115,13847518349833.287,4221607207715.091,2134615006180.9695,4774518140131.087,109406938314.7937,2531748277.4154105,149386247772.84344,4331014146029.885,2137146754458.385,11814656589339.96,2611548479886.6357,16542288459392.219,152233655582069.2,12805246099345.469,11447107104827.324,194036606097223.9,41654426106646.914,61779222456193.15,122730962585482.67,59415985537632.125,328066151379026.1,328037060190394.6,8710775248064.911,162406414688.25354,219441726534.1717,12096276328598.973,1049412106561.1245,3719807701371.717,7200546044380.886,1391781329095.794,17180175125541.094,17370271773754.736,NCEP,M
310,2025-11-01T00:00:00,204300247689893.62,204568346360469.56,205622264078859.06,13993319653058.219,215503997719595.5,9881733640736.436,2.987,2.0,1.872,29.382,15.574,10.278,487253809198.0115,4111586012321.783,2134615006180.9695,1660212651676.8555,2134473034046.1292,2531748277.4154105,137338465470.22304,58693428607.05754,2137146754458.385,1797551117147.0786,4040089013669.7266,2996381888697.6763,6141718385197.86,97389575216627.61,6621484516933.106,5044677319329.783,108660405333653.25,57446099768948.86,25711754789326.6,36570825865404.414,56826688402071.41,196451178170310.7,197820333041984.34,3904969792430.5366,144866741389.17584,189091985613.58282,3984440667782.3594,2040785040672.797,1323464117763.5713,1714222700866.027,1295241791550.1194,7849069519582.943,6748013318485.226,NCEP,M
311,2025-12-01T00:00:00,179658581118755.88,181125231188149.22,177967481799629.44,13659686455567.383,189910366015631.53,11942884216002.092,2.315,0.9650000000000001,0.8959999999999999,12.567999999999998,30.274,31.067,487253809198.0115,1716802239565.291,1660212651676.8555,1180980605117.1743,1676576567383.1272,137338465470.22304,74655704167.46706,71688086848.25186,1797551117147.0786,1255636309284.6414,2641537502221.0596,3410420921309.963,4119077595762.86,96883364078941.92,1970040494916.6199,1016517741091.9635,97622066446645.02,59185909069882.96,9241719335301.135,13169519834504.707,63833597321886.63,170255310724421.56,172667423598749.4,6296050537597.884,116813656522.57721,32435759391.63432,5389024783502.084,2288789177130.3564,531790078301.32056,785994920214.4253,2420179071073.8237,9403270394334.3,8457807589399.805,NCEP,M
